0	0	0	0	0	0
256	0	0	262	1	0
512	0	0	519	2	0
768	0	0	770	2	0
1024	0	0	1021	3	0
1280	0	0	1278	3	0
1536	0	0	1523	4	0
1792	0	0	1775	4	0
2048	0	0	2026	5	0
2303	0	0	2298	5	0
2559	0	0	2542	5	0
2815	0	0	2794	6	0
3071	0	0	3045	6	0
3327	0	0	3286	7	0
3583	0	0	3547	7	0
3839	0	0	3799	8	0
4095	0	0	4053	8	0
0	256	0	0	253	0
256	256	0	259	255	0
512	256	0	516	257	0
768	256	0	768	257	0
1024	256	0	1015	257	0
1280	256	0	1271	257	0
1536	256	0	1518	258	0
1792	256	0	1767	259	0
2048	256	0	2020	259	0
2303	256	0	2288	260	0
2559	256	0	2536	260	0
2815	256	0	2794	261	0
3071	256	0	3032	260	0
3327	256	0	3272	260	0
3583	256	0	3531	261	0
3839	256	0	3790	261	0
4095	256	0	4037	261	0
0	512	0	0	503	0
256	512	0	257	506	0
512	512	0	513	507	0
768	512	0	764	507	0
1024	512	0	1010	507	0
1280	512	0	1265	507	0
1536	512	0	1510	507	0
1792	512	0	1761	508	0
2048	512	0	2011	508	0
2303	512	0	2280	509	0
2559	512	0	2530	509	0
2815	512	0	2782	510	0
3071	512	0	3029	510	0
3327	512	0	3263	509	0
3583	512	0	3521	509	0
3839	512	0	3778	510	0
4095	512	0	4032	510	0
0	768	0	0	743	0
256	768	0	256	746	0
512	768	0	512	748	0
768	768	0	762	748	0
1024	768	0	1006	745	0
1280	768	0	1262	747	0
1536	768	0	1509	750	0
1792	768	0	1755	748	0
2048	768	0	2005	748	0
2303	768	0	2272	748	0
2559	768	0	2523	749	0
2815	768	0	2773	750	0
3071	768	0	3022	750	0
3327	768	0	3255	748	0
3583	768	0	3516	749	0
3839	768	0	3770	748	0
4095	768	0	4024	749	0
0	1024	0	0	982	0
256	1024	0	254	986	0
512	1024	0	509	988	0
768	1024	0	759	988	0
1024	1024	0	1007	988	0
1280	1024	0	1262	989	0
1536	1024	0	1508	992	0
1792	1024	0	1754	990	0
2048	1024	0	2002	989	0
2303	1024	0	2267	988	0
2559	1024	0	2522	991	0
2815	1024	0	2772	992	0
3071	1024	0	3015	989	0
3327	1024	0	3258	992	0
3583	1024	0	3514	991	0
3839	1024	0	3770	991	0
4095	1024	0	4018	989	0
0	1280	0	0	1230	0
256	1280	0	253	1235	0
512	1280	0	507	1237	0
768	1280	0	757	1238	0
1024	1280	0	1003	1237	0
1280	1280	0	1259	1239	0
1536	1280	0	1503	1241	0
1792	1280	0	1751	1240	0
2048	1280	0	1999	1239	0
2303	1280	0	2268	1240	0
2559	1280	0	2516	1240	0
2815	1280	0	2766	1241	0
3071	1280	0	3015	1241	0
3327	1280	0	3251	1241	0
3583	1280	0	3506	1239	0
3839	1280	0	3764	1241	0
4095	1280	0	4015	1239	0
0	1536	0	0	1463	0
256	1536	0	252	1468	0
512	1536	0	505	1470	0
768	1536	0	755	1471	0
1024	1536	0	1002	1472	0
1280	1536	0	1257	1473	0
1536	1536	0	1500	1475	0
1792	1536	0	1748	1474	0
2048	1536	0	1998	1475	0
2303	1536	0	2266	1476	0
2559	1536	0	2513	1474	0
2815	1536	0	2762	1475	0
3071	1536	0	3010	1476	0
3327	1536	0	3244	1473	0
3583	1536	0	3502	1474	0
3839	1536	0	3759	1474	0
4095	1536	0	4012	1475	0
0	1792	0	0	1702	0
256	1792	0	252	1711	0
512	1792	0	505	1708	0
768	1792	0	754	1710	0
1024	1792	0	1001	1712	0
1280	1792	0	1256	1712	0
1536	1792	0	1498	1712	0
1792	1792	0	1744	1709	0
2048	1792	0	1993	1709	0
2303	1792	0	2263	1710	0
2559	1792	0	2511	1712	0
2815	1792	0	2759	1712	0
3071	1792	0	3004	1711	0
3327	1792	0	3243	1711	0
3583	1792	0	3499	1710	0
3839	1792	0	3751	1708	0
4095	1792	0	4005	1709	0
0	2048	0	0	1941	0
256	2048	0	250	1949	0
512	2048	0	503	1950	0
768	2048	0	751	1950	0
1024	2048	0	999	1952	0
1280	2048	0	1255	1956	0
1536	2048	0	1495	1953	0
1792	2048	0	1741	1951	0
2048	2048	0	1991	1952	0
2303	2048	0	2260	1954	0
2559	2048	0	2507	1954	0
2815	2048	0	2756	1954	0
3071	2048	0	3004	1955	0
3327	2048	0	3237	1951	0
3583	2048	0	3495	1952	0
3839	2048	0	3751	1953	0
4095	2048	0	4002	1951	0
0	2303	0	0	2205	0
256	2303	0	250	2214	0
512	2303	0	502	2212	0
768	2303	0	751	2213	0
1024	2303	0	997	2213	0
1280	2303	0	1253	2215	0
1536	2303	0	1496	2217	0
1792	2303	0	1742	2214	0
2048	2303	0	1991	2215	0
2303	2303	0	2262	2218	0
2559	2303	0	2508	2216	0
2815	2303	0	2757	2217	0
3071	2303	0	3003	2216	0
3327	2303	0	3236	2213	0
3583	2303	0	3495	2214	0
3839	2303	0	3750	2213	0
4095	2303	0	4004	2214	0
0	2559	0	0	2437	0
256	2559	0	249	2447	0
512	2559	0	501	2447	0
768	2559	0	751	2452	0
1024	2559	0	996	2449	0
1280	2559	0	1251	2450	0
1536	2559	0	1495	2456	0
1792	2559	0	1740	2450	0
2048	2559	0	1988	2449	0
2303	2559	0	2256	2451	0
2559	2559	0	2503	2451	0
2815	2559	0	2754	2453	0
3071	2559	0	3000	2452	0
3327	2559	0	3238	2452	0
3583	2559	0	3492	2449	0
3839	2559	0	3748	2450	0
4095	2559	0	4000	2448	0
0	2815	0	0	2674	0
256	2815	0	248	2684	0
512	2815	0	501	2687	0
768	2815	0	750	2689	0
1024	2815	0	994	2683	0
1280	2815	0	1250	2689	0
1536	2815	0	1492	2690	0
1792	2815	0	1736	2683	0
2048	2815	0	1985	2683	0
2303	2815	0	2251	2685	0
2559	2815	0	2500	2686	0
2815	2815	0	2748	2687	0
3071	2815	0	2995	2687	0
3327	2815	0	3237	2691	0
3583	2815	0	3490	2687	0
3839	2815	0	3743	2685	0
4095	2815	0	3997	2686	0
0	3071	0	0	2913	0
256	3071	0	247	2919	0
512	3071	0	499	2921	0
768	3071	0	748	2926	0
1024	3071	0	993	2922	0
1280	3071	0	1247	2924	0
1536	3071	0	1488	2924	0
1792	3071	0	1737	2926	0
2048	3071	0	1984	2923	0
2303	3071	0	2250	2923	0
2559	3071	0	2498	2923	0
2815	3071	0	2747	2925	0
3071	3071	0	2992	2924	0
3327	3071	0	3227	2921	0
3583	3071	0	3485	2921	0
3839	3071	0	3741	2922	0
4095	3071	0	3990	2918	0
0	3327	0	0	3142	0
256	3327	0	246	3150	0
512	3327	0	497	3152	0
768	3327	0	745	3154	0
1024	3327	0	990	3155	0
1280	3327	0	1243	3155	0
1536	3327	0	1483	3154	0
1792	3327	0	1733	3157	0
2048	3327	0	1984	3162	0
2303	3327	0	2249	3160	0
2559	3327	0	2494	3156	0
2815	3327	0	2743	3158	0
3071	3327	0	2990	3159	0
3327	3327	0	3226	3157	0
3583	3327	0	3484	3159	0
3839	3327	0	3736	3154	0
4095	3327	0	3989	3155	0
0	3583	0	0	3389	0
256	3583	0	246	3402	0
512	3583	0	497	3402	0
768	3583	0	744	3402	0
1024	3583	0	990	3405	0
1280	3583	0	1244	3406	0
1536	3583	0	1485	3408	0
1792	3583	0	1731	3405	0
2048	3583	0	1979	3405	0
2303	3583	0	2246	3404	0
2559	3583	0	2493	3405	0
2815	3583	0	2743	3408	0
3071	3583	0	2987	3405	0
3327	3583	0	3223	3403	0
3583	3583	0	3482	3405	0
3839	3583	0	3731	3397	0
4095	3583	0	3985	3400	0
0	3839	0	0	3632	0
256	3839	0	245	3644	0
512	3839	0	497	3650	0
768	3839	0	743	3645	0
1024	3839	0	988	3647	0
1280	3839	0	1242	3648	0
1536	3839	0	1482	3649	0
1792	3839	0	1730	3649	0
2048	3839	0	1977	3648	0
2303	3839	0	2244	3648	0
2559	3839	0	2491	3649	0
2815	3839	0	2739	3649	0
3071	3839	0	2989	3654	0
3327	3839	0	3224	3650	0
3583	3839	0	3477	3645	0
3839	3839	0	3733	3646	0
4095	3839	0	3986	3647	0
0	4095	0	0	3872	0
256	4095	0	245	3886	0
512	4095	0	497	3889	0
768	4095	0	743	3888	0
1024	4095	0	988	3886	0
1280	4095	0	1240	3887	0
1536	4095	0	1482	3890	0
1792	4095	0	1731	3893	0
2048	4095	0	1979	3892	0
2303	4095	0	2245	3891	0
2559	4095	0	2494	3894	0
2815	4095	0	2741	3892	0
3071	4095	0	2984	3888	0
3327	4095	0	3226	3893	0
3583	4095	0	3479	3887	0
3839	4095	0	3733	3886	0
4095	4095	0	3983	3884	0
0	0	256	0	0	223
256	0	256	261	1	221
512	0	256	517	2	220
768	0	256	768	2	220
1024	0	256	1017	3	220
1280	0	256	1274	3	220
1536	0	256	1518	4	220
1792	0	256	1766	4	219
2048	0	256	2016	5	219
2303	0	256	2288	5	219
2559	0	256	2536	6	219
2815	0	256	2788	6	219
3071	0	256	3038	7	219
3327	0	256	3272	7	218
3583	0	256	3534	8	218
3839	0	256	3789	8	218
4095	0	256	4046	8	218
0	256	256	0	255	223
256	256	256	257	256	221
512	256	256	513	256	220
768	256	256	763	257	220
1024	256	256	1011	258	220
1280	256	256	1268	258	220
1536	256	256	1511	259	220
1792	256	256	1759	258	219
2048	256	256	2008	259	219
2303	256	256	2278	260	219
2559	256	256	2527	260	219
2815	256	256	2779	260	219
3071	256	256	3027	260	219
3327	256	256	3266	261	218
3583	256	256	3520	261	218
3839	256	256	3777	261	218
4095	256	256	4029	261	218
0	512	256	0	506	221
256	512	256	255	506	220
512	512	256	510	507	219
768	512	256	759	507	220
1024	512	256	1007	508	219
1280	512	256	1263	508	219
1536	512	256	1506	509	219
1792	512	256	1757	510	219
2048	512	256	2003	508	218
2303	512	256	2270	509	218
2559	512	256	2520	509	218
2815	512	256	2771	510	218
3071	512	256	3020	511	218
3327	512	256	3258	511	218
3583	512	256	3518	512	218
3839	512	256	3768	511	218
4095	512	256	4023	511	217
0	768	256	0	748	221
256	768	256	254	747	219
512	768	256	508	748	219
768	768	256	757	748	219
1024	768	256	1005	749	219
1280	768	256	1260	749	219
1536	768	256	1503	750	219
1792	768	256	1752	750	219
2048	768	256	2000	750	218
2303	768	256	2269	751	218
2559	768	256	2518	751	218
2815	768	256	2769	752	218
3071	768	256	3013	751	218
3327	768	256	3249	750	218
3583	768	256	3509	751	218
3839	768	256	3765	752	217
4095	768	256	4013	750	217
0	1024	256	0	992	221
256	1024	256	253	990	219
512	1024	256	506	988	218
768	1024	256	757	991	218
1024	1024	256	1002	989	218
1280	1024	256	1258	991	218
1536	1024	256	1502	993	218
1792	1024	256	1749	991	218
2048	1024	256	1998	991	218
2303	1024	256	2265	991	218
2559	1024	256	2514	992	218
2815	1024	256	2765	994	218
3071	1024	256	3010	992	217
3327	1024	256	3250	993	217
3583	1024	256	3503	991	217
3839	1024	256	3760	992	217
4095	1024	256	4014	992	217
0	1280	256	0	1240	221
256	1280	256	252	1239	219
512	1280	256	505	1241	218
768	1280	256	754	1241	218
1024	1280	256	998	1238	218
1280	1280	256	1255	1241	218
1536	1280	256	1497	1242	218
1792	1280	256	1744	1240	218
2048	1280	256	1994	1241	218
2303	1280	256	2264	1244	218
2559	1280	256	2509	1241	217
2815	1280	256	2758	1242	218
3071	1280	256	3006	1242	217
3327	1280	256	3245	1243	217
3583	1280	256	3497	1240	217
3839	1280	256	3754	1241	217
4095	1280	256	4008	1242	217
0	1536	256	0	1474	220
256	1536	256	251	1475	218
512	1536	256	504	1474	218
768	1536	256	753	1475	218
1024	1536	256	999	1475	217
1280	1536	256	1252	1475	218
1536	1536	256	1495	1477	218
1792	1536	256	1743	1477	217
2048	1536	256	1991	1476	217
2303	1536	256	2257	1475	217
2559	1536	256	2505	1475	217
2815	1536	256	2758	1479	217
3071	1536	256	3002	1476	217
3327	1536	256	3240	1477	217
3583	1536	256	3498	1478	216
3839	1536	256	3752	1477	216
4095	1536	256	4002	1475	216
0	1792	256	0	1711	219
256	1792	256	250	1712	218
512	1792	256	502	1711	217
768	1792	256	751	1712	217
1024	1792	256	997	1713	217
1280	1792	256	1253	1714	217
1536	1792	256	1492	1713	217
1792	1792	256	1740	1712	217
2048	1792	256	1988	1712	216
2303	1792	256	2256	1713	216
2559	1792	256	2504	1713	216
2815	1792	256	2754	1714	217
3071	1792	256	3001	1715	216
3327	1792	256	3236	1713	216
3583	1792	256	3493	1713	216
3839	1792	256	3749	1713	216
4095	1792	256	4000	1713	216
0	2048	256	0	1960	219
256	2048	256	249	1954	217
512	2048	256	502	1956	217
768	2048	256	750	1955	217
1024	2048	256	995	1955	217
1280	2048	256	1251	1958	217
1536	2048	256	1491	1957	217
1792	2048	256	1739	1957	217
2048	2048	256	1988	1957	216
2303	2048	256	2255	1958	216
2559	2048	256	2499	1954	216
2815	2048	256	2752	1959	216
3071	2048	256	2997	1957	216
3327	2048	256	3236	1958	216
3583	2048	256	3491	1957	216
3839	2048	256	3748	1957	216
4095	2048	256	3998	1955	215
0	2303	256	0	2218	220
256	2303	256	248	2216	217
512	2303	256	501	2217	217
768	2303	256	749	2219	217
1024	2303	256	994	2215	217
1280	2303	256	1249	2218	217
1536	2303	256	1490	2218	217
1792	2303	256	1737	2216	217
2048	2303	256	1985	2215	216
2303	2303	256	2253	2218	216
2559	2303	256	2499	2216	216
2815	2303	256	2749	2218	216
3071	2303	256	2996	2218	216
3327	2303	256	3233	2218	216
3583	2303	256	3492	2219	216
3839	2303	256	3743	2215	216
4095	2303	256	3993	2214	215
0	2559	256	0	2454	219
256	2559	256	248	2453	217
512	2559	256	499	2451	217
768	2559	256	747	2453	217
1024	2559	256	992	2452	217
1280	2559	256	1248	2456	217
1536	2559	256	1488	2455	217
1792	2559	256	1736	2455	216
2048	2559	256	1985	2455	216
2303	2559	256	2252	2456	216
2559	2559	256	2501	2457	216
2815	2559	256	2750	2458	216
3071	2559	256	2995	2456	216
3327	2559	256	3231	2454	216
3583	2559	256	3486	2453	216
3839	2559	256	3742	2453	215
4095	2559	256	3995	2454	215
0	2815	256	0	2689	218
256	2815	256	247	2687	217
512	2815	256	498	2687	216
768	2815	256	746	2689	216
1024	2815	256	991	2688	216
1280	2815	256	1245	2690	216
1536	2815	256	1485	2690	216
1792	2815	256	1733	2689	216
2048	2815	256	1984	2693	216
2303	2815	256	2248	2692	216
2559	2815	256	2496	2692	216
2815	2815	256	2744	2692	216
3071	2815	256	2991	2693	216
3327	2815	256	3226	2691	215
3583	2815	256	3480	2688	215
3839	2815	256	3738	2690	215
4095	2815	256	3991	2691	215
0	3071	256	0	2925	218
256	3071	256	246	2923	216
512	3071	256	497	2923	216
768	3071	256	743	2924	216
1024	3071	256	988	2923	216
1280	3071	256	1242	2925	216
1536	3071	256	1484	2929	216
1792	3071	256	1730	2926	215
2048	3071	256	1979	2927	216
2303	3071	256	2245	2927	216
2559	3071	256	2492	2928	215
2815	3071	256	2741	2929	215
3071	3071	256	2985	2927	215
3327	3071	256	3224	2928	215
3583	3071	256	3478	2925	214
3839	3071	256	3732	2924	215
4095	3071	256	3986	2925	215
0	3327	256	0	3161	217
256	3327	256	245	3160	216
512	3327	256	496	3159	216
768	3327	256	742	3161	215
1024	3327	256	988	3162	215
1280	3327	256	1241	3162	215
1536	3327	256	1481	3163	216
1792	3327	256	1728	3161	215
2048	3327	256	1977	3163	215
2303	3327	256	2243	3163	215
2559	3327	256	2491	3164	215
2815	3327	256	2739	3165	215
3071	3327	256	2982	3161	215
3327	3327	256	3219	3161	215
3583	3327	256	3477	3162	214
3839	3327	256	3731	3161	214
4095	3327	256	3982	3159	214
0	3583	256	0	3406	217
256	3583	256	244	3404	216
512	3583	256	494	3404	215
768	3583	256	741	3404	215
1024	3583	256	986	3406	215
1280	3583	256	1239	3407	215
1536	3583	256	1479	3407	215
1792	3583	256	1728	3411	215
2048	3583	256	1973	3407	215
2303	3583	256	2239	3407	215
2559	3583	256	2487	3409	215
2815	3583	256	2737	3413	215
3071	3583	256	2982	3411	214
3327	3583	256	3220	3411	214
3583	3583	256	3472	3406	214
3839	3583	256	3730	3408	214
4095	3583	256	3981	3408	214
0	3839	256	0	3652	217
256	3839	256	244	3651	215
512	3839	256	495	3654	215
768	3839	256	740	3652	215
1024	3839	256	985	3651	215
1280	3839	256	1238	3652	215
1536	3839	256	1479	3656	215
1792	3839	256	1726	3655	215
2048	3839	256	1973	3655	214
2303	3839	256	2239	3654	214
2559	3839	256	2488	3657	214
2815	3839	256	2736	3658	215
3071	3839	256	2979	3653	214
3327	3839	256	3218	3654	214
3583	3839	256	3472	3652	214
3839	3839	256	3728	3653	214
4095	3839	256	3978	3650	214
0	4095	256	0	3891	217
256	4095	256	243	3889	215
512	4095	256	494	3894	215
768	4095	256	741	3895	215
1024	4095	256	984	3892	215
1280	4095	256	1237	3891	215
1536	4095	256	1481	3901	215
1792	4095	256	1725	3894	215
2048	4095	256	1972	3893	215
2303	4095	256	2238	3893	215
2559	4095	256	2486	3895	215
2815	4095	256	2737	3900	215
3071	4095	256	2979	3894	214
3327	4095	256	3217	3894	214
3583	4095	256	3470	3891	214
3839	4095	256	3726	3892	214
4095	4095	256	3982	3895	214
0	0	512	0	0	445
256	0	512	260	1	442
512	0	512	516	2	441
768	0	512	767	2	441
1024	0	512	1017	3	441
1280	0	512	1273	4	441
1536	0	512	1517	4	440
1792	0	512	1767	4	440
2048	0	512	2018	5	440
2303	0	512	2284	6	438
2559	0	512	2534	6	439
2815	0	512	2787	6	439
3071	0	512	3036	7	439
3327	0	512	3278	7	439
3583	0	512	3532	8	438
3839	0	512	3787	8	437
4095	0	512	4044	8	438
0	256	512	0	257	445
256	256	512	257	257	442
512	256	512	511	257	441
768	256	512	763	258	441
1024	256	512	1010	258	441
1280	256	512	1267	259	441
1536	256	512	1510	259	440
1792	256	512	1760	259	440
2048	256	512	2012	260	440
2303	256	512	2279	261	439
2559	256	512	2530	261	439
2815	256	512	2778	261	439
3071	256	512	3028	262	439
3327	256	512	3266	262	439
3583	256	512	3522	262	438
3839	256	512	3779	262	437
4095	256	512	4037	263	438
0	512	512	0	509	444
256	512	512	255	509	441
512	512	512	509	508	439
768	512	512	759	508	440
1024	512	512	1008	510	439
1280	512	512	1263	510	439
1536	512	512	1507	511	439
1792	512	512	1756	511	439
2048	512	512	2006	511	439
2303	512	512	2272	511	438
2559	512	512	2522	511	439
2815	512	512	2774	512	438
3071	512	512	3021	512	438
3327	512	512	3257	512	437
3583	512	512	3516	512	437
3839	512	512	3771	513	437
4095	512	512	4027	513	438
0	768	512	0	751	443
256	768	512	254	750	440
512	768	512	507	749	438
768	768	512	758	751	439
1024	768	512	1005	751	439
1280	768	512	1259	750	438
1536	768	512	1503	752	438
1792	768	512	1751	751	438
2048	768	512	2002	752	438
2303	768	512	2270	753	438
2559	768	512	2520	753	438
2815	768	512	2769	753	438
3071	768	512	3015	753	437
3327	768	512	3254	753	437
3583	768	512	3508	752	436
3839	768	512	3766	753	436
4095	768	512	4017	752	436
0	1024	512	0	994	442
256	1024	512	253	994	439
512	1024	512	507	992	438
768	1024	512	757	993	438
1024	1024	512	1003	992	438
1280	1024	512	1259	994	437
1536	1024	512	1503	996	438
1792	1024	512	1750	994	437
2048	1024	512	1999	993	437
2303	1024	512	2267	994	437
2559	1024	512	2516	995	437
2815	1024	512	2767	996	437
3071	1024	512	3011	994	436
3327	1024	512	3250	995	436
3583	1024	512	3508	995	436
3839	1024	512	3764	995	436
4095	1024	512	4013	994	435
0	1280	512	0	1243	441
256	1280	512	251	1242	439
512	1280	512	505	1243	438
768	1280	512	754	1243	438
1024	1280	512	1000	1243	437
1280	1280	512	1255	1243	437
1536	1280	512	1498	1245	438
1792	1280	512	1745	1244	437
2048	1280	512	1995	1244	436
2303	1280	512	2263	1245	436
2559	1280	512	2511	1245	436
2815	1280	512	2760	1245	436
3071	1280	512	3012	1248	436
3327	1280	512	3244	1245	436
3583	1280	512	3501	1245	436
3839	1280	512	3757	1245	435
4095	1280	512	4014	1246	435
0	1536	512	0	1479	440
256	1536	512	251	1477	437
512	1536	512	503	1477	437
768	1536	512	752	1478	437
1024	1536	512	998	1477	436
1280	1536	512	1252	1477	436
1536	1536	512	1496	1480	436
1792	1536	512	1743	1479	436
2048	1536	512	1991	1479	436
2303	1536	512	2258	1479	436
2559	1536	512	2506	1479	436
2815	1536	512	2757	1481	435
3071	1536	512	3005	1481	436
3327	1536	512	3242	1481	435
3583	1536	512	3497	1479	435
3839	1536	512	3752	1479	434
4095	1536	512	4004	1479	435
0	1792	512	0	1717	440
256	1792	512	250	1714	436
512	1792	512	502	1713	436
768	1792	512	751	1715	436
1024	1792	512	997	1715	435
1280	1792	512	1254	1719	435
1536	1792	512	1493	1716	436
1792	1792	512	1742	1716	435
2048	1792	512	1989	1715	435
2303	1792	512	2255	1715	434
2559	1792	512	2503	1715	434
2815	1792	512	2752	1716	435
3071	1792	512	3004	1719	435
3327	1792	512	3237	1717	434
3583	1792	512	3495	1717	434
3839	1792	512	3748	1715	433
4095	1792	512	4000	1715	433
0	2048	512	0	1962	439
256	2048	512	249	1957	436
512	2048	512	501	1958	435
768	2048	512	750	1959	435
1024	2048	512	996	1959	435
1280	2048	512	1250	1960	436
1536	2048	512	1491	1960	435
1792	2048	512	1739	1960	435
2048	2048	512	1990	1963	434
2303	2048	512	2255	1961	434
2559	2048	512	2502	1960	434
2815	2048	512	2753	1962	434
3071	2048	512	3000	1962	435
3327	2048	512	3238	1963	434
3583	2048	512	3492	1960	433
3839	2048	512	3746	1959	433
4095	2048	512	4000	1960	433
0	2303	512	0	2222	439
256	2303	512	248	2220	435
512	2303	512	501	2221	435
768	2303	512	749	2221	435
1024	2303	512	994	2219	435
1280	2303	512	1248	2220	435
1536	2303	512	1489	2220	434
1792	2303	512	1738	2221	434
2048	2303	512	1988	2223	435
2303	2303	512	2253	2222	434
2559	2303	512	2502	2222	434
2815	2303	512	2752	2224	434
3071	2303	512	2998	2222	434
3327	2303	512	3234	2222	434
3583	2303	512	3489	2220	433
3839	2303	512	3745	2219	433
4095	2303	512	3999	2221	433
0	2559	512	0	2462	439
256	2559	512	248	2459	436
512	2559	512	500	2459	435
768	2559	512	748	2459	435
1024	2559	512	992	2456	434
1280	2559	512	1250	2464	435
1536	2559	512	1490	2461	434
1792	2559	512	1735	2457	434
2048	2559	512	1985	2459	434
2303	2559	512	2251	2459	434
2559	2559	512	2500	2459	434
2815	2559	512	2749	2461	434
3071	2559	512	2998	2462	434
3327	2559	512	3232	2459	433
3583	2559	512	3489	2460	433
3839	2559	512	3743	2457	432
4095	2559	512	3997	2458	433
0	2815	512	0	2701	438
256	2815	512	247	2695	435
512	2815	512	499	2695	435
768	2815	512	747	2697	435
1024	2815	512	991	2695	434
1280	2815	512	1246	2697	435
1536	2815	512	1487	2697	434
1792	2815	512	1734	2696	433
2048	2815	512	1982	2695	433
2303	2815	512	2248	2695	433
2559	2815	512	2495	2695	433
2815	2815	512	2744	2696	433
3071	2815	512	2991	2697	433
3327	2815	512	3227	2695	432
3583	2815	512	3483	2694	432
3839	2815	512	3739	2694	432
4095	2815	512	3994	2696	432
0	3071	512	0	2936	438
256	3071	512	245	2930	434
512	3071	512	497	2930	434
768	3071	512	744	2930	434
1024	3071	512	989	2931	433
1280	3071	512	1242	2931	433
1536	3071	512	1484	2933	433
1792	3071	512	1730	2930	433
2048	3071	512	1979	2931	432
2303	3071	512	2245	2931	432
2559	3071	512	2492	2932	432
2815	3071	512	2741	2933	432
3071	3071	512	2988	2934	432
3327	3071	512	3223	2931	431
3583	3071	512	3480	2930	431
3839	3071	512	3735	2930	431
4095	3071	512	3992	2934	431
0	3327	512	0	3170	437
256	3327	512	244	3164	433
512	3327	512	495	3163	433
768	3327	512	743	3166	433
1024	3327	512	988	3167	433
1280	3327	512	1240	3166	432
1536	3327	512	1483	3170	433
1792	3327	512	1729	3168	432
2048	3327	512	1976	3165	432
2303	3327	512	2243	3167	432
2559	3327	512	2490	3167	431
2815	3327	512	2739	3169	432
3071	3327	512	2985	3169	432
3327	3327	512	3222	3168	431
3583	3327	512	3476	3165	431
3839	3327	512	3732	3165	430
4095	3327	512	3986	3166	431
0	3583	512	0	3417	436
256	3583	512	244	3414	433
512	3583	512	495	3413	432
768	3583	512	741	3413	432
1024	3583	512	986	3412	432
1280	3583	512	1239	3413	432
1536	3583	512	1481	3416	432
1792	3583	512	1728	3416	432
2048	3583	512	1975	3415	431
2303	3583	512	2243	3418	431
2559	3583	512	2490	3417	431
2815	3583	512	2738	3419	431
3071	3583	512	2982	3415	431
3327	3583	512	3221	3416	431
3583	3583	512	3476	3414	430
3839	3583	512	3732	3414	430
4095	3583	512	3982	3412	430
0	3839	512	0	3664	436
256	3839	512	243	3657	433
512	3839	512	494	3658	432
768	3839	512	741	3659	432
1024	3839	512	985	3656	431
1280	3839	512	1238	3658	431
1536	3839	512	1481	3664	432
1792	3839	512	1726	3661	431
2048	3839	512	1975	3662	431
2303	3839	512	2240	3660	431
2559	3839	512	2488	3661	431
2815	3839	512	2738	3665	431
3071	3839	512	2981	3661	431
3327	3839	512	3219	3661	431
3583	3839	512	3473	3658	430
3839	3839	512	3730	3659	430
4095	3839	512	3983	3660	430
0	4095	512	0	3903	436
256	4095	512	243	3899	432
512	4095	512	494	3901	432
768	4095	512	741	3901	432
1024	4095	512	985	3898	431
1280	4095	512	1237	3899	431
1536	4095	512	1480	3904	432
1792	4095	512	1726	3901	431
2048	4095	512	1974	3902	431
2303	4095	512	2240	3902	431
2559	4095	512	2488	3903	431
2815	4095	512	2738	3907	431
3071	4095	512	2982	3903	431
3327	4095	512	3218	3900	430
3583	4095	512	3475	3900	430
3839	4095	512	3729	3899	430
4095	4095	512	3984	3902	430
0	0	768	0	0	664
256	0	768	260	1	660
512	0	768	517	2	659
768	0	768	768	3	658
1024	0	768	1018	3	658
1280	0	768	1275	4	658
1536	0	768	1519	4	657
1792	0	768	1767	4	655
2048	0	768	2020	5	656
2303	0	768	2286	6	655
2559	0	768	2537	6	655
2815	0	768	2792	6	655
3071	0	768	3040	7	655
3327	0	768	3280	7	655
3583	0	768	3535	8	653
3839	0	768	3792	8	653
4095	0	768	4047	9	653
0	256	768	0	258	663
256	256	768	257	258	659
512	256	768	512	258	658
768	256	768	764	259	658
1024	256	768	1012	259	657
1280	256	768	1269	260	657
1536	256	768	1512	260	656
1792	256	768	1763	261	655
2048	256	768	2013	261	655
2303	256	768	2280	261	654
2559	256	768	2533	262	655
2815	256	768	2783	262	655
3071	256	768	3030	263	655
3327	256	768	3268	263	654
3583	256	768	3527	263	653
3839	256	768	3787	264	653
4095	256	768	4040	264	653
0	512	768	0	510	662
256	512	768	255	510	658
512	512	768	510	510	656
768	512	768	760	510	656
1024	512	768	1009	511	656
1280	512	768	1265	511	655
1536	512	768	1509	512	655
1792	512	768	1759	512	655
2048	512	768	2009	512	654
2303	512	768	2276	513	654
2559	512	768	2527	513	654
2815	512	768	2779	514	654
3071	512	768	3026	514	654
3327	512	768	3263	514	653
3583	512	768	3519	514	652
3839	512	768	3778	514	653
4095	512	768	4034	515	653
0	768	768	0	753	660
256	768	768	254	752	656
512	768	768	508	752	655
768	768	768	759	753	655
1024	768	768	1006	753	654
1280	768	768	1261	752	654
1536	768	768	1504	753	654
1792	768	768	1756	754	654
2048	768	768	2005	755	653
2303	768	768	2273	754	653
2559	768	768	2523	755	653
2815	768	768	2772	755	653
3071	768	768	3021	756	653
3327	768	768	3258	755	652
3583	768	768	3513	754	651
3839	768	768	3770	755	651
4095	768	768	4026	755	652
0	1024	768	0	997	659
256	1024	768	253	996	655
512	1024	768	508	996	654
768	1024	768	758	996	654
1024	1024	768	1005	996	653
1280	1024	768	1261	997	653
1536	1024	768	1506	998	653
1792	1024	768	1753	997	653
2048	1024	768	2002	996	652
2303	1024	768	2269	997	652
2559	1024	768	2519	997	652
2815	1024	768	2769	998	652
3071	1024	768	3015	997	651
3327	1024	768	3255	998	651
3583	1024	768	3516	999	651
3839	1024	768	3767	997	650
4095	1024	768	4018	996	650
0	1280	768	0	1247	658
256	1280	768	251	1246	654
512	1280	768	505	1246	654
768	1280	768	755	1247	653
1024	1280	768	1002	1246	652
1280	1280	768	1257	1246	652
1536	1280	768	1500	1248	653
1792	1280	768	1749	1247	652
2048	1280	768	1998	1248	651
2303	1280	768	2266	1248	651
2559	1280	768	2516	1249	651
2815	1280	768	2768	1251	651
3071	1280	768	3013	1249	650
3327	1280	768	3248	1248	650
3583	1280	768	3507	1249	650
3839	1280	768	3763	1249	649
4095	1280	768	4016	1248	649
0	1536	768	0	1484	657
256	1536	768	251	1482	653
512	1536	768	505	1482	652
768	1536	768	753	1482	652
1024	1536	768	1000	1482	651
1280	1536	768	1255	1482	651
1536	1536	768	1498	1484	651
1792	1536	768	1746	1483	650
2048	1536	768	1995	1483	650
2303	1536	768	2264	1485	651
2559	1536	768	2512	1484	650
2815	1536	768	2763	1486	651
3071	1536	768	3011	1487	650
3327	1536	768	3246	1484	649
3583	1536	768	3502	1483	649
3839	1536	768	3758	1483	648
4095	1536	768	4012	1484	648
0	1792	768	0	1722	656
256	1792	768	250	1718	651
512	1792	768	503	1718	651
768	1792	768	752	1721	651
1024	1792	768	998	1719	650
1280	1792	768	1256	1723	651
1536	1792	768	1496	1721	650
1792	1792	768	1744	1721	650
2048	1792	768	1992	1719	649
2303	1792	768	2259	1720	649
2559	1792	768	2507	1720	649
2815	1792	768	2757	1721	649
3071	1792	768	3007	1723	649
3327	1792	768	3244	1723	649
3583	1792	768	3499	1721	648
3839	1792	768	3753	1719	647
4095	1792	768	4006	1719	647
0	2048	768	0	1966	655
256	2048	768	249	1963	651
512	2048	768	502	1963	650
768	2048	768	751	1964	650
1024	2048	768	997	1964	649
1280	2048	768	1252	1964	650
1536	2048	768	1494	1964	650
1792	2048	768	1742	1964	649
2048	2048	768	1993	1966	649
2303	2048	768	2258	1965	648
2559	2048	768	2508	1966	648
2815	2048	768	2757	1967	649
3071	2048	768	3005	1967	649
3327	2048	768	3244	1967	648
3583	2048	768	3496	1964	647
3839	2048	768	3752	1964	647
4095	2048	768	4006	1964	646
0	2303	768	0	2228	655
256	2303	768	248	2225	650
512	2303	768	501	2227	650
768	2303	768	750	2226	650
1024	2303	768	996	2225	649
1280	2303	768	1251	2226	649
1536	2303	768	1493	2227	649
1792	2303	768	1742	2228	649
2048	2303	768	1992	2229	649
2303	2303	768	2257	2228	649
2559	2303	768	2507	2229	649
2815	2303	768	2758	2232	649
3071	2303	768	3002	2228	648
3327	2303	768	3240	2228	648
3583	2303	768	3494	2225	647
3839	2303	768	3752	2226	647
4095	2303	768	4005	2226	647
0	2559	768	0	2467	654
256	2559	768	248	2465	650
512	2559	768	501	2465	650
768	2559	768	750	2466	650
1024	2559	768	994	2463	649
1280	2559	768	1251	2466	649
1536	2559	768	1493	2468	649
1792	2559	768	1739	2464	649
2048	2559	768	1988	2465	648
2303	2559	768	2256	2465	648
2559	2559	768	2504	2465	648
2815	2559	768	2754	2467	649
3071	2559	768	3001	2467	648
3327	2559	768	3239	2467	648
3583	2559	768	3497	2467	647
3839	2559	768	3749	2464	646
4095	2559	768	4003	2465	646
0	2815	768	0	2706	653
256	2815	768	247	2702	649
512	2815	768	499	2701	649
768	2815	768	748	2705	649
1024	2815	768	992	2700	648
1280	2815	768	1247	2701	648
1536	2815	768	1490	2705	649
1792	2815	768	1737	2702	647
2048	2815	768	1984	2700	647
2303	2815	768	2252	2702	647
2559	2815	768	2500	2703	647
2815	2815	768	2749	2703	647
3071	2815	768	2995	2702	646
3327	2815	768	3234	2703	646
3583	2815	768	3489	2701	646
3839	2815	768	3743	2699	645
4095	2815	768	3999	2701	645
0	3071	768	0	2946	653
256	3071	768	246	2939	648
512	3071	768	498	2938	648
768	3071	768	746	2939	648
1024	3071	768	991	2938	647
1280	3071	768	1245	2939	647
1536	3071	768	1487	2941	647
1792	3071	768	1734	2939	646
2048	3071	768	1981	2937	645
2303	3071	768	2248	2938	645
2559	3071	768	2496	2938	645
2815	3071	768	2747	2941	646
3071	3071	768	2993	2941	645
3327	3071	768	3229	2939	645
3583	3071	768	3487	2939	644
3839	3071	768	3741	2937	644
4095	3071	768	3995	2938	644
0	3327	768	0	3178	652
256	3327	768	245	3174	648
512	3327	768	496	3172	647
768	3327	768	744	3174	646
1024	3327	768	989	3173	646
1280	3327	768	1243	3176	646
1536	3327	768	1485	3176	646
1792	3327	768	1732	3174	645
2048	3327	768	1979	3173	645
2303	3327	768	2247	3176	645
2559	3327	768	2494	3175	645
2815	3327	768	2743	3177	645
3071	3327	768	2991	3178	645
3327	3327	768	3226	3175	644
3583	3327	768	3482	3173	644
3839	3327	768	3738	3173	643
4095	3327	768	3992	3174	643
0	3583	768	0	3426	651
256	3583	768	245	3427	647
512	3583	768	496	3423	646
768	3583	768	743	3424	646
1024	3583	768	988	3422	646
1280	3583	768	1242	3422	646
1536	3583	768	1483	3424	645
1792	3583	768	1730	3422	644
2048	3583	768	1978	3423	644
2303	3583	768	2246	3424	645
2559	3583	768	2492	3423	644
2815	3583	768	2741	3424	644
3071	3583	768	2989	3425	644
3327	3583	768	3225	3423	643
3583	3583	768	3483	3424	643
3839	3583	768	3737	3421	643
4095	3583	768	3989	3421	643
0	3839	768	0	3672	651
256	3839	768	243	3668	647
512	3839	768	495	3669	646
768	3839	768	742	3668	646
1024	3839	768	987	3666	645
1280	3839	768	1240	3668	645
1536	3839	768	1482	3671	645
1792	3839	768	1729	3668	644
2048	3839	768	1979	3671	644
2303	3839	768	2243	3668	644
2559	3839	768	2491	3669	644
2815	3839	768	2741	3672	644
3071	3839	768	2989	3672	644
3327	3839	768	3224	3669	643
3583	3839	768	3482	3670	643
3839	3839	768	3735	3666	642
4095	3839	768	3990	3669	642
0	4095	768	0	3914	650
256	4095	768	244	3912	646
512	4095	768	495	3910	646
768	4095	768	742	3910	645
1024	4095	768	987	3908	645
1280	4095	768	1240	3910	645
1536	4095	768	1481	3911	645
1792	4095	768	1729	3911	644
2048	4095	768	1977	3910	644
2303	4095	768	2243	3909	643
2559	4095	768	2492	3912	644
2815	4095	768	2743	3917	644
3071	4095	768	2987	3911	644
3327	4095	768	3223	3909	643
3583	4095	768	3481	3910	643
3839	4095	768	3736	3909	642
4095	4095	768	3991	3911	642
0	0	1024	0	1	879
256	0	1024	260	1	875
512	0	1024	518	2	874
768	0	1024	770	3	873
1024	0	1024	1020	3	873
1280	0	1024	1278	4	873
1536	0	1024	1521	4	872
1792	0	1024	1767	5	868
2048	0	1024	2019	5	869
2303	0	1024	2289	6	868
2559	0	1024	2540	6	868
2815	0	1024	2795	7	869
3071	0	1024	3046	7	869
3327	0	1024	3281	8	867
3583	0	1024	3539	8	867
3839	0	1024	3797	9	866
4095	0	1024	4052	9	866
0	256	1024	0	259	878
256	256	1024	257	259	873
512	256	1024	513	259	872
768	256	1024	765	260	871
1024	256	1024	1014	260	871
1280	256	1024	1270	261	871
1536	256	1024	1514	261	870
1792	256	1024	1766	262	869
2048	256	1024	2014	261	868
2303	256	1024	2282	262	867
2559	256	1024	2536	263	868
2815	256	1024	2787	263	868
3071	256	1024	3032	263	867
3327	256	1024	3270	263	866
3583	256	1024	3531	264	866
3839	256	1024	3791	265	866
4095	256	1024	4038	264	865
0	512	1024	0	511	876
256	512	1024	255	511	871
512	512	1024	511	512	870
768	512	1024	761	512	869
1024	512	1024	1010	513	869
1280	512	1024	1267	513	869
1536	512	1024	1510	513	868
1792	512	1024	1762	514	868
2048	512	1024	2011	514	867
2303	512	1024	2279	514	867
2559	512	1024	2530	515	867
2815	512	1024	2782	516	867
3071	512	1024	3031	516	867
3327	512	1024	3267	516	865
3583	512	1024	3523	515	865
3839	512	1024	3782	516	865
4095	512	1024	4039	517	865
0	768	1024	0	754	873
256	768	1024	253	753	869
512	768	1024	509	755	868
768	768	1024	759	754	867
1024	768	1024	1008	755	867
1280	768	1024	1262	754	866
1536	768	1024	1506	755	866
1792	768	1024	1759	757	867
2048	768	1024	2008	756	866
2303	768	1024	2275	756	865
2559	768	1024	2526	756	865
2815	768	1024	2776	757	865
3071	768	1024	3025	758	865
3327	768	1024	3263	757	865
3583	768	1024	3518	757	863
3839	768	1024	3776	757	863
4095	768	1024	4032	758	864
0	1024	1024	0	1000	873
256	1024	1024	253	999	868
512	1024	1024	509	1000	868
768	1024	1024	759	999	867
1024	1024	1024	1006	998	866
1280	1024	1024	1263	999	866
1536	1024	1024	1507	1001	866
1792	1024	1024	1756	1000	866
2048	1024	1024	2004	998	864
2303	1024	1024	2273	999	864
2559	1024	1024	2522	999	864
2815	1024	1024	2774	1001	864
3071	1024	1024	3018	999	863
3327	1024	1024	3259	1000	863
3583	1024	1024	3520	1001	863
3839	1024	1024	3771	999	862
4095	1024	1024	4024	999	862
0	1280	1024	0	1251	872
256	1280	1024	252	1251	868
512	1280	1024	506	1250	866
768	1280	1024	757	1251	866
1024	1280	1024	1003	1249	865
1280	1280	1024	1259	1250	865
1536	1280	1024	1502	1251	865
1792	1280	1024	1751	1250	864
2048	1280	1024	2002	1251	863
2303	1280	1024	2270	1252	863
2559	1280	1024	2520	1252	863
2815	1280	1024	2772	1254	864
3071	1280	1024	3014	1250	862
3327	1280	1024	3254	1251	862
3583	1280	1024	3512	1251	862
3839	1280	1024	3768	1251	861
4095	1280	1024	4019	1250	860
0	1536	1024	0	1487	870
256	1536	1024	251	1486	866
512	1536	1024	505	1487	865
768	1536	1024	755	1487	864
1024	1536	1024	1002	1486	863
1280	1536	1024	1257	1487	863
1536	1536	1024	1500	1487	863
1792	1536	1024	1748	1486	862
2048	1536	1024	1999	1487	862
2303	1536	1024	2269	1490	863
2559	1536	1024	2516	1488	862
2815	1536	1024	2768	1491	863
3071	1536	1024	3017	1491	862
3327	1536	1024	3250	1487	861
3583	1536	1024	3507	1487	860
3839	1536	1024	3764	1487	860
4095	1536	1024	4018	1488	859
0	1792	1024	0	1727	869
256	1792	1024	250	1723	864
512	1792	1024	504	1725	864
768	1792	1024	754	1726	863
1024	1792	1024	1000	1724	862
1280	1792	1024	1258	1728	863
1536	1792	1024	1500	1727	863
1792	1792	1024	1745	1723	861
2048	1792	1024	1995	1723	861
2303	1792	1024	2263	1725	861
2559	1792	1024	2511	1724	860
2815	1792	1024	2763	1727	861
3071	1792	1024	3010	1726	861
3327	1792	1024	3251	1728	860
3583	1792	1024	3505	1725	859
3839	1792	1024	3761	1725	859
4095	1792	1024	4012	1723	858
0	2048	1024	0	1971	869
256	2048	1024	249	1968	863
512	2048	1024	503	1969	863
768	2048	1024	752	1969	862
1024	2048	1024	999	1969	862
1280	2048	1024	1254	1968	862
1536	2048	1024	1496	1969	862
1792	2048	1024	1745	1969	860
2048	2048	1024	1995	1969	860
2303	2048	1024	2263	1971	860
2559	2048	1024	2512	1971	860
2815	2048	1024	2762	1972	861
3071	2048	1024	3009	1971	860
3327	2048	1024	3248	1971	860
3583	2048	1024	3501	1968	858
3839	2048	1024	3760	1969	858
4095	2048	1024	4012	1969	858
0	2303	1024	0	2235	868
256	2303	1024	248	2231	863
512	2303	1024	502	2234	863
768	2303	1024	751	2231	862
1024	2303	1024	998	2233	862
1280	2303	1024	1253	2232	861
1536	2303	1024	1496	2233	861
1792	2303	1024	1745	2234	861
2048	2303	1024	1993	2232	860
2303	2303	1024	2261	2233	860
2559	2303	1024	2511	2234	860
2815	2303	1024	2763	2238	861
3071	2303	1024	3007	2233	860
3327	2303	1024	3246	2234	860
3583	2303	1024	3501	2231	858
3839	2303	1024	3758	2232	858
4095	2303	1024	4010	2230	858
0	2559	1024	0	2471	867
256	2559	1024	247	2469	862
512	2559	1024	501	2471	862
768	2559	1024	751	2473	862
1024	2559	1024	996	2469	861
1280	2559	1024	1251	2469	860
1536	2559	1024	1495	2473	861
1792	2559	1024	1743	2470	860
2048	2559	1024	1992	2470	860
2303	2559	1024	2261	2474	860
2559	2559	1024	2508	2471	860
2815	2559	1024	2759	2473	860
3071	2559	1024	3004	2471	859
3327	2559	1024	3245	2474	859
3583	2559	1024	3502	2472	858
3839	2559	1024	3754	2468	857
4095	2559	1024	4009	2470	857
0	2815	1024	0	2711	866
256	2815	1024	247	2708	861
512	2815	1024	499	2707	860
768	2815	1024	749	2711	861
1024	2815	1024	993	2704	858
1280	2815	1024	1248	2707	859
1536	2815	1024	1493	2712	860
1792	2815	1024	1738	2706	858
2048	2815	1024	1988	2707	858
2303	2815	1024	2256	2709	858
2559	2815	1024	2505	2710	858
2815	2815	1024	2753	2710	858
3071	2815	1024	2999	2708	857
3327	2815	1024	3240	2710	858
3583	2815	1024	3494	2707	856
3839	2815	1024	3748	2704	855
4095	2815	1024	4004	2707	856
0	3071	1024	0	2953	866
256	3071	1024	246	2947	860
512	3071	1024	499	2947	859
768	3071	1024	747	2947	859
1024	3071	1024	992	2945	858
1280	3071	1024	1247	2946	858
1536	3071	1024	1491	2949	859
1792	3071	1024	1738	2947	857
2048	3071	1024	1985	2944	856
2303	3071	1024	2252	2945	857
2559	3071	1024	2501	2946	857
2815	3071	1024	2752	2950	857
3071	3071	1024	2996	2946	856
3327	3071	1024	3235	2947	856
3583	3071	1024	3493	2947	855
3839	3071	1024	3746	2944	854
4095	3071	1024	3997	2942	854
0	3327	1024	0	3184	864
256	3327	1024	245	3184	859
512	3327	1024	497	3181	858
768	3327	1024	745	3181	858
1024	3327	1024	991	3181	857
1280	3327	1024	1246	3186	858
1536	3327	1024	1486	3182	857
1792	3327	1024	1734	3180	856
2048	3327	1024	1983	3182	856
2303	3327	1024	2251	3184	856
2559	3327	1024	2499	3184	856
2815	3327	1024	2748	3185	856
3071	3327	1024	2996	3186	856
3327	3327	1024	3231	3181	854
3583	3327	1024	3488	3181	854
3839	3327	1024	3744	3181	854
4095	3327	1024	3996	3180	853
0	3583	1024	0	3434	863
256	3583	1024	244	3434	859
512	3583	1024	497	3431	858
768	3583	1024	745	3434	858
1024	3583	1024	990	3432	857
1280	3583	1024	1244	3431	857
1536	3583	1024	1485	3430	856
1792	3583	1024	1732	3429	855
2048	3583	1024	1981	3429	855
2303	3583	1024	2246	3427	854
2559	3583	1024	2494	3428	854
2815	3583	1024	2745	3431	855
3071	3583	1024	2994	3433	855
3327	3583	1024	3230	3430	854
3583	3583	1024	3488	3431	854
3839	3583	1024	3742	3429	853
4095	3583	1024	3996	3429	853
0	3839	1024	0	3679	862
256	3839	1024	243	3677	858
512	3839	1024	496	3678	857
768	3839	1024	743	3676	857
1024	3839	1024	989	3677	856
1280	3839	1024	1243	3677	856
1536	3839	1024	1483	3676	855
1792	3839	1024	1731	3675	855
2048	3839	1024	1981	3678	855
2303	3839	1024	2247	3676	854
2559	3839	1024	2495	3677	854
2815	3839	1024	2745	3679	854
3071	3839	1024	2994	3680	855
3327	3839	1024	3229	3677	853
3583	3839	1024	3488	3678	853
3839	3839	1024	3739	3673	852
4095	3839	1024	3994	3675	852
0	4095	1024	0	3921	862
256	4095	1024	244	3921	858
512	4095	1024	495	3918	856
768	4095	1024	744	3920	857
1024	4095	1024	989	3918	856
1280	4095	1024	1242	3918	855
1536	4095	1024	1483	3918	855
1792	4095	1024	1732	3919	855
2048	4095	1024	1979	3916	854
2303	4095	1024	2246	3916	854
2559	4095	1024	2496	3920	854
2815	4095	1024	2747	3924	855
3071	4095	1024	2990	3917	854
3327	4095	1024	3228	3917	853
3583	4095	1024	3485	3917	853
3839	4095	1024	3741	3917	852
4095	4095	1024	3996	3919	852
0	0	1280	0	1	1097
256	0	1280	260	2	1090
512	0	1280	518	2	1089
768	0	1280	770	3	1087
1024	0	1280	1022	3	1088
1280	0	1280	1278	4	1087
1536	0	1280	1522	4	1086
1792	0	1280	1770	5	1084
2048	0	1280	2020	5	1083
2303	0	1280	2289	6	1081
2559	0	1280	2543	6	1082
2815	0	1280	2796	7	1082
3071	0	1280	3048	7	1083
3327	0	1280	3284	8	1081
3583	0	1280	3545	8	1081
3839	0	1280	3799	9	1079
4095	0	1280	4054	9	1079
0	256	1280	0	259	1093
256	256	1280	257	259	1087
512	256	1280	513	260	1085
768	256	1280	765	260	1085
1024	256	1280	1014	261	1084
1280	256	1280	1271	261	1084
1536	256	1280	1516	262	1084
1792	256	1280	1767	262	1083
2048	256	1280	2018	263	1082
2303	256	1280	2286	263	1081
2559	256	1280	2537	263	1082
2815	256	1280	2789	264	1082
3071	256	1280	3034	264	1080
3327	256	1280	3272	264	1079
3583	256	1280	3533	265	1079
3839	256	1280	3791	265	1079
4095	256	1280	4040	265	1078
0	512	1280	0	512	1090
256	512	1280	255	512	1084
512	512	1280	511	513	1083
768	512	1280	762	513	1083
1024	512	1280	1012	514	1083
1280	512	1280	1268	514	1082
1536	512	1280	1512	515	1082
1792	512	1280	1763	515	1081
2048	512	1280	2012	515	1080
2303	512	1280	2282	516	1080
2559	512	1280	2532	516	1080
2815	512	1280	2783	516	1080
3071	512	1280	3033	517	1080
3327	512	1280	3269	517	1078
3583	512	1280	3525	516	1077
3839	512	1280	3784	517	1077
4095	512	1280	4040	517	1077
0	768	1280	0	756	1087
256	768	1280	253	755	1082
512	768	1280	510	756	1082
768	768	1280	760	756	1081
1024	768	1280	1009	757	1081
1280	768	1280	1264	756	1080
1536	768	1280	1508	757	1080
1792	768	1280	1759	757	1079
2048	768	1280	2008	756	1078
2303	768	1280	2276	757	1078
2559	768	1280	2527	758	1078
2815	768	1280	2777	758	1078
3071	768	1280	3027	759	1078
3327	768	1280	3271	760	1079
3583	768	1280	3521	758	1075
3839	768	1280	3779	759	1076
4095	768	1280	4035	759	1076
0	1024	1280	0	1002	1087
256	1024	1280	253	1001	1082
512	1024	1280	509	1002	1081
768	1024	1280	760	1002	1080
1024	1024	1280	1007	1000	1079
1280	1024	1280	1264	1001	1079
1536	1024	1280	1509	1003	1080
1792	1024	1280	1757	1001	1078
2048	1024	1280	2005	1000	1076
2303	1024	1280	2277	1003	1078
2559	1024	1280	2526	1002	1077
2815	1024	1280	2780	1004	1078
3071	1024	1280	3021	1001	1076
3327	1024	1280	3262	1002	1076
3583	1024	1280	3520	1002	1075
3839	1024	1280	3777	1002	1075
4095	1024	1280	4029	1002	1074
0	1280	1280	0	1253	1085
256	1280	1280	252	1255	1082
512	1280	1280	506	1252	1079
768	1280	1280	757	1253	1078
1024	1280	1280	1004	1252	1077
1280	1280	1280	1260	1253	1077
1536	1280	1280	1504	1253	1077
1792	1280	1280	1752	1252	1076
2048	1280	1280	2003	1253	1076
2303	1280	1280	2271	1253	1076
2559	1280	1280	2522	1254	1076
2815	1280	1280	2773	1255	1076
3071	1280	1280	3019	1254	1075
3327	1280	1280	3258	1254	1074
3583	1280	1280	3514	1253	1073
3839	1280	1280	3771	1253	1073
4095	1280	1280	4025	1253	1073
0	1536	1280	0	1490	1083
256	1536	1280	250	1488	1078
512	1536	1280	505	1488	1076
768	1536	1280	756	1491	1077
1024	1536	1280	1003	1489	1075
1280	1536	1280	1258	1489	1075
1536	1536	1280	1501	1490	1075
1792	1536	1280	1749	1488	1074
2048	1536	1280	2000	1489	1074
2303	1536	1280	2270	1491	1075
2559	1536	1280	2517	1490	1074
2815	1536	1280	2768	1491	1074
3071	1536	1280	3020	1494	1075
3327	1536	1280	3253	1490	1072
3583	1536	1280	3510	1489	1071
3839	1536	1280	3767	1489	1071
4095	1536	1280	4021	1490	1071
0	1792	1280	0	1732	1084
256	1792	1280	250	1727	1077
512	1792	1280	505	1731	1077
768	1792	1280	754	1729	1076
1024	1792	1280	1002	1729	1075
1280	1792	1280	1260	1732	1076
1536	1792	1280	1502	1731	1076
1792	1792	1280	1746	1725	1072
2048	1792	1280	1996	1726	1072
2303	1792	1280	2266	1728	1073
2559	1792	1280	2514	1728	1072
2815	1792	1280	2766	1729	1073
3071	1792	1280	3013	1729	1072
3327	1792	1280	3255	1731	1072
3583	1792	1280	3509	1729	1071
3839	1792	1280	3767	1729	1071
4095	1792	1280	4015	1726	1069
0	2048	1280	0	1974	1082
256	2048	1280	249	1972	1076
512	2048	1280	504	1974	1076
768	2048	1280	752	1972	1074
1024	2048	1280	1000	1972	1074
1280	2048	1280	1255	1971	1073
1536	2048	1280	1497	1972	1073
1792	2048	1280	1746	1971	1072
2048	2048	1280	1996	1972	1072
2303	2048	1280	2265	1974	1072
2559	2048	1280	2513	1973	1072
2815	2048	1280	2763	1974	1072
3071	2048	1280	3011	1973	1071
3327	2048	1280	3248	1972	1071
3583	2048	1280	3505	1972	1070
3839	2048	1280	3764	1972	1070
4095	2048	1280	4016	1971	1069
0	2303	1280	0	2239	1082
256	2303	1280	248	2236	1076
512	2303	1280	503	2238	1076
768	2303	1280	751	2235	1074
1024	2303	1280	1000	2239	1075
1280	2303	1280	1254	2235	1073
1536	2303	1280	1496	2235	1073
1792	2303	1280	1746	2236	1073
2048	2303	1280	1995	2235	1072
2303	2303	1280	2263	2236	1072
2559	2303	1280	2512	2236	1072
2815	2303	1280	2765	2240	1073
3071	2303	1280	3011	2238	1072
3327	2303	1280	3249	2237	1071
3583	2303	1280	3504	2234	1070
3839	2303	1280	3761	2235	1070
4095	2303	1280	4017	2236	1070
0	2559	1280	0	2477	1081
256	2559	1280	247	2474	1075
512	2559	1280	502	2477	1075
768	2559	1280	752	2478	1075
1024	2559	1280	997	2473	1073
1280	2559	1280	1252	2473	1072
1536	2559	1280	1496	2476	1073
1792	2559	1280	1744	2474	1072
2048	2559	1280	1994	2474	1072
2303	2559	1280	2263	2477	1072
2559	2559	1280	2510	2475	1071
2815	2559	1280	2761	2476	1071
3071	2559	1280	3007	2475	1071
3327	2559	1280	3247	2476	1070
3583	2559	1280	3503	2474	1069
3839	2559	1280	3757	2471	1068
4095	2559	1280	4013	2473	1069
0	2815	1280	0	2717	1080
256	2815	1280	247	2716	1075
512	2815	1280	500	2714	1073
768	2815	1280	750	2716	1073
1024	2815	1280	994	2710	1070
1280	2815	1280	1251	2715	1072
1536	2815	1280	1495	2716	1072
1792	2815	1280	1740	2711	1070
2048	2815	1280	1990	2711	1070
2303	2815	1280	2258	2713	1070
2559	2815	1280	2507	2715	1070
2815	2815	1280	2756	2715	1070
3071	2815	1280	3003	2713	1069
3327	2815	1280	3243	2714	1069
3583	2815	1280	3499	2713	1068
3839	2815	1280	3753	2710	1067
4095	2815	1280	4008	2712	1067
0	3071	1280	0	2957	1079
256	3071	1280	246	2953	1073
512	3071	1280	499	2953	1072
768	3071	1280	748	2952	1071
1024	3071	1280	994	2950	1070
1280	3071	1280	1248	2951	1070
1536	3071	1280	1492	2955	1071
1792	3071	1280	1739	2951	1069
2048	3071	1280	1988	2951	1069
2303	3071	1280	2255	2952	1068
2559	3071	1280	2504	2953	1069
2815	3071	1280	2756	2956	1069
3071	3071	1280	2999	2951	1067
3327	3071	1280	3237	2951	1067
3583	3071	1280	3495	2951	1067
3839	3071	1280	3750	2949	1066
4095	3071	1280	4002	2947	1065
0	3327	1280	0	3190	1076
256	3327	1280	245	3188	1071
512	3327	1280	497	3186	1070
768	3327	1280	746	3187	1069
1024	3327	1280	992	3187	1069
1280	3327	1280	1248	3191	1070
1536	3327	1280	1488	3188	1069
1792	3327	1280	1735	3185	1067
2048	3327	1280	1986	3188	1067
2303	3327	1280	2252	3187	1067
2559	3327	1280	2502	3190	1068
2815	3327	1280	2751	3190	1067
3071	3327	1280	2999	3191	1067
3327	3327	1280	3236	3189	1066
3583	3327	1280	3491	3185	1065
3839	3327	1280	3747	3186	1065
4095	3327	1280	4000	3185	1064
0	3583	1280	0	3439	1076
256	3583	1280	244	3437	1070
512	3583	1280	496	3435	1069
768	3583	1280	746	3439	1070
1024	3583	1280	992	3439	1069
1280	3583	1280	1246	3438	1068
1536	3583	1280	1486	3436	1067
1792	3583	1280	1735	3437	1067
2048	3583	1280	1983	3434	1066
2303	3583	1280	2248	3432	1065
2559	3583	1280	2497	3433	1065
2815	3583	1280	2749	3438	1066
3071	3583	1280	2994	3435	1065
3327	3583	1280	3233	3436	1065
3583	3583	1280	3491	3436	1065
3839	3583	1280	3747	3436	1065
4095	3583	1280	4000	3435	1064
0	3839	1280	0	3685	1075
256	3839	1280	243	3682	1070
512	3839	1280	496	3682	1069
768	3839	1280	744	3683	1068
1024	3839	1280	990	3683	1068
1280	3839	1280	1244	3682	1067
1536	3839	1280	1485	3682	1067
1792	3839	1280	1733	3680	1066
2048	3839	1280	1982	3680	1065
2303	3839	1280	2249	3681	1065
2559	3839	1280	2497	3681	1065
2815	3839	1280	2747	3684	1066
3071	3839	1280	2995	3685	1066
3327	3839	1280	3233	3684	1065
3583	3839	1280	3488	3680	1064
3839	3839	1280	3743	3679	1063
4095	3839	1280	3997	3680	1063
0	4095	1280	0	3926	1074
256	4095	1280	243	3924	1069
512	4095	1280	495	3923	1068
768	4095	1280	744	3927	1068
1024	4095	1280	989	3923	1067
1280	4095	1280	1243	3923	1066
1536	4095	1280	1484	3923	1066
1792	4095	1280	1733	3923	1066
2048	4095	1280	1982	3924	1066
2303	4095	1280	2249	3924	1065
2559	4095	1280	2497	3925	1065
2815	4095	1280	2747	3925	1065
3071	4095	1280	2993	3923	1064
3327	4095	1280	3231	3923	1064
3583	4095	1280	3487	3922	1063
3839	4095	1280	3744	3923	1063
4095	4095	1280	3998	3923	1063
0	0	1536	0	1	1316
256	0	1536	260	2	1308
512	0	1536	518	3	1307
768	0	1536	771	3	1306
1024	0	1536	1021	4	1306
1280	0	1536	1279	4	1304
1536	0	1536	1524	4	1304
1792	0	1536	1775	5	1304
2048	0	1536	2023	5	1301
2303	0	1536	2291	6	1299
2559	0	1536	2546	6	1301
2815	0	1536	2802	7	1302
3071	0	1536	3047	7	1299
3327	0	1536	3290	8	1300
3583	0	1536	3547	8	1299
3839	0	1536	3802	9	1298
4095	0	1536	4053	9	1296
0	256	1536	0	260	1312
256	256	1536	257	260	1305
512	256	1536	513	260	1303
768	256	1536	765	261	1303
1024	256	1536	1015	261	1302
1280	256	1536	1272	262	1301
1536	256	1536	1516	262	1301
1792	256	1536	1769	263	1301
2048	256	1536	2019	263	1300
2303	256	1536	2288	264	1299
2559	256	1536	2538	264	1299
2815	256	1536	2791	265	1299
3071	256	1536	3041	265	1299
3327	256	1536	3277	265	1297
3583	256	1536	3535	265	1296
3839	256	1536	3793	266	1296
4095	256	1536	4050	266	1296
0	512	1536	0	513	1308
256	512	1536	254	513	1302
512	512	1536	511	514	1301
768	512	1536	762	514	1300
1024	512	1536	1011	514	1299
1280	512	1536	1269	515	1299
1536	512	1536	1515	517	1301
1792	512	1536	1763	515	1298
2048	512	1536	2013	515	1297
2303	512	1536	2287	518	1299
2559	512	1536	2533	517	1297
2815	512	1536	2785	517	1297
3071	512	1536	3037	519	1298
3327	512	1536	3276	518	1297
3583	512	1536	3529	517	1295
3839	512	1536	3787	518	1295
4095	512	1536	4043	518	1295
0	768	1536	0	757	1305
256	768	1536	254	758	1302
512	768	1536	510	757	1300
768	768	1536	761	758	1299
1024	768	1536	1008	757	1297
1280	768	1536	1267	759	1298
1536	768	1536	1511	759	1298
1792	768	1536	1760	758	1296
2048	768	1536	2009	757	1295
2303	768	1536	2278	758	1295
2559	768	1536	2528	759	1295
2815	768	1536	2779	759	1295
3071	768	1536	3029	760	1295
3327	768	1536	3271	761	1295
3583	768	1536	3523	759	1292
3839	768	1536	3781	760	1292
4095	768	1536	4036	760	1292
0	1024	1536	0	1003	1305
256	1024	1536	252	1001	1299
512	1024	1536	510	1004	1300
768	1024	1536	761	1004	1299
1024	1024	1536	1008	1002	1296
1280	1024	1536	1265	1003	1297
1536	1024	1536	1508	1003	1296
1792	1024	1536	1758	1002	1295
2048	1024	1536	2009	1003	1295
2303	1024	1536	2279	1004	1295
2559	1024	1536	2528	1004	1295
2815	1024	1536	2783	1006	1296
3071	1024	1536	3028	1005	1295
3327	1024	1536	3264	1003	1293
3583	1024	1536	3523	1003	1293
3839	1024	1536	3777	1003	1291
4095	1024	1536	4036	1004	1292
0	1280	1536	0	1255	1303
256	1280	1536	251	1253	1297
512	1280	1536	506	1254	1296
768	1280	1536	757	1255	1295
1024	1280	1536	1004	1254	1295
1280	1280	1536	1261	1254	1295
1536	1280	1536	1504	1255	1295
1792	1280	1536	1753	1254	1293
2048	1280	1536	2004	1254	1293
2303	1280	1536	2272	1254	1293
2559	1280	1536	2523	1255	1293
2815	1280	1536	2775	1256	1293
3071	1280	1536	3023	1257	1293
3327	1280	1536	3257	1254	1290
3583	1280	1536	3517	1255	1290
3839	1280	1536	3775	1256	1290
4095	1280	1536	4028	1255	1290
0	1536	1536	0	1491	1300
256	1536	1536	250	1489	1295
512	1536	1536	505	1491	1294
768	1536	1536	756	1493	1295
1024	1536	1536	1003	1491	1293
1280	1536	1536	1259	1491	1292
1536	1536	1536	1504	1494	1294
1792	1536	1536	1750	1490	1291
2048	1536	1536	2000	1490	1291
2303	1536	1536	2269	1491	1290
2559	1536	1536	2518	1491	1290
2815	1536	1536	2769	1492	1290
3071	1536	1536	3019	1494	1291
3327	1536	1536	3257	1493	1290
3583	1536	1536	3512	1491	1288
3839	1536	1536	3770	1491	1288
4095	1536	1536	4023	1491	1287
0	1792	1536	0	1732	1300
256	1792	1536	249	1730	1295
512	1792	1536	504	1730	1294
768	1792	1536	755	1731	1293
1024	1792	1536	1002	1731	1293
1280	1792	1536	1259	1732	1292
1536	1792	1536	1501	1731	1292
1792	1792	1536	1750	1731	1291
2048	1792	1536	1999	1730	1290
2303	1792	1536	2268	1731	1290
2559	1792	1536	2520	1733	1292
2815	1792	1536	2767	1731	1290
3071	1792	1536	3013	1730	1288
3327	1792	1536	3255	1732	1289
3583	1792	1536	3510	1729	1287
3839	1792	1536	3769	1731	1288
4095	1792	1536	4021	1729	1286
0	2048	1536	0	1976	1299
256	2048	1536	249	1977	1295
512	2048	1536	503	1974	1292
768	2048	1536	754	1977	1293
1024	2048	1536	1000	1973	1290
1280	2048	1536	1255	1974	1289
1536	2048	1536	1500	1977	1291
1792	2048	1536	1747	1974	1289
2048	2048	1536	1997	1975	1289
2303	2048	1536	2266	1976	1289
2559	2048	1536	2516	1977	1289
2815	2048	1536	2765	1976	1289
3071	2048	1536	3011	1974	1287
3327	2048	1536	3251	1975	1287
3583	2048	1536	3507	1973	1286
3839	2048	1536	3763	1973	1285
4095	2048	1536	4017	1972	1285
0	2303	1536	0	2240	1299
256	2303	1536	247	2237	1293
512	2303	1536	502	2237	1292
768	2303	1536	752	2239	1292
1024	2303	1536	999	2238	1291
1280	2303	1536	1255	2239	1291
1536	2303	1536	1497	2239	1290
1792	2303	1536	1747	2239	1290
2048	2303	1536	1996	2237	1289
2303	2303	1536	2263	2237	1288
2559	2303	1536	2513	2238	1289
2815	2303	1536	2763	2238	1288
3071	2303	1536	3011	2238	1288
3327	2303	1536	3248	2237	1287
3583	2303	1536	3505	2235	1286
3839	2303	1536	3763	2237	1286
4095	2303	1536	4019	2238	1286
0	2559	1536	0	2481	1298
256	2559	1536	247	2479	1294
512	2559	1536	502	2479	1292
768	2559	1536	752	2480	1292
1024	2559	1536	999	2478	1290
1280	2559	1536	1254	2479	1290
1536	2559	1536	1498	2480	1290
1792	2559	1536	1748	2480	1290
2048	2559	1536	1994	2476	1288
2303	2559	1536	2262	2476	1287
2559	2559	1536	2513	2479	1289
2815	2559	1536	2763	2479	1288
3071	2559	1536	3010	2479	1288
3327	2559	1536	3248	2477	1286
3583	2559	1536	3507	2478	1287
3839	2559	1536	3760	2474	1284
4095	2559	1536	4015	2475	1285
0	2815	1536	0	2720	1297
256	2815	1536	247	2723	1294
512	2815	1536	501	2718	1291
768	2815	1536	750	2718	1290
1024	2815	1536	997	2716	1288
1280	2815	1536	1252	2717	1288
1536	2815	1536	1495	2719	1288
1792	2815	1536	1745	2718	1288
2048	2815	1536	1991	2715	1286
2303	2815	1536	2259	2716	1286
2559	2815	1536	2511	2719	1288
2815	2815	1536	2762	2721	1288
3071	2815	1536	3006	2716	1285
3327	2815	1536	3246	2717	1285
3583	2815	1536	3505	2718	1286
3839	2815	1536	3759	2716	1284
4095	2815	1536	4012	2715	1283
0	3071	1536	0	2959	1295
256	3071	1536	245	2958	1290
512	3071	1536	499	2957	1289
768	3071	1536	748	2956	1288
1024	3071	1536	995	2956	1287
1280	3071	1536	1250	2957	1287
1536	3071	1536	1493	2958	1287
1792	3071	1536	1741	2956	1286
2048	3071	1536	1989	2955	1285
2303	3071	1536	2257	2955	1285
2559	3071	1536	2506	2956	1285
2815	3071	1536	2757	2958	1285
3071	3071	1536	3006	2959	1286
3327	3071	1536	3240	2954	1283
3583	3071	1536	3500	2956	1283
3839	3071	1536	3754	2953	1282
4095	3071	1536	4008	2953	1282
0	3327	1536	0	3194	1294
256	3327	1536	245	3197	1290
512	3327	1536	498	3191	1287
768	3327	1536	747	3195	1288
1024	3327	1536	993	3193	1286
1280	3327	1536	1250	3199	1288
1536	3327	1536	1491	3196	1286
1792	3327	1536	1737	3191	1284
2048	3327	1536	1985	3188	1282
2303	3327	1536	2253	3190	1283
2559	3327	1536	2502	3191	1283
2815	3327	1536	2753	3193	1283
3071	3327	1536	3002	3195	1284
3327	3327	1536	3238	3192	1282
3583	3327	1536	3494	3190	1281
3839	3327	1536	3751	3190	1281
4095	3327	1536	4005	3190	1281
0	3583	1536	0	3445	1294
256	3583	1536	244	3442	1287
512	3583	1536	496	3439	1285
768	3583	1536	745	3442	1286
1024	3583	1536	993	3445	1287
1280	3583	1536	1247	3443	1285
1536	3583	1536	1488	3442	1284
1792	3583	1536	1737	3441	1284
2048	3583	1536	1986	3441	1284
2303	3583	1536	2254	3442	1284
2559	3583	1536	2501	3440	1282
2815	3583	1536	2753	3445	1284
3071	3583	1536	2999	3443	1283
3327	3583	1536	3235	3439	1281
3583	3583	1536	3496	3442	1282
3839	3583	1536	3749	3439	1280
4095	3583	1536	4009	3445	1283
0	3839	1536	0	3694	1294
256	3839	1536	243	3691	1288
512	3839	1536	497	3692	1288
768	3839	1536	745	3691	1286
1024	3839	1536	991	3690	1285
1280	3839	1536	1246	3692	1286
1536	3839	1536	1488	3691	1285
1792	3839	1536	1735	3688	1283
2048	3839	1536	1984	3687	1283
2303	3839	1536	2251	3687	1282
2559	3839	1536	2499	3687	1282
2815	3839	1536	2750	3689	1282
3071	3839	1536	2998	3690	1282
3327	3839	1536	3238	3691	1283
3583	3839	1536	3494	3689	1282
3839	3839	1536	3748	3686	1280
4095	3839	1536	4003	3687	1280
0	4095	1536	0	3934	1293
256	4095	1536	243	3931	1287
512	4095	1536	496	3930	1285
768	4095	1536	744	3930	1284
1024	4095	1536	991	3930	1284
1280	4095	1536	1245	3930	1283
1536	4095	1536	1486	3930	1283
1792	4095	1536	1734	3929	1282
2048	4095	1536	1986	3934	1284
2303	4095	1536	2250	3927	1281
2559	4095	1536	2500	3930	1282
2815	4095	1536	2749	3929	1281
3071	4095	1536	2997	3931	1282
3327	4095	1536	3235	3930	1281
3583	4095	1536	3490	3927	1279
3839	4095	1536	3748	3928	1280
4095	4095	1536	4002	3928	1280
0	0	1792	0	1	1528
256	0	1792	260	2	1519
512	0	1792	517	3	1514
768	0	1792	770	3	1512
1024	0	1792	1021	4	1512
1280	0	1792	1279	4	1511
1536	0	1792	1527	5	1514
1792	0	1792	1776	5	1510
2048	0	1792	2031	6	1512
2303	0	1792	2297	6	1510
2559	0	1792	2549	7	1508
2815	0	1792	2804	7	1510
3071	0	1792	3051	8	1507
3327	0	1792	3293	8	1507
3583	0	1792	3548	9	1504
3839	0	1792	3806	9	1504
4095	0	1792	4061	9	1504
0	256	1792	0	261	1527
256	256	1792	257	262	1518
512	256	1792	515	262	1514
768	256	1792	767	263	1512
1024	256	1792	1017	263	1512
1280	256	1792	1275	263	1511
1536	256	1792	1520	264	1513
1792	256	1792	1772	264	1510
2048	256	1792	2021	264	1512
2303	256	1792	2290	265	1509
2559	256	1792	2541	265	1508
2815	256	1792	2793	265	1510
3071	256	1792	3042	266	1507
3327	256	1792	3283	266	1507
3583	256	1792	3544	267	1504
3839	256	1792	3794	266	1504
4095	256	1792	4052	267	1504
0	512	1792	0	516	1523
256	512	1792	255	516	1515
512	512	1792	512	516	1513
768	512	1792	765	517	1512
1024	512	1792	1014	517	1511
1280	512	1792	1271	517	1510
1536	512	1792	1516	518	1509
1792	512	1792	1767	518	1509
2048	512	1792	2019	518	1506
2303	512	1792	2289	519	1506
2559	512	1792	2539	519	1506
2815	512	1792	2791	519	1506
3071	512	1792	3035	518	1505
3327	512	1792	3278	520	1505
3583	512	1792	3538	520	1505
3839	512	1792	3793	520	1501
4095	512	1792	4044	519	1502
0	768	1792	0	760	1519
256	768	1792	254	760	1511
512	768	1792	511	760	1510
768	768	1792	762	760	1510
1024	768	1792	1010	760	1508
1280	768	1792	1268	760	1507
1536	768	1792	1513	762	1507
1792	768	1792	1763	761	1506
2048	768	1792	2014	761	1506
2303	768	1792	2282	761	1506
2559	768	1792	2533	761	1505
2815	768	1792	2785	762	1505
3071	768	1792	3033	762	1502
3327	768	1792	3272	762	1503
3583	768	1792	3530	762	1503
3839	768	1792	3786	762	1501
4095	768	1792	4042	762	1499
0	1024	1792	0	1005	1515
256	1024	1792	253	1005	1509
512	1024	1792	510	1006	1507
768	1024	1792	762	1007	1506
1024	1024	1792	1009	1004	1505
1280	1024	1792	1269	1008	1504
1536	1024	1792	1512	1007	1505
1792	1024	1792	1760	1005	1503
2048	1024	1792	2012	1006	1503
2303	1024	1792	2278	1005	1502
2559	1024	1792	2530	1006	1502
2815	1024	1792	2781	1006	1502
3071	1024	1792	3031	1007	1501
3327	1024	1792	3269	1006	1500
3583	1024	1792	3529	1006	1499
3839	1024	1792	3784	1006	1498
4095	1024	1792	4039	1006	1498
0	1280	1792	0	1259	1514
256	1280	1792	251	1258	1508
512	1280	1792	508	1259	1507
768	1280	1792	759	1260	1507
1024	1280	1792	1008	1259	1503
1280	1280	1792	1264	1259	1506
1536	1280	1792	1509	1260	1504
1792	1280	1792	1758	1259	1501
2048	1280	1792	2005	1256	1502
2303	1280	1792	2273	1256	1499
2559	1280	1792	2524	1257	1500
2815	1280	1792	2775	1257	1500
3071	1280	1792	3025	1258	1500
3327	1280	1792	3264	1258	1498
3583	1280	1792	3522	1258	1498
3839	1280	1792	3782	1259	1497
4095	1280	1792	4033	1258	1497
0	1536	1792	0	1496	1511
256	1536	1792	250	1495	1505
512	1536	1792	506	1495	1505
768	1536	1792	757	1496	1504
1024	1536	1792	1007	1498	1503
1280	1536	1792	1262	1496	1502
1536	1536	1792	1506	1497	1502
1792	1536	1792	1757	1497	1501
2048	1536	1792	2004	1495	1497
2303	1536	1792	2273	1496	1496
2559	1536	1792	2522	1495	1497
2815	1536	1792	2774	1496	1497
3071	1536	1792	3023	1497	1497
3327	1536	1792	3261	1496	1496
3583	1536	1792	3519	1495	1496
3839	1536	1792	3778	1497	1497
4095	1536	1792	4032	1496	1495
0	1792	1792	0	1735	1509
256	1792	1792	249	1735	1503
512	1792	1792	504	1732	1501
768	1792	1792	755	1734	1501
1024	1792	1792	1003	1733	1501
1280	1792	1792	1259	1734	1499
1536	1792	1792	1504	1736	1500
1792	1792	1792	1753	1735	1499
2048	1792	1792	2002	1734	1497
2303	1792	1792	2271	1735	1497
2559	1792	1792	2520	1734	1496
2815	1792	1792	2771	1735	1497
3071	1792	1792	3018	1734	1496
3327	1792	1792	3259	1735	1495
3583	1792	1792	3512	1732	1493
3839	1792	1792	3771	1733	1494
4095	1792	1792	4031	1736	1494
0	2048	1792	0	1982	1507
256	2048	1792	249	1980	1502
512	2048	1792	505	1982	1498
768	2048	1792	755	1981	1498
1024	2048	1792	1004	1983	1497
1280	2048	1792	1259	1981	1497
1536	2048	1792	1502	1981	1498
1792	2048	1792	1750	1978	1496
2048	2048	1792	2001	1979	1496
2303	2048	1792	2270	1980	1495
2559	2048	1792	2520	1981	1495
2815	2048	1792	2770	1981	1495
3071	2048	1792	3019	1982	1494
3327	2048	1792	3258	1981	1494
3583	2048	1792	3513	1978	1491
3839	2048	1792	3771	1979	1491
4095	2048	1792	4025	1978	1493
0	2303	1792	0	2246	1507
256	2303	1792	248	2245	1500
512	2303	1792	503	2245	1501
768	2303	1792	754	2247	1499
1024	2303	1792	1001	2244	1499
1280	2303	1792	1257	2244	1497
1536	2303	1792	1502	2246	1497
1792	2303	1792	1750	2244	1495
2048	2303	1792	1997	2241	1494
2303	2303	1792	2269	2245	1495
2559	2303	1792	2516	2242	1495
2815	2303	1792	2770	2245	1495
3071	2303	1792	3017	2245	1495
3327	2303	1792	3254	2243	1493
3583	2303	1792	3519	2244	1492
3839	2303	1792	3771	2242	1492
4095	2303	1792	4020	2238	1491
0	2559	1792	0	2485	1507
256	2559	1792	247	2482	1501
512	2559	1792	502	2482	1499
768	2559	1792	752	2483	1500
1024	2559	1792	1000	2483	1497
1280	2559	1792	1255	2483	1496
1536	2559	1792	1499	2483	1497
1792	2559	1792	1749	2483	1496
2048	2559	1792	1996	2480	1493
2303	2559	1792	2266	2482	1495
2559	2559	1792	2515	2482	1493
2815	2559	1792	2767	2484	1495
3071	2559	1792	3015	2484	1494
3327	2559	1792	3250	2480	1492
3583	2559	1792	3510	2480	1496
3839	2559	1792	3767	2481	1492
4095	2559	1792	4018	2478	1489
0	2815	1792	0	2722	1505
256	2815	1792	246	2720	1498
512	2815	1792	500	2719	1497
768	2815	1792	750	2719	1496
1024	2815	1792	998	2720	1496
1280	2815	1792	1253	2722	1495
1536	2815	1792	1497	2723	1494
1792	2815	1792	1746	2721	1494
2048	2815	1792	1994	2720	1492
2303	2815	1792	2262	2720	1493
2559	2815	1792	2514	2724	1493
2815	2815	1792	2763	2722	1493
3071	2815	1792	3012	2723	1493
3327	2815	1792	3249	2721	1490
3583	2815	1792	3504	2717	1489
3839	2815	1792	3763	2719	1490
4095	2815	1792	4015	2717	1488
0	3071	1792	0	2967	1502
256	3071	1792	246	2965	1495
512	3071	1792	499	2961	1494
768	3071	1792	750	2964	1493
1024	3071	1792	996	2962	1493
1280	3071	1792	1252	2963	1493
1536	3071	1792	1496	2965	1493
1792	3071	1792	1744	2962	1491
2048	3071	1792	1990	2958	1490
2303	3071	1792	2258	2958	1490
2559	3071	1792	2508	2960	1492
2815	3071	1792	2757	2959	1491
3071	3071	1792	3008	2962	1491
3327	3071	1792	3247	2963	1490
3583	3071	1792	3503	2960	1487
3839	3071	1792	3758	2957	1487
4095	3071	1792	4013	2959	1487
0	3327	1792	0	3203	1504
256	3327	1792	245	3202	1497
512	3327	1792	497	3196	1494
768	3327	1792	748	3201	1494
1024	3327	1792	994	3196	1492
1280	3327	1792	1249	3198	1492
1536	3327	1792	1491	3198	1493
1792	3327	1792	1741	3199	1491
2048	3327	1792	1990	3197	1488
2303	3327	1792	2258	3199	1488
2559	3327	1792	2507	3199	1488
2815	3327	1792	2758	3201	1488
3071	3327	1792	3005	3200	1489
3327	3327	1792	3241	3196	1489
3583	3327	1792	3498	3195	1487
3839	3327	1792	3756	3196	1486
4095	3327	1792	4011	3197	1486
0	3583	1792	0	3449	1500
256	3583	1792	243	3447	1494
512	3583	1792	497	3445	1491
768	3583	1792	747	3452	1492
1024	3583	1792	993	3446	1490
1280	3583	1792	1249	3452	1492
1536	3583	1792	1491	3451	1490
1792	3583	1792	1737	3444	1489
2048	3583	1792	1989	3448	1489
2303	3583	1792	2257	3448	1489
2559	3583	1792	2505	3447	1489
2815	3583	1792	2755	3449	1489
3071	3583	1792	3003	3449	1488
3327	3583	1792	3241	3447	1485
3583	3583	1792	3496	3443	1485
3839	3583	1792	3752	3443	1485
4095	3583	1792	4011	3447	1485
0	3839	1792	0	3697	1499
256	3839	1792	243	3696	1492
512	3839	1792	496	3693	1490
768	3839	1792	745	3695	1492
1024	3839	1792	993	3698	1489
1280	3839	1792	1247	3696	1491
1536	3839	1792	1489	3696	1491
1792	3839	1792	1737	3694	1487
2048	3839	1792	1987	3694	1488
2303	3839	1792	2254	3693	1487
2559	3839	1792	2503	3694	1487
2815	3839	1792	2754	3696	1487
3071	3839	1792	3003	3697	1487
3327	3839	1792	3240	3695	1486
3583	3839	1792	3496	3692	1484
3839	3839	1792	3756	3696	1483
4095	3839	1792	4013	3699	1485
0	4095	1792	0	3942	1499
256	4095	1792	243	3940	1493
512	4095	1792	496	3939	1490
768	4095	1792	745	3938	1490
1024	4095	1792	993	3941	1491
1280	4095	1792	1247	3940	1489
1536	4095	1792	1490	3941	1489
1792	4095	1792	1738	3938	1488
2048	4095	1792	1986	3936	1487
2303	4095	1792	2253	3934	1486
2559	4095	1792	2502	3935	1486
2815	4095	1792	2752	3936	1487
3071	4095	1792	3001	3938	1487
3327	4095	1792	3238	3936	1486
3583	4095	1792	3497	3937	1484
3839	4095	1792	3750	3931	1486
4095	4095	1792	4006	3933	1487
0	0	2048	0	1	1743
256	0	2048	260	2	1733
512	0	2048	519	3	1731
768	0	2048	772	3	1730
1024	0	2048	1023	4	1727
1280	0	2048	1282	5	1727
1536	0	2048	1529	5	1728
1792	0	2048	1780	5	1726
2048	0	2048	2030	6	1724
2303	0	2048	2298	7	1723
2559	0	2048	2549	7	1722
2815	0	2048	2804	7	1724
3071	0	2048	3052	8	1720
3327	0	2048	3295	8	1721
3583	0	2048	3555	9	1720
3839	0	2048	3808	9	1717
4095	0	2048	4065	10	1717
0	256	2048	0	262	1741
256	256	2048	257	262	1733
512	256	2048	515	263	1730
768	256	2048	769	264	1729
1024	256	2048	1019	264	1727
1280	256	2048	1277	264	1726
1536	256	2048	1522	265	1727
1792	256	2048	1776	266	1726
2048	256	2048	2025	265	1723
2303	256	2048	2295	266	1723
2559	256	2048	2547	266	1722
2815	256	2048	2799	267	1723
3071	256	2048	3050	267	1721
3327	256	2048	3286	267	1720
3583	256	2048	3547	268	1720
3839	256	2048	3801	267	1716
4095	256	2048	4059	268	1717
0	512	2048	0	517	1737
256	512	2048	255	517	1729
512	512	2048	513	518	1727
768	512	2048	766	519	1727
1024	512	2048	1015	518	1724
1280	512	2048	1273	519	1724
1536	512	2048	1517	519	1723
1792	512	2048	1768	519	1723
2048	512	2048	2020	519	1721
2303	512	2048	2290	520	1721
2559	512	2048	2542	520	1721
2815	512	2048	2793	521	1721
3071	512	2048	3046	522	1721
3327	512	2048	3280	520	1717
3583	512	2048	3541	521	1718
3839	512	2048	3799	521	1716
4095	512	2048	4051	521	1716
0	768	2048	0	762	1733
256	768	2048	253	761	1724
512	768	2048	511	762	1724
768	768	2048	762	762	1724
1024	768	2048	1012	762	1721
1280	768	2048	1269	762	1720
1536	768	2048	1517	764	1720
1792	768	2048	1765	763	1718
2048	768	2048	2016	763	1718
2303	768	2048	2286	763	1718
2559	768	2048	2537	764	1718
2815	768	2048	2789	764	1718
3071	768	2048	3041	765	1719
3327	768	2048	3277	764	1715
3583	768	2048	3533	763	1715
3839	768	2048	3791	764	1714
4095	768	2048	4046	764	1713
0	1024	2048	0	1008	1729
256	1024	2048	252	1007	1721
512	1024	2048	510	1008	1720
768	1024	2048	763	1010	1720
1024	1024	2048	1011	1008	1718
1280	1024	2048	1271	1011	1719
1536	1024	2048	1513	1009	1720
1792	1024	2048	1763	1008	1716
2048	1024	2048	2015	1008	1716
2303	1024	2048	2286	1010	1716
2559	1024	2048	2534	1008	1715
2815	1024	2048	2786	1009	1716
3071	1024	2048	3034	1009	1716
3327	1024	2048	3274	1009	1713
3583	1024	2048	3532	1009	1712
3839	1024	2048	3792	1009	1712
4095	1024	2048	4043	1008	1712
0	1280	2048	0	1261	1728
256	1280	2048	251	1259	1721
512	1280	2048	507	1260	1719
768	1280	2048	760	1262	1721
1024	1280	2048	1009	1261	1717
1280	1280	2048	1265	1261	1719
1536	1280	2048	1509	1261	1716
1792	1280	2048	1760	1262	1715
2048	1280	2048	2012	1262	1715
2303	1280	2048	2278	1260	1715
2559	1280	2048	2528	1260	1713
2815	1280	2048	2780	1261	1714
3071	1280	2048	3031	1262	1713
3327	1280	2048	3268	1261	1712
3583	1280	2048	3526	1260	1712
3839	1280	2048	3786	1262	1712
4095	1280	2048	4040	1262	1711
0	1536	2048	0	1501	1725
256	1536	2048	250	1499	1718
512	1536	2048	507	1499	1716
768	1536	2048	757	1498	1716
1024	1536	2048	1007	1500	1715
1280	1536	2048	1263	1499	1714
1536	1536	2048	1507	1499	1713
1792	1536	2048	1757	1499	1713
2048	1536	2048	2008	1499	1713
2303	1536	2048	2277	1499	1712
2559	1536	2048	2527	1500	1711
2815	1536	2048	2778	1500	1712
3071	1536	2048	3027	1500	1712
3327	1536	2048	3267	1500	1710
3583	1536	2048	3522	1497	1709
3839	1536	2048	3784	1500	1710
4095	1536	2048	4036	1499	1709
0	1792	2048	0	1741	1724
256	1792	2048	250	1740	1716
512	1792	2048	506	1740	1715
768	1792	2048	757	1740	1713
1024	1792	2048	1005	1738	1713
1280	1792	2048	1264	1743	1713
1536	1792	2048	1506	1740	1712
1792	1792	2048	1755	1739	1712
2048	1792	2048	2003	1736	1710
2303	1792	2048	2273	1737	1710
2559	1792	2048	2523	1738	1710
2815	1792	2048	2774	1738	1711
3071	1792	2048	3023	1738	1710
3327	1792	2048	3262	1738	1709
3583	1792	2048	3521	1738	1707
3839	1792	2048	3774	1735	1707
4095	1792	2048	4032	1737	1707
0	2048	2048	0	1985	1722
256	2048	2048	248	1983	1715
512	2048	2048	504	1984	1714
768	2048	2048	755	1984	1713
1024	2048	2048	1004	1985	1712
1280	2048	2048	1261	1986	1713
1536	2048	2048	1504	1985	1712
1792	2048	2048	1754	1985	1711
2048	2048	2048	2002	1982	1708
2303	2048	2048	2271	1983	1708
2559	2048	2048	2521	1983	1708
2815	2048	2048	2773	1984	1708
3071	2048	2048	3025	1987	1708
3327	2048	2048	3263	1985	1707
3583	2048	2048	3517	1981	1706
3839	2048	2048	3775	1982	1704
4095	2048	2048	4031	1983	1705
0	2303	2048	0	2250	1720
256	2303	2048	247	2249	1713
512	2303	2048	503	2250	1713
768	2303	2048	755	2251	1713
1024	2303	2048	1003	2250	1712
1280	2303	2048	1259	2249	1711
1536	2303	2048	1503	2250	1710
1792	2303	2048	1752	2248	1710
2048	2303	2048	2002	2248	1708
2303	2303	2048	2272	2249	1708
2559	2303	2048	2521	2248	1708
2815	2303	2048	2773	2249	1709
3071	2303	2048	3025	2252	1710
3327	2303	2048	3258	2247	1707
3583	2303	2048	3520	2247	1705
3839	2303	2048	3776	2247	1705
4095	2303	2048	4028	2245	1705
0	2559	2048	0	2491	1721
256	2559	2048	247	2490	1714
512	2559	2048	503	2490	1713
768	2559	2048	753	2490	1713
1024	2559	2048	1001	2487	1711
1280	2559	2048	1259	2491	1711
1536	2559	2048	1502	2491	1711
1792	2559	2048	1753	2491	1709
2048	2559	2048	2000	2486	1708
2303	2559	2048	2269	2487	1708
2559	2559	2048	2518	2486	1708
2815	2559	2048	2769	2487	1708
3071	2559	2048	3020	2489	1710
3327	2559	2048	3257	2487	1706
3583	2559	2048	3517	2487	1707
3839	2559	2048	3771	2484	1705
4095	2559	2048	4026	2485	1704
0	2815	2048	0	2729	1719
256	2815	2048	246	2728	1713
512	2815	2048	501	2727	1712
768	2815	2048	751	2727	1711
1024	2815	2048	1000	2727	1709
1280	2815	2048	1257	2732	1711
1536	2815	2048	1499	2729	1710
1792	2815	2048	1751	2731	1709
2048	2815	2048	1996	2724	1706
2303	2815	2048	2264	2724	1705
2559	2815	2048	2514	2725	1705
2815	2815	2048	2764	2724	1705
3071	2815	2048	3015	2728	1706
3327	2815	2048	3255	2727	1705
3583	2815	2048	3511	2725	1704
3839	2815	2048	3766	2723	1702
4095	2815	2048	4021	2723	1702
0	3071	2048	0	2971	1717
256	3071	2048	245	2967	1711
512	3071	2048	500	2967	1709
768	3071	2048	750	2967	1708
1024	3071	2048	998	2967	1707
1280	3071	2048	1253	2968	1709
1536	3071	2048	1498	2971	1707
1792	3071	2048	1747	2968	1707
2048	3071	2048	1997	2968	1704
2303	3071	2048	2263	2967	1703
2559	3071	2048	2512	2966	1703
2815	3071	2048	2762	2966	1703
3071	3071	2048	3012	2967	1704
3327	3071	2048	3252	2967	1703
3583	3071	2048	3506	2964	1701
3839	3071	2048	3768	2967	1701
4095	3071	2048	4020	2966	1700
0	3327	2048	0	3210	1716
256	3327	2048	244	3207	1709
512	3327	2048	498	3204	1707
768	3327	2048	748	3205	1707
1024	3327	2048	995	3203	1705
1280	3327	2048	1250	3204	1705
1536	3327	2048	1496	3210	1707
1792	3327	2048	1744	3206	1704
2048	3327	2048	1996	3209	1705
2303	3327	2048	2262	3206	1703
2559	3327	2048	2511	3205	1702
2815	3327	2048	2762	3207	1703
3071	3327	2048	3009	3205	1702
3327	3327	2048	3248	3205	1702
3583	3327	2048	3504	3202	1699
3839	3327	2048	3761	3202	1701
4095	3327	2048	4017	3203	1700
0	3583	2048	0	3458	1715
256	3583	2048	244	3456	1708
512	3583	2048	498	3454	1706
768	3583	2048	748	3458	1705
1024	3583	2048	996	3458	1704
1280	3583	2048	1252	3461	1704
1536	3583	2048	1494	3459	1706
1792	3583	2048	1742	3455	1703
2048	3583	2048	1993	3457	1704
2303	3583	2048	2261	3456	1702
2559	3583	2048	2510	3456	1702
2815	3583	2048	2760	3457	1702
3071	3583	2048	3007	3455	1701
3327	3583	2048	3245	3453	1700
3583	3583	2048	3503	3453	1699
3839	3583	2048	3760	3452	1698
4095	3583	2048	4012	3449	1698
0	3839	2048	0	3704	1713
256	3839	2048	243	3703	1707
512	3839	2048	496	3699	1704
768	3839	2048	746	3701	1705
1024	3839	2048	994	3703	1705
1280	3839	2048	1249	3703	1705
1536	3839	2048	1493	3705	1704
1792	3839	2048	1740	3701	1702
2048	3839	2048	1990	3701	1701
2303	3839	2048	2260	3704	1702
2559	3839	2048	2508	3702	1701
2815	3839	2048	2758	3703	1701
3071	3839	2048	3006	3703	1700
3327	3839	2048	3245	3702	1699
3583	3839	2048	3500	3698	1698
3839	3839	2048	3761	3702	1698
4095	3839	2048	4015	3699	1697
0	4095	2048	0	3947	1713
256	4095	2048	243	3947	1706
512	4095	2048	497	3945	1703
768	4095	2048	746	3946	1703
1024	4095	2048	994	3946	1703
1280	4095	2048	1250	3950	1702
1536	4095	2048	1492	3947	1703
1792	4095	2048	1740	3944	1701
2048	4095	2048	1990	3944	1700
2303	4095	2048	2258	3945	1701
2559	4095	2048	2507	3944	1700
2815	4095	2048	2760	3949	1701
3071	4095	2048	3009	3950	1701
3327	4095	2048	3242	3942	1699
3583	4095	2048	3504	3946	1697
3839	4095	2048	3759	3943	1698
4095	4095	2048	4013	3941	1699
0	0	2303	0	2	1959
256	0	2303	259	2	1949
512	0	2303	518	3	1947
768	0	2303	771	4	1945
1024	0	2303	1023	4	1943
1280	0	2303	1282	5	1942
1536	0	2303	1530	5	1945
1792	0	2303	1782	6	1944
2048	0	2303	2030	6	1939
2303	0	2303	2299	7	1938
2559	0	2303	2551	7	1939
2815	0	2303	2805	8	1939
3071	0	2303	3054	8	1937
3327	0	2303	3298	9	1938
3583	0	2303	3556	9	1935
3839	0	2303	3812	10	1933
4095	0	2303	4067	10	1934
0	256	2303	0	263	1958
256	256	2303	256	263	1948
512	256	2303	516	264	1946
768	256	2303	769	264	1944
1024	256	2303	1019	264	1942
1280	256	2303	1277	265	1942
1536	256	2303	1524	266	1943
1792	256	2303	1777	266	1942
2048	256	2303	2026	266	1938
2303	256	2303	2295	266	1938
2559	256	2303	2546	267	1938
2815	256	2303	2801	268	1939
3071	256	2303	3049	267	1937
3327	256	2303	3289	268	1937
3583	256	2303	3548	268	1934
3839	256	2303	3806	268	1933
4095	256	2303	4059	268	1933
0	512	2303	0	518	1954
256	512	2303	254	518	1944
512	512	2303	512	519	1944
768	512	2303	765	519	1942
1024	512	2303	1015	519	1940
1280	512	2303	1273	519	1939
1536	512	2303	1518	520	1939
1792	512	2303	1770	520	1939
2048	512	2303	2022	520	1936
2303	512	2303	2292	521	1936
2559	512	2303	2544	521	1936
2815	512	2303	2796	522	1937
3071	512	2303	3048	523	1936
3327	512	2303	3283	521	1933
3583	512	2303	3542	522	1933
3839	512	2303	3801	522	1933
4095	512	2303	4055	522	1931
0	768	2303	0	763	1949
256	768	2303	253	762	1941
512	768	2303	511	763	1939
768	768	2303	763	763	1938
1024	768	2303	1013	763	1937
1280	768	2303	1271	764	1936
1536	768	2303	1516	765	1936
1792	768	2303	1766	764	1935
2048	768	2303	2018	764	1934
2303	768	2303	2288	765	1934
2559	768	2303	2539	765	1934
2815	768	2303	2793	767	1935
3071	768	2303	3041	766	1934
3327	768	2303	3278	765	1930
3583	768	2303	3535	764	1929
3839	768	2303	3794	765	1929
4095	768	2303	4051	766	1930
0	1024	2303	0	1010	1946
256	1024	2303	252	1009	1938
512	1024	2303	510	1010	1937
768	1024	2303	763	1011	1936
1024	1024	2303	1011	1009	1934
1280	1024	2303	1270	1011	1935
1536	1024	2303	1515	1010	1934
1792	1024	2303	1765	1010	1932
2048	1024	2303	2015	1009	1931
2303	1024	2303	2286	1010	1932
2559	1024	2303	2535	1009	1931
2815	1024	2303	2787	1010	1932
3071	1024	2303	3037	1011	1931
3327	1024	2303	3276	1010	1928
3583	1024	2303	3536	1011	1927
3839	1024	2303	3793	1010	1927
4095	1024	2303	4046	1009	1927
0	1280	2303	0	1263	1944
256	1280	2303	250	1261	1937
512	1280	2303	507	1262	1935
768	1280	2303	761	1265	1936
1024	1280	2303	1009	1264	1933
1280	1280	2303	1266	1263	1933
1536	1280	2303	1511	1263	1932
1792	1280	2303	1761	1263	1931
2048	1280	2303	2013	1264	1930
2303	1280	2303	2281	1263	1930
2559	1280	2303	2532	1263	1928
2815	1280	2303	2783	1264	1929
3071	1280	2303	3032	1263	1928
3327	1280	2303	3273	1264	1927
3583	1280	2303	3529	1262	1926
3839	1280	2303	3790	1264	1926
4095	1280	2303	4042	1262	1924
0	1536	2303	0	1502	1941
256	1536	2303	250	1501	1933
512	1536	2303	506	1501	1932
768	1536	2303	758	1501	1932
1024	1536	2303	1007	1501	1930
1280	1536	2303	1264	1501	1929
1536	1536	2303	1508	1501	1929
1792	1536	2303	1758	1501	1928
2048	1536	2303	2009	1501	1928
2303	1536	2303	2278	1501	1926
2559	1536	2303	2529	1502	1927
2815	1536	2303	2780	1502	1927
3071	1536	2303	3030	1502	1926
3327	1536	2303	3269	1502	1925
3583	1536	2303	3526	1501	1923
3839	1536	2303	3785	1501	1924
4095	1536	2303	4038	1500	1922
0	1792	2303	0	1741	1939
256	1792	2303	249	1742	1932
512	1792	2303	505	1740	1930
768	1792	2303	757	1742	1929
1024	1792	2303	1005	1740	1927
1280	1792	2303	1263	1743	1928
1536	1792	2303	1507	1743	1927
1792	1792	2303	1756	1740	1925
2048	1792	2303	2005	1739	1924
2303	1792	2303	2274	1739	1924
2559	1792	2303	2524	1740	1924
2815	1792	2303	2775	1740	1924
3071	1792	2303	3025	1740	1924
3327	1792	2303	3265	1741	1923
3583	1792	2303	3523	1739	1921
3839	1792	2303	3777	1738	1920
4095	1792	2303	4034	1739	1920
0	2048	2303	0	1988	1937
256	2048	2303	248	1987	1930
512	2048	2303	504	1987	1928
768	2048	2303	755	1986	1928
1024	2048	2303	1005	1987	1926
1280	2048	2303	1262	1988	1927
1536	2048	2303	1505	1988	1926
1792	2048	2303	1754	1986	1924
2048	2048	2303	2005	1986	1923
2303	2048	2303	2274	1986	1922
2559	2048	2303	2523	1986	1922
2815	2048	2303	2775	1987	1922
3071	2048	2303	3027	1989	1923
3327	2048	2303	3263	1985	1921
3583	2048	2303	3520	1984	1919
3839	2048	2303	3777	1984	1918
4095	2048	2303	4034	1985	1919
0	2303	2303	0	2255	1937
256	2303	2303	247	2252	1929
512	2303	2303	503	2251	1927
768	2303	2303	755	2253	1927
1024	2303	2303	1003	2251	1926
1280	2303	2303	1260	2252	1926
1536	2303	2303	1504	2252	1925
1792	2303	2303	1754	2252	1924
2048	2303	2303	2006	2254	1924
2303	2303	2303	2274	2252	1923
2559	2303	2303	2524	2252	1923
2815	2303	2303	2776	2253	1923
3071	2303	2303	3023	2251	1923
3327	2303	2303	3261	2249	1920
3583	2303	2303	3520	2249	1919
3839	2303	2303	3778	2250	1919
4095	2303	2303	4030	2247	1918
0	2559	2303	0	2495	1937
256	2559	2303	247	2495	1930
512	2559	2303	502	2492	1927
768	2559	2303	754	2494	1928
1024	2559	2303	1002	2491	1925
1280	2559	2303	1259	2494	1925
1536	2559	2303	1503	2493	1925
1792	2559	2303	1755	2495	1925
2048	2559	2303	2003	2491	1924
2303	2559	2303	2271	2491	1923
2559	2559	2303	2520	2490	1922
2815	2559	2303	2772	2491	1923
3071	2559	2303	3022	2492	1922
3327	2559	2303	3260	2490	1920
3583	2559	2303	3518	2488	1919
3839	2559	2303	3777	2490	1919
4095	2559	2303	4029	2488	1917
0	2815	2303	0	2732	1935
256	2815	2303	246	2731	1928
512	2815	2303	501	2730	1925
768	2815	2303	751	2731	1926
1024	2815	2303	1000	2730	1923
1280	2815	2303	1257	2732	1924
1536	2815	2303	1501	2734	1924
1792	2815	2303	1751	2732	1923
2048	2815	2303	1998	2728	1920
2303	2815	2303	2266	2728	1919
2559	2815	2303	2515	2727	1919
2815	2815	2303	2766	2727	1919
3071	2815	2303	3018	2731	1920
3327	2815	2303	3256	2729	1919
3583	2815	2303	3512	2726	1916
3839	2815	2303	3769	2726	1917
4095	2815	2303	4024	2725	1916
0	3071	2303	0	2973	1932
256	3071	2303	245	2970	1924
512	3071	2303	500	2970	1923
768	3071	2303	750	2972	1923
1024	3071	2303	998	2970	1921
1280	3071	2303	1254	2971	1921
1536	3071	2303	1500	2976	1922
1792	3071	2303	1747	2970	1919
2048	3071	2303	1996	2968	1917
2303	3071	2303	2263	2967	1916
2559	3071	2303	2513	2967	1916
2815	3071	2303	2765	2970	1917
3071	3071	2303	3013	2969	1917
3327	3071	2303	3252	2968	1916
3583	3071	2303	3509	2967	1914
3839	3071	2303	3770	2969	1914
4095	3071	2303	4020	2965	1913
0	3327	2303	0	3212	1931
256	3327	2303	243	3208	1922
512	3327	2303	498	3207	1921
768	3327	2303	748	3207	1921
1024	3327	2303	995	3206	1919
1280	3327	2303	1251	3207	1918
1536	3327	2303	1496	3212	1921
1792	3327	2303	1745	3209	1917
2048	3327	2303	1996	3211	1917
2303	3327	2303	2262	3207	1915
2559	3327	2303	2511	3207	1915
2815	3327	2303	2763	3209	1916
3071	3327	2303	3011	3208	1915
3327	3327	2303	3248	3206	1914
3583	3327	2303	3506	3204	1913
3839	3327	2303	3764	3205	1914
4095	3327	2303	4018	3205	1912
0	3583	2303	0	3462	1929
256	3583	2303	243	3461	1921
512	3583	2303	498	3459	1919
768	3583	2303	748	3460	1919
1024	3583	2303	996	3460	1918
1280	3583	2303	1251	3461	1917
1536	3583	2303	1495	3463	1918
1792	3583	2303	1742	3457	1915
2048	3583	2303	1993	3457	1916
2303	3583	2303	2261	3458	1914
2559	3583	2303	2510	3457	1914
2815	3583	2303	2761	3459	1915
3071	3583	2303	3008	3457	1914
3327	3583	2303	3250	3459	1913
3583	3583	2303	3506	3457	1912
3839	3583	2303	3760	3453	1911
4095	3583	2303	4013	3451	1910
0	3839	2303	0	3707	1928
256	3839	2303	242	3706	1921
512	3839	2303	496	3703	1918
768	3839	2303	747	3707	1919
1024	3839	2303	995	3708	1918
1280	3839	2303	1249	3705	1917
1536	3839	2303	1493	3708	1917
1792	3839	2303	1741	3705	1914
2048	3839	2303	1991	3705	1914
2303	3839	2303	2260	3706	1914
2559	3839	2303	2508	3705	1914
2815	3839	2303	2762	3709	1915
3071	3839	2303	3008	3707	1913
3327	3839	2303	3248	3707	1914
3583	3839	2303	3503	3701	1911
3839	3839	2303	3761	3702	1910
4095	3839	2303	4014	3700	1909
0	4095	2303	0	3951	1927
256	4095	2303	242	3949	1920
512	4095	2303	496	3949	1917
768	4095	2303	747	3950	1918
1024	4095	2303	994	3949	1917
1280	4095	2303	1249	3950	1916
1536	4095	2303	1492	3950	1916
1792	4095	2303	1741	3949	1915
2048	4095	2303	1991	3947	1914
2303	4095	2303	2259	3948	1914
2559	4095	2303	2508	3947	1913
2815	4095	2303	2763	3954	1916
3071	4095	2303	3010	3953	1914
3327	4095	2303	3246	3947	1912
3583	4095	2303	3508	3951	1912
3839	4095	2303	3761	3947	1911
4095	4095	2303	4017	3947	1911
0	0	2559	0	2	2184
256	0	2559	259	3	2173
512	0	2559	518	3	2170
768	0	2559	771	4	2168
1024	0	2559	1022	4	2164
1280	0	2559	1283	5	2167
1536	0	2559	1530	5	2167
1792	0	2559	1781	6	2165
2048	0	2559	2031	6	2161
2303	0	2559	2300	7	2161
2559	0	2559	2552	7	2161
2815	0	2559	2805	8	2161
3071	0	2559	3057	8	2161
3327	0	2559	3300	9	2161
3583	0	2559	3554	9	2155
3839	0	2559	3814	10	2156
4095	0	2559	4069	10	2156
0	256	2559	0	264	2181
256	256	2559	256	263	2171
512	256	2559	515	265	2169
768	256	2559	768	264	2166
1024	256	2559	1019	265	2164
1280	256	2559	1277	265	2165
1536	256	2559	1524	266	2165
1792	256	2559	1776	266	2164
2048	256	2559	2027	266	2161
2303	256	2559	2296	267	2160
2559	256	2559	2547	267	2159
2815	256	2559	2802	268	2161
3071	256	2559	3048	267	2159
3327	256	2559	3291	268	2159
3583	256	2559	3549	268	2156
3839	256	2559	3809	269	2156
4095	256	2559	4062	269	2155
0	512	2559	0	519	2177
256	512	2559	254	519	2167
512	512	2559	512	519	2165
768	512	2559	765	519	2163
1024	512	2559	1016	520	2162
1280	512	2559	1273	520	2161
1536	512	2559	1519	520	2161
1792	512	2559	1772	521	2161
2048	512	2559	2024	521	2159
2303	512	2559	2294	522	2159
2559	512	2559	2545	522	2158
2815	512	2559	2798	523	2159
3071	512	2559	3047	523	2157
3327	512	2559	3285	522	2156
3583	512	2559	3543	522	2154
3839	512	2559	3802	523	2155
4095	512	2559	4059	523	2154
0	768	2559	0	764	2172
256	768	2559	253	764	2163
512	768	2559	510	764	2161
768	768	2559	763	764	2160
1024	768	2559	1013	764	2159
1280	768	2559	1271	765	2158
1536	768	2559	1516	765	2158
1792	768	2559	1767	765	2157
2048	768	2559	2019	765	2156
2303	768	2559	2289	766	2157
2559	768	2559	2540	766	2156
2815	768	2559	2793	767	2156
3071	768	2559	3041	766	2155
3327	768	2559	3279	766	2152
3583	768	2559	3538	766	2151
3839	768	2559	3796	766	2151
4095	768	2559	4053	767	2152
0	1024	2559	0	1011	2170
256	1024	2559	252	1010	2162
512	1024	2559	510	1011	2159
768	1024	2559	762	1011	2158
1024	1024	2559	1012	1011	2157
1280	1024	2559	1270	1012	2157
1536	1024	2559	1515	1012	2157
1792	1024	2559	1766	1011	2155
2048	1024	2559	2015	1010	2153
2303	1024	2559	2286	1011	2154
2559	1024	2559	2535	1010	2152
2815	1024	2559	2789	1012	2154
3071	1024	2559	3038	1012	2152
3327	1024	2559	3279	1012	2151
3583	1024	2559	3538	1012	2150
3839	1024	2559	3795	1011	2149
4095	1024	2559	4048	1010	2148
0	1280	2559	0	1265	2167
256	1280	2559	250	1263	2159
512	1280	2559	507	1264	2158
768	1280	2559	761	1266	2158
1024	1280	2559	1010	1265	2156
1280	1280	2559	1267	1265	2155
1536	1280	2559	1513	1266	2156
1792	1280	2559	1762	1264	2153
2048	1280	2559	2013	1264	2151
2303	1280	2559	2283	1265	2151
2559	1280	2559	2534	1265	2151
2815	1280	2559	2788	1267	2153
3071	1280	2559	3034	1265	2150
3327	1280	2559	3276	1266	2150
3583	1280	2559	3532	1264	2149
3839	1280	2559	3792	1265	2148
4095	1280	2559	4043	1263	2146
0	1536	2559	0	1503	2164
256	1536	2559	249	1502	2156
512	1536	2559	506	1502	2154
768	1536	2559	758	1503	2154
1024	1536	2559	1007	1503	2152
1280	1536	2559	1265	1503	2152
1536	1536	2559	1509	1503	2152
1792	1536	2559	1759	1502	2149
2048	1536	2559	2009	1502	2148
2303	1536	2559	2279	1503	2148
2559	1536	2559	2529	1503	2148
2815	1536	2559	2782	1504	2150
3071	1536	2559	3032	1504	2148
3327	1536	2559	3269	1502	2146
3583	1536	2559	3529	1502	2145
3839	1536	2559	3786	1502	2145
4095	1536	2559	4040	1501	2143
0	1792	2559	0	1742	2160
256	1792	2559	249	1743	2154
512	1792	2559	505	1742	2151
768	1792	2559	757	1743	2151
1024	1792	2559	1005	1741	2148
1280	1792	2559	1263	1743	2149
1536	1792	2559	1508	1745	2150
1792	1792	2559	1755	1741	2146
2048	1792	2559	2006	1741	2145
2303	1792	2559	2275	1741	2145
2559	1792	2559	2526	1742	2146
2815	1792	2559	2776	1742	2145
3071	1792	2559	3027	1742	2145
3327	1792	2559	3268	1743	2144
3583	1792	2559	3524	1741	2143
3839	1792	2559	3780	1740	2142
4095	1792	2559	4038	1741	2142
0	2048	2559	0	1991	2160
256	2048	2559	248	1989	2153
512	2048	2559	504	1990	2151
768	2048	2559	755	1989	2149
1024	2048	2559	1005	1989	2147
1280	2048	2559	1263	1992	2149
1536	2048	2559	1505	1990	2148
1792	2048	2559	1755	1987	2145
2048	2048	2559	2007	1989	2145
2303	2048	2559	2275	1989	2144
2559	2048	2559	2526	1989	2145
2815	2048	2559	2777	1990	2144
3071	2048	2559	3028	1990	2145
3327	2048	2559	3264	1986	2143
3583	2048	2559	3523	1987	2141
3839	2048	2559	3780	1986	2140
4095	2048	2559	4036	1986	2141
0	2303	2559	0	2257	2161
256	2303	2559	247	2254	2152
512	2303	2559	502	2252	2150
768	2303	2559	754	2254	2149
1024	2303	2559	1003	2252	2147
1280	2303	2559	1261	2255	2149
1536	2303	2559	1504	2254	2147
1792	2303	2559	1755	2254	2146
2048	2303	2559	2008	2256	2147
2303	2303	2559	2275	2254	2146
2559	2303	2559	2526	2255	2146
2815	2303	2559	2778	2256	2146
3071	2303	2559	3023	2252	2144
3327	2303	2559	3262	2251	2141
3583	2303	2559	3520	2250	2141
3839	2303	2559	3779	2251	2141
4095	2303	2559	4033	2249	2140
0	2559	2559	0	2496	2159
256	2559	2559	246	2495	2152
512	2559	2559	502	2492	2148
768	2559	2559	754	2495	2149
1024	2559	2559	1002	2493	2146
1280	2559	2559	1259	2494	2147
1536	2559	2559	1504	2496	2147
1792	2559	2559	1754	2495	2146
2048	2559	2559	2003	2492	2145
2303	2559	2559	2272	2493	2144
2559	2559	2559	2523	2494	2145
2815	2559	2559	2774	2494	2145
3071	2559	2559	3023	2494	2143
3327	2559	2559	3261	2492	2141
3583	2559	2559	3517	2489	2139
3839	2559	2559	3778	2491	2140
4095	2559	2559	4033	2491	2140
0	2815	2559	0	2733	2156
256	2815	2559	245	2735	2150
512	2815	2559	500	2731	2145
768	2815	2559	752	2734	2147
1024	2815	2559	1000	2732	2144
1280	2815	2559	1256	2734	2144
1536	2815	2559	1502	2737	2146
1792	2815	2559	1749	2731	2142
2048	2815	2559	1999	2731	2141
2303	2815	2559	2268	2731	2141
2559	2815	2559	2517	2730	2141
2815	2815	2559	2768	2731	2140
3071	2815	2559	3019	2733	2141
3327	2815	2559	3257	2730	2139
3583	2815	2559	3512	2727	2136
3839	2815	2559	3771	2727	2137
4095	2815	2559	4026	2728	2137
0	3071	2559	0	2976	2155
256	3071	2559	244	2973	2147
512	3071	2559	500	2973	2144
768	3071	2559	751	2975	2145
1024	3071	2559	998	2973	2143
1280	3071	2559	1254	2974	2142
1536	3071	2559	1500	2979	2145
1792	3071	2559	1747	2971	2139
2048	3071	2559	1996	2969	2138
2303	3071	2559	2265	2970	2138
2559	3071	2559	2515	2971	2138
2815	3071	2559	2767	2973	2139
3071	3071	2559	3015	2972	2139
3327	3071	2559	3252	2968	2136
3583	3071	2559	3511	2969	2135
3839	3071	2559	3771	2970	2136
4095	3071	2559	4020	2966	2133
0	3327	2559	0	3213	2152
256	3327	2559	243	3211	2144
512	3327	2559	498	3210	2142
768	3327	2559	748	3209	2141
1024	3327	2559	996	3209	2140
1280	3327	2559	1251	3210	2140
1536	3327	2559	1495	3212	2141
1792	3327	2559	1746	3212	2139
2048	3327	2559	1995	3210	2137
2303	3327	2559	2263	3209	2136
2559	3327	2559	2512	3209	2136
2815	3327	2559	2765	3213	2138
3071	3327	2559	3012	3211	2137
3327	3327	2559	3248	3207	2134
3583	3327	2559	3506	3205	2133
3839	3327	2559	3765	3207	2134
4095	3327	2559	4021	3207	2132
0	3583	2559	0	3465	2151
256	3583	2559	243	3464	2143
512	3583	2559	498	3463	2141
768	3583	2559	747	3462	2140
1024	3583	2559	995	3461	2139
1280	3583	2559	1250	3461	2138
1536	3583	2559	1495	3464	2139
1792	3583	2559	1743	3461	2137
2048	3583	2559	1993	3459	2136
2303	3583	2559	2260	3459	2135
2559	3583	2559	2511	3461	2136
2815	3583	2559	2762	3461	2136
3071	3583	2559	3010	3460	2135
3327	3583	2559	3251	3462	2135
3583	3583	2559	3508	3460	2133
3839	3583	2559	3760	3454	2131
4095	3583	2559	4016	3454	2131
0	3839	2559	0	3710	2150
256	3839	2559	242	3709	2142
512	3839	2559	496	3707	2140
768	3839	2559	746	3710	2140
1024	3839	2559	995	3710	2139
1280	3839	2559	1249	3707	2137
1536	3839	2559	1492	3710	2138
1792	3839	2559	1742	3708	2136
2048	3839	2559	1992	3708	2135
2303	3839	2559	2259	3707	2134
2559	3839	2559	2510	3708	2135
2815	3839	2559	2762	3711	2136
3071	3839	2559	3010	3710	2135
3327	3839	2559	3249	3709	2135
3583	3839	2559	3504	3704	2132
3839	3839	2559	3761	3703	2131
4095	3839	2559	4015	3703	2131
0	4095	2559	0	3956	2150
256	4095	2559	242	3953	2141
512	4095	2559	496	3952	2139
768	4095	2559	747	3956	2140
1024	4095	2559	994	3951	2138
1280	4095	2559	1249	3952	2137
1536	4095	2559	1492	3952	2137
1792	4095	2559	1742	3952	2136
2048	4095	2559	1992	3952	2135
2303	4095	2559	2260	3952	2135
2559	4095	2559	2510	3952	2135
2815	4095	2559	2763	3956	2136
3071	4095	2559	3009	3952	2134
3327	4095	2559	3249	3953	2134
3583	4095	2559	3507	3951	2132
3839	4095	2559	3762	3948	2131
4095	4095	2559	4017	3948	2131
0	0	2815	0	2	2410
256	0	2815	259	3	2398
512	0	2815	519	3	2395
768	0	2815	772	4	2393
1024	0	2815	1022	5	2387
1280	0	2815	1284	5	2391
1536	0	2815	1531	5	2389
1792	0	2815	1781	6	2385
2048	0	2815	2033	6	2383
2303	0	2815	2301	7	2382
2559	0	2815	2553	7	2382
2815	0	2815	2806	8	2382
3071	0	2815	3060	8	2384
3327	0	2815	3301	9	2382
3583	0	2815	3555	9	2378
3839	0	2815	3814	10	2378
4095	0	2815	4071	10	2378
0	256	2815	0	264	2403
256	256	2815	255	264	2393
512	256	2815	514	265	2390
768	256	2815	768	265	2388
1024	256	2815	1019	265	2386
1280	256	2815	1278	266	2386
1536	256	2815	1524	266	2385
1792	256	2815	1777	267	2384
2048	256	2815	2031	268	2384
2303	256	2815	2300	268	2383
2559	256	2815	2551	268	2382
2815	256	2815	2803	268	2382
3071	256	2815	3051	268	2382
3327	256	2815	3295	269	2382
3583	256	2815	3552	269	2378
3839	256	2815	3810	269	2378
4095	256	2815	4069	270	2379
0	512	2815	0	520	2398
256	512	2815	254	520	2388
512	512	2815	512	520	2385
768	512	2815	765	520	2384
1024	512	2815	1016	521	2383
1280	512	2815	1274	521	2382
1536	512	2815	1520	521	2382
1792	512	2815	1773	522	2382
2048	512	2815	2025	522	2382
2303	512	2815	2296	523	2382
2559	512	2815	2546	523	2381
2815	512	2815	2798	523	2380
3071	512	2815	3048	523	2379
3327	512	2815	3287	523	2378
3583	512	2815	3545	523	2376
3839	512	2815	3804	523	2376
4095	512	2815	4062	524	2377
0	768	2815	0	765	2393
256	768	2815	252	765	2385
512	768	2815	510	765	2382
768	768	2815	763	765	2381
1024	768	2815	1014	766	2381
1280	768	2815	1271	766	2379
1536	768	2815	1518	767	2381
1792	768	2815	1768	766	2378
2048	768	2815	2020	766	2378
2303	768	2815	2291	767	2378
2559	768	2815	2542	767	2378
2815	768	2815	2793	767	2376
3071	768	2815	3043	767	2376
3327	768	2815	3282	767	2374
3583	768	2815	3542	767	2373
3839	768	2815	3799	767	2372
4095	768	2815	4055	767	2373
0	1024	2815	0	1013	2392
256	1024	2815	252	1012	2384
512	1024	2815	510	1013	2382
768	1024	2815	763	1013	2381
1024	1024	2815	1013	1013	2381
1280	1024	2815	1272	1014	2380
1536	1024	2815	1516	1013	2380
1792	1024	2815	1767	1012	2377
2048	1024	2815	2018	1012	2376
2303	1024	2815	2289	1013	2376
2559	1024	2815	2538	1012	2375
2815	1024	2815	2793	1014	2376
3071	1024	2815	3041	1013	2374
3327	1024	2815	3283	1014	2374
3583	1024	2815	3540	1013	2372
3839	1024	2815	3801	1014	2373
4095	1024	2815	4051	1012	2370
0	1280	2815	0	1266	2389
256	1280	2815	250	1265	2381
512	1280	2815	507	1265	2379
768	1280	2815	760	1266	2378
1024	1280	2815	1011	1267	2378
1280	1280	2815	1268	1267	2378
1536	1280	2815	1514	1268	2379
1792	1280	2815	1763	1266	2374
2048	1280	2815	2015	1266	2374
2303	1280	2815	2285	1267	2374
2559	1280	2815	2535	1266	2373
2815	1280	2815	2792	1270	2376
3071	1280	2815	3039	1268	2374
3327	1280	2815	3276	1266	2371
3583	1280	2815	3535	1266	2370
3839	1280	2815	3795	1267	2370
4095	1280	2815	4048	1266	2368
0	1536	2815	0	1505	2385
256	1536	2815	249	1503	2377
512	1536	2815	506	1504	2375
768	1536	2815	758	1504	2375
1024	1536	2815	1008	1504	2374
1280	1536	2815	1266	1506	2374
1536	1536	2815	1511	1506	2374
1792	1536	2815	1759	1503	2370
2048	1536	2815	2010	1503	2370
2303	1536	2815	2281	1505	2370
2559	1536	2815	2531	1505	2370
2815	1536	2815	2785	1507	2372
3071	1536	2815	3034	1507	2371
3327	1536	2815	3269	1503	2366
3583	1536	2815	3529	1503	2366
3839	1536	2815	3789	1504	2366
4095	1536	2815	4042	1503	2365
0	1792	2815	0	1747	2384
256	1792	2815	248	1746	2376
512	1792	2815	505	1746	2374
768	1792	2815	757	1746	2373
1024	1792	2815	1006	1744	2371
1280	1792	2815	1264	1746	2372
1536	1792	2815	1509	1747	2372
1792	1792	2815	1757	1743	2368
2048	1792	2815	2007	1742	2366
2303	1792	2815	2276	1743	2366
2559	1792	2815	2529	1746	2368
2815	1792	2815	2778	1744	2367
3071	1792	2815	3029	1744	2366
3327	1792	2815	3270	1745	2366
3583	1792	2815	3528	1744	2364
3839	1792	2815	3783	1742	2362
4095	1792	2815	4040	1743	2363
0	2048	2815	0	1993	2383
256	2048	2815	247	1991	2374
512	2048	2815	504	1993	2374
768	2048	2815	756	1992	2371
1024	2048	2815	1005	1991	2369
1280	2048	2815	1264	1994	2371
1536	2048	2815	1506	1992	2369
1792	2048	2815	1756	1990	2367
2048	2048	2815	2008	1991	2367
2303	2048	2815	2277	1992	2367
2559	2048	2815	2528	1991	2367
2815	2048	2815	2779	1992	2367
3071	2048	2815	3030	1993	2367
3327	2048	2815	3267	1990	2364
3583	2048	2815	3525	1989	2363
3839	2048	2815	3782	1988	2361
4095	2048	2815	4038	1988	2362
0	2303	2815	0	2258	2382
256	2303	2815	246	2256	2374
512	2303	2815	502	2255	2371
768	2303	2815	754	2255	2370
1024	2303	2815	1003	2254	2369
1280	2303	2815	1262	2258	2371
1536	2303	2815	1505	2256	2368
1792	2303	2815	1755	2256	2367
2048	2303	2815	2007	2256	2368
2303	2303	2815	2276	2256	2367
2559	2303	2815	2528	2258	2368
2815	2303	2815	2780	2259	2369
3071	2303	2815	3027	2256	2367
3327	2303	2815	3264	2253	2363
3583	2303	2815	3522	2252	2362
3839	2303	2815	3781	2252	2362
4095	2303	2815	4037	2253	2362
0	2559	2815	0	2498	2381
256	2559	2815	246	2496	2372
512	2559	2815	502	2495	2370
768	2559	2815	754	2497	2370
1024	2559	2815	1002	2494	2367
1280	2559	2815	1260	2498	2369
1536	2559	2815	1505	2500	2369
1792	2559	2815	1753	2495	2366
2048	2559	2815	2004	2494	2365
2303	2559	2815	2273	2495	2365
2559	2559	2815	2526	2498	2367
2815	2559	2815	2775	2496	2366
3071	2559	2815	3025	2496	2366
3327	2559	2815	3263	2494	2363
3583	2559	2815	3520	2492	2361
3839	2559	2815	3777	2490	2360
4095	2559	2815	4037	2494	2362
0	2815	2815	0	2737	2378
256	2815	2815	245	2740	2372
512	2815	2815	501	2735	2368
768	2815	2815	752	2738	2369
1024	2815	2815	1000	2736	2366
1280	2815	2815	1258	2739	2367
1536	2815	2815	1503	2740	2368
1792	2815	2815	1751	2735	2363
2048	2815	2815	2000	2733	2361
2303	2815	2815	2269	2734	2362
2559	2815	2815	2519	2734	2362
2815	2815	2815	2770	2734	2362
3071	2815	2815	3022	2736	2363
3327	2815	2815	3259	2734	2360
3583	2815	2815	3517	2732	2359
3839	2815	2815	3771	2728	2356
4095	2815	2815	4029	2730	2358
0	3071	2815	0	2981	2378
256	3071	2815	244	2976	2368
512	3071	2815	499	2976	2366
768	3071	2815	750	2976	2365
1024	3071	2815	999	2976	2365
1280	3071	2815	1255	2977	2364
1536	3071	2815	1500	2980	2365
1792	3071	2815	1748	2975	2361
2048	3071	2815	1999	2975	2361
2303	3071	2815	2269	2977	2361
2559	3071	2815	2518	2976	2360
2815	3071	2815	2769	2977	2361
3071	3071	2815	3020	2978	2361
3327	3071	2815	3254	2971	2356
3583	3071	2815	3514	2971	2357
3839	3071	2815	3773	2973	2357
4095	3071	2815	4025	2970	2355
0	3327	2815	0	3217	2375
256	3327	2815	243	3216	2366
512	3327	2815	498	3213	2363
768	3327	2815	748	3213	2362
1024	3327	2815	996	3214	2361
1280	3327	2815	1252	3214	2361
1536	3327	2815	1496	3216	2362
1792	3327	2815	1748	3217	2361
2048	3327	2815	1996	3212	2358
2303	3327	2815	2265	3214	2358
2559	3327	2815	2514	3214	2358
2815	3327	2815	2767	3217	2360
3071	3327	2815	3015	3215	2358
3327	3327	2815	3252	3211	2355
3583	3327	2815	3510	3209	2354
3839	3327	2815	3768	3210	2355
4095	3327	2815	4024	3211	2354
0	3583	2815	0	3468	2373
256	3583	2815	242	3466	2365
512	3583	2815	498	3467	2363
768	3583	2815	747	3465	2362
1024	3583	2815	995	3464	2360
1280	3583	2815	1251	3466	2360
1536	3583	2815	1494	3466	2360
1792	3583	2815	1746	3467	2360
2048	3583	2815	1995	3464	2357
2303	3583	2815	2262	3463	2356
2559	3583	2815	2515	3467	2358
2815	3583	2815	2765	3466	2358
3071	3583	2815	3012	3464	2356
3327	3583	2815	3252	3464	2356
3583	3583	2815	3512	3464	2355
3839	3583	2815	3764	3458	2352
4095	3583	2815	4019	3458	2352
0	3839	2815	0	3714	2371
256	3839	2815	241	3714	2364
512	3839	2815	496	3711	2361
768	3839	2815	746	3711	2360
1024	3839	2815	994	3712	2359
1280	3839	2815	1250	3712	2359
1536	3839	2815	1494	3714	2359
1792	3839	2815	1742	3711	2357
2048	3839	2815	1993	3711	2356
2303	3839	2815	2261	3712	2356
2559	3839	2815	2512	3713	2357
2815	3839	2815	2762	3712	2356
3071	3839	2815	3011	3712	2356
3327	3839	2815	3250	3711	2355
3583	3839	2815	3507	3708	2353
3839	3839	2815	3764	3707	2352
4095	3839	2815	4018	3706	2351
0	4095	2815	0	3960	2372
256	4095	2815	241	3958	2364
512	4095	2815	496	3955	2360
768	4095	2815	747	3960	2362
1024	4095	2815	993	3954	2359
1280	4095	2815	1250	3956	2359
1536	4095	2815	1493	3956	2358
1792	4095	2815	1742	3956	2357
2048	4095	2815	1994	3957	2357
2303	4095	2815	2263	3958	2357
2559	4095	2815	2512	3958	2357
2815	4095	2815	2763	3958	2357
3071	4095	2815	3010	3954	2355
3327	4095	2815	3252	3957	2356
3583	4095	2815	3506	3950	2352
3839	4095	2815	3764	3950	2352
4095	4095	2815	4018	3949	2351
0	0	3071	0	2	2621
256	0	3071	259	3	2608
512	0	3071	519	4	2605
768	0	3071	773	4	2602
1024	0	3071	1024	5	2601
1280	0	3071	1284	5	2599
1536	0	3071	1531	6	2598
1792	0	3071	1785	6	2597
2048	0	3071	2036	7	2594
2303	0	3071	2304	7	2592
2559	0	3071	2556	8	2591
2815	0	3071	2808	8	2591
3071	0	3071	3065	9	2595
3327	0	3071	3305	9	2593
3583	0	3071	3562	10	2588
3839	0	3071	3818	10	2585
4095	0	3071	4075	10	2585
0	256	3071	0	265	2614
256	256	3071	255	265	2602
512	256	3071	515	265	2598
768	256	3071	769	266	2597
1024	256	3071	1021	266	2596
1280	256	3071	1279	267	2594
1536	256	3071	1526	267	2594
1792	256	3071	1779	268	2594
2048	256	3071	2035	269	2596
2303	256	3071	2304	269	2594
2559	256	3071	2556	269	2593
2815	256	3071	2807	269	2592
3071	256	3071	3057	270	2591
3327	256	3071	3300	270	2591
3583	256	3071	3554	269	2586
3839	256	3071	3814	270	2586
4095	256	3071	4073	271	2587
0	512	3071	0	521	2607
256	512	3071	254	522	2598
512	512	3071	512	521	2593
768	512	3071	765	521	2593
1024	512	3071	1017	522	2592
1280	512	3071	1276	523	2592
1536	512	3071	1521	523	2590
1792	512	3071	1774	523	2590
2048	512	3071	2027	524	2590
2303	512	3071	2298	524	2590
2559	512	3071	2548	524	2588
2815	512	3071	2801	524	2588
3071	512	3071	3050	525	2587
3327	512	3071	3290	524	2585
3583	512	3071	3549	524	2582
3839	512	3071	3807	524	2583
4095	512	3071	4066	525	2585
0	768	3071	0	767	2602
256	768	3071	253	768	2596
512	768	3071	510	767	2590
768	768	3071	763	766	2589
1024	768	3071	1015	768	2590
1280	768	3071	1273	768	2588
1536	768	3071	1520	769	2589
1792	768	3071	1769	767	2585
2048	768	3071	2023	768	2585
2303	768	3071	2293	769	2586
2559	768	3071	2545	769	2585
2815	768	3071	2797	770	2585
3071	768	3071	3046	769	2583
3327	768	3071	3290	771	2584
3583	768	3071	3542	767	2578
3839	768	3071	3802	769	2579
4095	768	3071	4060	769	2581
0	1024	3071	0	1016	2603
256	1024	3071	252	1015	2595
512	1024	3071	510	1015	2590
768	1024	3071	763	1014	2588
1024	1024	3071	1014	1015	2588
1280	1024	3071	1274	1017	2590
1536	1024	3071	1518	1016	2588
1792	1024	3071	1769	1014	2585
2048	1024	3071	2023	1016	2587
2303	1024	3071	2291	1015	2584
2559	1024	3071	2543	1015	2584
2815	1024	3071	2797	1017	2585
3071	1024	3071	3047	1017	2584
3327	1024	3071	3284	1015	2580
3583	1024	3071	3544	1015	2579
3839	1024	3071	3804	1016	2581
4095	1024	3071	4054	1014	2577
0	1280	3071	0	1269	2598
256	1280	3071	250	1267	2589
512	1280	3071	507	1267	2586
768	1280	3071	761	1269	2586
1024	1280	3071	1012	1270	2585
1280	1280	3071	1269	1269	2584
1536	1280	3071	1515	1270	2586
1792	1280	3071	1764	1268	2581
2048	1280	3071	2017	1268	2582
2303	1280	3071	2287	1269	2581
2559	1280	3071	2538	1269	2581
2815	1280	3071	2791	1270	2581
3071	1280	3071	3041	1270	2581
3327	1280	3071	3276	1267	2575
3583	1280	3071	3537	1267	2575
3839	1280	3071	3798	1269	2577
4095	1280	3071	4052	1268	2575
0	1536	3071	0	1507	2593
256	1536	3071	249	1506	2583
512	1536	3071	506	1506	2582
768	1536	3071	759	1507	2582
1024	1536	3071	1009	1507	2581
1280	1536	3071	1267	1508	2581
1536	1536	3071	1514	1511	2583
1792	1536	3071	1761	1506	2577
2048	1536	3071	2013	1507	2577
2303	1536	3071	2283	1507	2577
2559	1536	3071	2533	1507	2576
2815	1536	3071	2786	1508	2577
3071	1536	3071	3037	1508	2577
3327	1536	3071	3275	1507	2574
3583	1536	3071	3532	1505	2572
3839	1536	3071	3792	1506	2572
4095	1536	3071	4046	1505	2571
0	1792	3071	0	1751	2595
256	1792	3071	248	1747	2583
512	1792	3071	505	1748	2581
768	1792	3071	758	1748	2580
1024	1792	3071	1008	1749	2579
1280	1792	3071	1265	1748	2578
1536	1792	3071	1510	1749	2579
1792	1792	3071	1761	1749	2578
2048	1792	3071	2010	1746	2574
2303	1792	3071	2278	1745	2572
2559	1792	3071	2530	1747	2574
2815	1792	3071	2781	1747	2573
3071	1792	3071	3030	1746	2572
3327	1792	3071	3272	1747	2572
3583	1792	3071	3531	1747	2571
3839	1792	3071	3786	1744	2568
4095	1792	3071	4042	1744	2569
0	2048	3071	0	1996	2591
256	2048	3071	247	1994	2581
512	2048	3071	504	1994	2579
768	2048	3071	756	1994	2579
1024	2048	3071	1006	1995	2578
1280	2048	3071	1263	1995	2577
1536	2048	3071	1507	1995	2576
1792	2048	3071	1758	1993	2575
2048	2048	3071	2009	1993	2573
2303	2048	3071	2281	1996	2575
2559	2048	3071	2529	1994	2573
2815	2048	3071	2781	1995	2574
3071	2048	3071	3032	1995	2574
3327	2048	3071	3271	1994	2572
3583	2048	3071	3528	1991	2569
3839	2048	3071	3784	1989	2567
4095	2048	3071	4041	1991	2568
0	2303	3071	0	2262	2592
256	2303	3071	246	2260	2582
512	2303	3071	503	2258	2579
768	2303	3071	754	2258	2578
1024	2303	3071	1004	2259	2577
1280	2303	3071	1261	2259	2576
1536	2303	3071	1506	2259	2576
1792	2303	3071	1757	2260	2575
2048	2303	3071	2009	2259	2575
2303	2303	3071	2279	2260	2575
2559	2303	3071	2530	2261	2576
2815	2303	3071	2781	2260	2575
3071	2303	3071	3031	2260	2574
3327	2303	3071	3267	2256	2570
3583	2303	3071	3526	2255	2569
3839	2303	3071	3784	2255	2568
4095	2303	3071	4042	2257	2570
0	2559	3071	0	2504	2591
256	2559	3071	246	2502	2582
512	2559	3071	503	2501	2579
768	2559	3071	755	2502	2579
1024	2559	3071	1003	2500	2577
1280	2559	3071	1262	2504	2578
1536	2559	3071	1507	2504	2577
1792	2559	3071	1757	2501	2575
2048	2559	3071	2006	2498	2572
2303	2559	3071	2276	2500	2572
2559	2559	3071	2525	2499	2571
2815	2559	3071	2778	2500	2572
3071	2559	3071	3029	2500	2575
3327	2559	3071	3267	2498	2571
3583	2559	3071	3528	2499	2571
3839	2559	3071	3780	2494	2566
4095	2559	3071	4037	2495	2567
0	2815	3071	0	2744	2588
256	2815	3071	245	2741	2578
512	2815	3071	502	2743	2578
768	2815	3071	753	2743	2577
1024	2815	3071	1003	2743	2576
1280	2815	3071	1259	2743	2575
1536	2815	3071	1504	2743	2574
1792	2815	3071	1756	2744	2574
2048	2815	3071	2003	2737	2569
2303	2815	3071	2271	2737	2568
2559	2815	3071	2521	2737	2568
2815	2815	3071	2773	2739	2569
3071	2815	3071	3026	2742	2571
3327	2815	3071	3262	2737	2566
3583	2815	3071	3523	2738	2568
3839	2815	3071	3775	2732	2562
4095	2815	3071	4030	2731	2562
0	3071	3071	0	2983	2585
256	3071	3071	243	2979	2574
512	3071	3071	499	2980	2573
768	3071	3071	750	2979	2571
1024	3071	3071	1000	2980	2571
1280	3071	3071	1256	2981	2571
1536	3071	3071	1500	2981	2570
1792	3071	3071	1750	2979	2568
2048	3071	3071	2000	2978	2567
2303	3071	3071	2272	2982	2570
2559	3071	3071	2521	2981	2568
2815	3071	3071	2772	2981	2567
3071	3071	3071	3023	2983	2569
3327	3071	3071	3256	2975	2562
3583	3071	3071	3517	2975	2563
3839	3071	3071	3775	2976	2563
4095	3071	3071	4029	2974	2562
0	3327	3071	0	3221	2582
256	3327	3071	242	3218	2571
512	3327	3071	498	3218	2570
768	3327	3071	748	3217	2569
1024	3327	3071	997	3217	2567
1280	3327	3071	1253	3218	2567
1536	3327	3071	1499	3222	2571
1792	3327	3071	1748	3218	2566
2048	3327	3071	1997	3217	2564
2303	3327	3071	2266	3217	2563
2559	3327	3071	2517	3218	2564
2815	3327	3071	2767	3217	2563
3071	3327	3071	3018	3218	2564
3327	3327	3071	3257	3217	2563
3583	3327	3071	3516	3217	2563
3839	3327	3071	3771	3214	2560
4095	3327	3071	4027	3213	2561
0	3583	3071	0	3471	2580
256	3583	3071	242	3468	2571
512	3583	3071	497	3469	2570
768	3583	3071	748	3468	2568
1024	3583	3071	996	3468	2566
1280	3583	3071	1252	3470	2567
1536	3583	3071	1496	3469	2566
1792	3583	3071	1746	3469	2565
2048	3583	3071	1997	3468	2564
2303	3583	3071	2266	3468	2564
2559	3583	3071	2516	3469	2564
2815	3583	3071	2767	3469	2564
3071	3583	3071	3013	3466	2561
3327	3583	3071	3257	3469	2564
3583	3583	3071	3514	3467	2562
3839	3583	3071	3770	3464	2560
4095	3583	3071	4023	3462	2558
0	3839	3071	0	3718	2578
256	3839	3071	241	3719	2571
512	3839	3071	496	3715	2567
768	3839	3071	746	3715	2566
1024	3839	3071	994	3715	2565
1280	3839	3071	1251	3717	2565
1536	3839	3071	1495	3719	2567
1792	3839	3071	1743	3714	2562
2048	3839	3071	1994	3714	2561
2303	3839	3071	2263	3716	2562
2559	3839	3071	2512	3715	2561
2815	3839	3071	2764	3716	2562
3071	3839	3071	3012	3715	2561
3327	3839	3071	3252	3715	2561
3583	3839	3071	3510	3712	2558
3839	3839	3071	3767	3711	2557
4095	3839	3071	4020	3709	2556
0	4095	3071	0	3964	2580
256	4095	3071	241	3963	2571
512	4095	3071	496	3959	2567
768	4095	3071	746	3960	2567
1024	4095	3071	994	3958	2565
1280	4095	3071	1250	3959	2564
1536	4095	3071	1494	3961	2564
1792	4095	3071	1744	3960	2564
2048	4095	3071	1995	3959	2563
2303	4095	3071	2264	3961	2563
2559	4095	3071	2514	3961	2563
2815	4095	3071	2765	3962	2563
3071	4095	3071	3014	3961	2562
3327	4095	3071	3253	3961	2562
3583	4095	3071	3508	3954	2557
3839	4095	3071	3765	3953	2557
4095	4095	3071	4023	3956	2559
0	0	3327	0	2	2837
256	0	3327	259	3	2828
512	0	3327	518	4	2822
768	0	3327	773	4	2818
1024	0	3327	1025	5	2818
1280	0	3327	1287	6	2821
1536	0	3327	1531	6	2814
1792	0	3327	1787	6	2814
2048	0	3327	2037	7	2811
2303	0	3327	2308	8	2810
2559	0	3327	2560	8	2809
2815	0	3327	2815	8	2811
3071	0	3327	3066	9	2809
3327	0	3327	3308	9	2808
3583	0	3327	3565	10	2804
3839	0	3327	3825	10	2804
4095	0	3327	4077	11	2801
0	256	3327	0	265	2837
256	256	3327	255	265	2827
512	256	3327	514	266	2822
768	256	3327	769	266	2818
1024	256	3327	1021	267	2818
1280	256	3327	1279	267	2820
1536	256	3327	1528	268	2814
1792	256	3327	1780	268	2814
2048	256	3327	2034	269	2811
2303	256	3327	2302	269	2810
2559	256	3327	2553	269	2809
2815	256	3327	2807	270	2811
3071	256	3327	3060	270	2809
3327	256	3327	3298	270	2807
3583	256	3327	3555	270	2804
3839	256	3327	3817	271	2804
4095	256	3327	4078	271	2801
0	512	3327	0	522	2828
256	512	3327	253	522	2816
512	512	3327	512	522	2812
768	512	3327	766	522	2811
1024	512	3327	1017	523	2810
1280	512	3327	1276	523	2809
1536	512	3327	1525	525	2811
1792	512	3327	1776	524	2808
2048	512	3327	2029	524	2809
2303	512	3327	2298	525	2807
2559	512	3327	2550	525	2805
2815	512	3327	2801	525	2806
3071	512	3327	3053	526	2807
3327	512	3327	3296	526	2803
3583	512	3327	3551	525	2800
3839	512	3327	3810	525	2802
4095	512	3327	4072	526	2804
0	768	3327	0	769	2823
256	768	3327	252	769	2813
512	768	3327	511	769	2808
768	768	3327	764	769	2807
1024	768	3327	1014	768	2807
1280	768	3327	1275	770	2806
1536	768	3327	1520	770	2809
1792	768	3327	1771	769	2806
2048	768	3327	2023	769	2805
2303	768	3327	2294	770	2804
2559	768	3327	2546	770	2803
2815	768	3327	2802	772	2802
3071	768	3327	3050	771	2802
3327	768	3327	3291	771	2802
3583	768	3327	3545	769	2798
3839	768	3327	3804	769	2798
4095	768	3327	4061	770	2801
0	1024	3327	0	1016	2821
256	1024	3327	251	1015	2811
512	1024	3327	510	1015	2808
768	1024	3327	764	1016	2807
1024	1024	3327	1015	1016	2803
1280	1024	3327	1274	1017	2806
1536	1024	3327	1519	1017	2804
1792	1024	3327	1770	1016	2800
2048	1024	3327	2023	1016	2800
2303	1024	3327	2293	1016	2800
2559	1024	3327	2545	1017	2800
2815	1024	3327	2799	1018	2804
3071	1024	3327	3050	1019	2800
3327	1024	3327	3286	1016	2800
3583	1024	3327	3547	1017	2794
3839	1024	3327	3809	1018	2794
4095	1024	3327	4061	1017	2795
0	1280	3327	0	1271	2818
256	1280	3327	249	1269	2808
512	1280	3327	507	1270	2805
768	1280	3327	761	1271	2805
1024	1280	3327	1012	1271	2805
1280	1280	3327	1270	1271	2805
1536	1280	3327	1515	1271	2804
1792	1280	3327	1765	1269	2800
2048	1280	3327	2018	1270	2800
2303	1280	3327	2288	1271	2800
2559	1280	3327	2541	1272	2800
2815	1280	3327	2793	1272	2801
3071	1280	3327	3044	1272	2801
3327	1280	3327	3280	1269	2796
3583	1280	3327	3541	1270	2797
3839	1280	3327	3801	1270	2798
4095	1280	3327	4054	1270	2796
0	1536	3327	0	1512	2814
256	1536	3327	248	1508	2804
512	1536	3327	506	1509	2802
768	1536	3327	761	1513	2801
1024	1536	3327	1010	1510	2800
1280	1536	3327	1270	1513	2800
1536	1536	3327	1517	1516	2800
1792	1536	3327	1765	1511	2796
2048	1536	3327	2015	1509	2797
2303	1536	3327	2284	1509	2796
2559	1536	3327	2535	1509	2797
2815	1536	3327	2789	1511	2797
3071	1536	3327	3040	1511	2797
3327	1536	3327	3279	1510	2792
3583	1536	3327	3536	1508	2792
3839	1536	3327	3797	1509	2792
4095	1536	3327	4051	1508	2791
0	1792	3327	0	1753	2812
256	1792	3327	248	1751	2800
512	1792	3327	505	1751	2799
768	1792	3327	758	1752	2801
1024	1792	3327	1009	1753	2797
1280	1792	3327	1267	1753	2800
1536	1792	3327	1511	1752	2803
1792	1792	3327	1763	1752	2797
2048	1792	3327	2013	1750	2793
2303	1792	3327	2283	1751	2792
2559	1792	3327	2536	1752	2792
2815	1792	3327	2787	1752	2794
3071	1792	3327	3035	1750	2794
3327	1792	3327	3276	1750	2792
3583	1792	3327	3540	1753	2788
3839	1792	3327	3795	1750	2789
4095	1792	3327	4047	1748	2788
0	2048	3327	0	1999	2809
256	2048	3327	247	2000	2800
512	2048	3327	504	1997	2799
768	2048	3327	758	2000	2798
1024	2048	3327	1007	1998	2797
1280	2048	3327	1266	2000	2796
1536	2048	3327	1511	2001	2795
1792	2048	3327	1759	1996	2795
2048	2048	3327	2012	1997	2792
2303	2048	3327	2282	1998	2792
2559	2048	3327	2532	1997	2794
2815	2048	3327	2785	1998	2792
3071	2048	3327	3036	1999	2789
3327	2048	3327	3278	2000	2790
3583	2048	3327	3531	1994	2792
3839	2048	3327	3788	1993	2788
4095	2048	3327	4045	1994	2786
0	2303	3327	0	2264	2807
256	2303	3327	246	2264	2801
512	2303	3327	502	2261	2796
768	2303	3327	755	2263	2799
1024	2303	3327	1005	2263	2796
1280	2303	3327	1264	2266	2796
1536	2303	3327	1508	2263	2796
1792	2303	3327	1758	2262	2791
2048	2303	3327	2010	2262	2791
2303	2303	3327	2280	2263	2791
2559	2303	3327	2533	2264	2790
2815	2303	3327	2785	2264	2791
3071	2303	3327	3034	2263	2792
3327	2303	3327	3270	2259	2793
3583	2303	3327	3528	2258	2785
3839	2303	3327	3788	2259	2783
4095	2303	3327	4050	2263	2785
0	2559	3327	0	2509	2807
256	2559	3327	246	2507	2800
512	2559	3327	503	2507	2795
768	2559	3327	755	2506	2795
1024	2559	3327	1006	2507	2795
1280	2559	3327	1263	2508	2797
1536	2559	3327	1509	2508	2793
1792	2559	3327	1759	2506	2792
2048	2559	3327	2009	2503	2792
2303	2559	3327	2277	2502	2792
2559	2559	3327	2529	2503	2794
2815	2559	3327	2781	2504	2793
3071	2559	3327	3031	2504	2790
3327	2559	3327	3271	2502	2786
3583	2559	3327	3536	2507	2785
3839	2559	3327	3787	2500	2785
4095	2559	3327	4043	2500	2791
0	2815	3327	0	2748	2809
256	2815	3327	244	2746	2800
512	2815	3327	501	2746	2799
768	2815	3327	754	2749	2797
1024	2815	3327	1003	2747	2805
1280	2815	3327	1262	2750	2799
1536	2815	3327	1506	2748	2798
1792	2815	3327	1757	2747	2795
2048	2815	3327	2008	2746	2792
2303	2815	3327	2276	2744	2790
2559	2815	3327	2527	2745	2790
2815	2815	3327	2780	2747	2790
3071	2815	3327	3027	2743	2790
3327	2815	3327	3266	2742	2789
3583	2815	3327	3528	2743	2793
3839	2815	3327	3782	2739	2785
4095	2815	3327	4035	2736	2785
0	3071	3327	0	2986	2804
256	3071	3327	243	2984	2795
512	3071	3327	500	2985	2794
768	3071	3327	751	2985	2796
1024	3071	3327	1000	2985	2793
1280	3071	3327	1257	2985	2794
1536	3071	3327	1502	2985	2791
1792	3071	3327	1752	2984	2790
2048	3071	3327	2003	2984	2789
2303	3071	3327	2272	2984	2787
2559	3071	3327	2524	2986	2788
2815	3071	3327	2775	2986	2789
3071	3071	3327	3029	2989	2785
3327	3071	3327	3260	2980	2784
3583	3071	3327	3520	2979	2784
3839	3071	3327	3780	2981	2781
4095	3071	3327	4033	2977	2779
0	3327	3327	0	3226	2800
256	3327	3327	242	3224	2791
512	3327	3327	499	3225	2790
768	3327	3327	750	3226	2788
1024	3327	3327	997	3221	2788
1280	3327	3327	1256	3226	2786
1536	3327	3327	1500	3226	2786
1792	3327	3327	1749	3221	2784
2048	3327	3327	2000	3221	2784
2303	3327	3327	2267	3220	2783
2559	3327	3327	2522	3226	2786
2815	3327	3327	2770	3221	2784
3071	3327	3327	3022	3224	2789
3327	3327	3327	3261	3222	2779
3583	3327	3327	3519	3220	2778
3839	3327	3327	3775	3218	2780
4095	3327	3327	4032	3218	2778
0	3583	3327	0	3478	2800
256	3583	3327	242	3476	2790
512	3583	3327	497	3474	2789
768	3583	3327	749	3476	2790
1024	3583	3327	997	3473	2783
1280	3583	3327	1253	3474	2787
1536	3583	3327	1497	3475	2787
1792	3583	3327	1749	3475	2782
2048	3583	3327	2000	3475	2781
2303	3583	3327	2269	3475	2779
2559	3583	3327	2519	3476	2784
2815	3583	3327	2770	3475	2780
3071	3583	3327	3019	3474	2781
3327	3583	3327	3262	3476	2782
3583	3583	3327	3517	3471	2779
3839	3583	3327	3773	3468	2776
4095	3583	3327	4033	3472	2778
0	3839	3327	0	3727	2799
256	3839	3327	241	3725	2790
512	3839	3327	497	3724	2786
768	3839	3327	748	3724	2786
1024	3839	3327	994	3719	2784
1280	3839	3327	1252	3723	2783
1536	3839	3327	1498	3728	2783
1792	3839	3327	1746	3721	2783
2048	3839	3327	1996	3719	2783
2303	3839	3327	2266	3721	2783
2559	3839	3327	2516	3721	2782
2815	3839	3327	2767	3721	2782
3071	3839	3327	3016	3721	2781
3327	3839	3327	3256	3720	2782
3583	3839	3327	3518	3722	2778
3839	3839	3327	3770	3716	2776
4095	3839	3327	4030	3720	2779
0	4095	3327	0	3971	2798
256	4095	3327	241	3968	2789
512	4095	3327	497	3970	2787
768	4095	3327	747	3967	2786
1024	4095	3327	995	3964	2780
1280	4095	3327	1252	3967	2784
1536	4095	3327	1495	3967	2787
1792	4095	3327	1746	3967	2780
2048	4095	3327	1996	3965	2777
2303	4095	3327	2266	3967	2778
2559	4095	3327	2518	3969	2778
2815	4095	3327	2770	3970	2778
3071	4095	3327	3017	3967	2778
3327	4095	3327	3254	3963	2777
3583	4095	3327	3514	3963	2780
3839	4095	3327	3771	3962	2774
4095	4095	3327	4029	3964	2777
0	0	3583	0	2	3053
256	0	3583	258	3	3039
512	0	3583	519	4	3034
768	0	3583	773	5	3032
1024	0	3583	1026	5	3030
1280	0	3583	1287	6	3030
1536	0	3583	1534	6	3029
1792	0	3583	1787	7	3025
2048	0	3583	2040	7	3024
2303	0	3583	2312	8	3024
2559	0	3583	2565	8	3024
2815	0	3583	2819	9	3025
3071	0	3583	3074	9	3026
3327	0	3583	3310	10	3019
3583	0	3583	3569	10	3016
3839	0	3583	3830	10	3017
4095	0	3583	4086	11	3016
0	256	3583	0	267	3051
256	256	3583	256	267	3038
512	256	3583	516	267	3033
768	256	3583	771	268	3031
1024	256	3583	1022	268	3029
1280	256	3583	1283	269	3029
1536	256	3583	1532	269	3029
1792	256	3583	1782	269	3025
2048	256	3583	2036	270	3024
2303	256	3583	2305	270	3023
2559	256	3583	2558	270	3023
2815	256	3583	2812	271	3024
3071	256	3583	3062	271	3025
3327	256	3583	3304	271	3019
3583	256	3583	3565	271	3017
3839	256	3583	3821	271	3016
4095	256	3583	4080	272	3016
0	512	3583	0	524	3045
256	512	3583	253	524	3033
512	512	3583	514	525	3029
768	512	3583	767	524	3028
1024	512	3583	1019	524	3024
1280	512	3583	1279	525	3024
1536	512	3583	1528	527	3027
1792	512	3583	1779	526	3022
2048	512	3583	2030	526	3021
2303	512	3583	2300	526	3019
2559	512	3583	2552	526	3019
2815	512	3583	2808	527	3020
3071	512	3583	3056	527	3018
3327	512	3583	3300	527	3018
3583	512	3583	3560	528	3017
3839	512	3583	3823	529	3014
4095	512	3583	4073	527	3015
0	768	3583	0	771	3039
256	768	3583	252	771	3028
512	768	3583	512	771	3026
768	768	3583	766	771	3023
1024	768	3583	1018	772	3022
1280	768	3583	1278	773	3021
1536	768	3583	1524	773	3023
1792	768	3583	1777	773	3020
2048	768	3583	2028	772	3017
2303	768	3583	2298	773	3016
2559	768	3583	2553	774	3016
2815	768	3583	2805	774	3019
3071	768	3583	3057	774	3015
3327	768	3583	3294	772	3014
3583	768	3583	3554	773	3014
3839	768	3583	3812	772	3016
4095	768	3583	4066	772	3010
0	1024	3583	0	1018	3035
256	1024	3583	251	1017	3024
512	1024	3583	510	1018	3021
768	1024	3583	765	1020	3021
1024	1024	3583	1015	1018	3020
1280	1024	3583	1274	1019	3020
1536	1024	3583	1522	1020	3019
1792	1024	3583	1775	1020	3019
2048	1024	3583	2024	1018	3014
2303	1024	3583	2295	1019	3014
2559	1024	3583	2547	1019	3016
2815	1024	3583	2800	1019	3015
3071	1024	3583	3051	1020	3015
3327	1024	3583	3292	1019	3010
3583	1024	3583	3551	1018	3010
3839	1024	3583	3810	1019	3008
4095	1024	3583	4066	1019	3007
0	1280	3583	0	1274	3029
256	1280	3583	250	1273	3019
512	1280	3583	508	1274	3018
768	1280	3583	762	1274	3019
1024	1280	3583	1014	1275	3016
1280	1280	3583	1273	1276	3016
1536	1280	3583	1518	1274	3017
1792	1280	3583	1768	1273	3015
2048	1280	3583	2020	1272	3011
2303	1280	3583	2291	1273	3010
2559	1280	3583	2544	1275	3011
2815	1280	3583	2796	1274	3011
3071	1280	3583	3049	1275	3011
3327	1280	3583	3288	1274	3009
3583	1280	3583	3551	1275	3008
3839	1280	3583	3805	1273	3007
4095	1280	3583	4060	1273	3007
0	1536	3583	0	1515	3028
256	1536	3583	249	1513	3018
512	1536	3583	507	1513	3016
768	1536	3583	761	1515	3015
1024	1536	3583	1014	1517	3016
1280	1536	3583	1271	1516	3016
1536	1536	3583	1516	1515	3013
1792	1536	3583	1768	1515	3009
2048	1536	3583	2021	1515	3008
2303	1536	3583	2289	1514	3007
2559	1536	3583	2541	1514	3009
2815	1536	3583	2794	1515	3008
3071	1536	3583	3042	1513	3009
3327	1536	3583	3284	1514	3006
3583	1536	3583	3543	1513	3008
3839	1536	3583	3802	1513	3004
4095	1536	3583	4055	1511	3003
0	1792	3583	0	1757	3024
256	1792	3583	248	1754	3014
512	1792	3583	506	1755	3012
768	1792	3583	759	1755	3012
1024	1792	3583	1010	1756	3013
1280	1792	3583	1268	1755	3010
1536	1792	3583	1512	1754	3010
1792	1792	3583	1764	1754	3009
2048	1792	3583	2017	1755	3009
2303	1792	3583	2287	1755	3006
2559	1792	3583	2538	1755	3006
2815	1792	3583	2791	1756	3007
3071	1792	3583	3039	1754	3003
3327	1792	3583	3278	1752	3003
3583	1792	3583	3540	1753	3001
3839	1792	3583	3798	1753	3001
4095	1792	3583	4053	1752	2999
0	2048	3583	0	2004	3023
256	2048	3583	247	2004	3012
512	2048	3583	505	2004	3010
768	2048	3583	758	2003	3009
1024	2048	3583	1009	2003	3007
1280	2048	3583	1267	2003	3007
1536	2048	3583	1512	2004	3005
1792	2048	3583	1764	2003	3005
2048	2048	3583	2016	2002	3005
2303	2048	3583	2286	2003	3004
2559	2048	3583	2537	2003	3004
2815	2048	3583	2790	2003	3004
3071	2048	3583	3041	2004	3002
3327	2048	3583	3278	2000	2999
3583	2048	3583	3542	2003	3000
3839	2048	3583	3797	2000	2998
4095	2048	3583	4049	1997	2998
0	2303	3583	0	2272	3022
256	2303	3583	246	2270	3013
512	2303	3583	504	2269	3011
768	2303	3583	757	2270	3009
1024	2303	3583	1008	2269	3008
1280	2303	3583	1268	2274	3008
1536	2303	3583	1514	2273	3008
1792	2303	3583	1762	2268	3006
2048	2303	3583	2012	2266	3004
2303	2303	3583	2282	2266	3003
2559	2303	3583	2534	2267	3004
2815	2303	3583	2787	2267	3004
3071	2303	3583	3039	2269	3004
3327	2303	3583	3276	2265	2999
3583	2303	3583	3538	2266	3003
3839	2303	3583	3793	2263	2998
4095	2303	3583	4049	2263	2995
0	2559	3583	0	2512	3023
256	2559	3583	245	2511	3013
512	2559	3583	503	2509	3010
768	2559	3583	756	2511	3010
1024	2559	3583	1006	2510	3008
1280	2559	3583	1265	2511	3011
1536	2559	3583	1510	2512	3010
1792	2559	3583	1762	2511	3006
2048	2559	3583	2012	2508	3002
2303	2559	3583	2281	2508	3001
2559	2559	3583	2532	2508	3002
2815	2559	3583	2785	2508	3002
3071	2559	3583	3037	2511	3003
3327	2559	3583	3273	2505	2999
3583	2559	3583	3534	2506	3000
3839	2559	3583	3794	2506	2997
4095	2559	3583	4048	2505	2997
0	2815	3583	0	2752	3019
256	2815	3583	244	2751	3009
512	2815	3583	502	2753	3008
768	2815	3583	754	2751	3007
1024	2815	3583	1004	2750	3007
1280	2815	3583	1262	2751	3005
1536	2815	3583	1507	2751	3005
1792	2815	3583	1758	2750	3004
2048	2815	3583	2010	2750	3002
2303	2815	3583	2279	2750	3001
2559	2815	3583	2529	2749	3000
2815	2815	3583	2784	2752	3001
3071	2815	3583	3032	2749	3002
3327	2815	3583	3268	2744	2996
3583	2815	3583	3530	2745	2997
3839	2815	3583	3789	2746	2997
4095	2815	3583	4043	2744	2996
0	3071	3583	0	2989	3015
256	3071	3583	244	2996	3006
512	3071	3583	500	2992	3007
768	3071	3583	753	2992	3004
1024	3071	3583	1001	2988	3001
1280	3071	3583	1260	2993	3002
1536	3071	3583	1504	2992	3001
1792	3071	3583	1755	2990	2998
2048	3071	3583	2005	2988	2998
2303	3071	3583	2274	2988	2997
2559	3071	3583	2525	2988	2997
2815	3071	3583	2777	2989	3000
3071	3071	3583	3029	2990	2997
3327	3071	3583	3267	2987	2992
3583	3071	3583	3523	2983	2993
3839	3071	3583	3784	2985	2993
4095	3071	3583	4040	2984	2992
0	3327	3583	0	3232	3010
256	3327	3583	243	3236	3008
512	3327	3583	499	3232	3002
768	3327	3583	750	3229	3001
1024	3327	3583	999	3227	2997
1280	3327	3583	1257	3230	3000
1536	3327	3583	1501	3230	2999
1792	3327	3583	1753	3230	2996
2048	3327	3583	2005	3230	2994
2303	3327	3583	2273	3229	2993
2559	3327	3583	2525	3231	2994
2815	3327	3583	2776	3230	2993
3071	3327	3583	3027	3231	2995
3327	3327	3583	3265	3227	2993
3583	3327	3583	3523	3225	2989
3839	3327	3583	3782	3224	2990
4095	3327	3583	4037	3223	2990
0	3583	3583	0	3483	3011
256	3583	3583	241	3481	3005
512	3583	3583	498	3481	3001
768	3583	3583	749	3479	2998
1024	3583	3583	998	3479	2996
1280	3583	3583	1255	3480	2996
1536	3583	3583	1501	3483	2996
1792	3583	3583	1750	3480	2995
2048	3583	3583	2003	3481	2995
2303	3583	3583	2271	3480	2994
2559	3583	3583	2522	3480	2995
2815	3583	3583	2774	3481	2994
3071	3583	3583	3025	3482	2994
3327	3583	3583	3263	3479	2991
3583	3583	3583	3520	3475	2989
3839	3583	3583	3779	3475	2989
4095	3583	3583	4034	3473	2988
0	3839	3583	0	3734	3009
256	3839	3583	241	3729	2998
512	3839	3583	497	3729	2997
768	3839	3583	748	3729	2996
1024	3839	3583	997	3729	2995
1280	3839	3583	1256	3734	2995
1536	3839	3583	1499	3731	2997
1792	3839	3583	1749	3730	2993
2048	3839	3583	2002	3731	2993
2303	3839	3583	2269	3728	2991
2559	3839	3583	2522	3730	2992
2815	3839	3583	2772	3729	2992
3071	3839	3583	3022	3730	2993
3327	3839	3583	3261	3727	2990
3583	3839	3583	3519	3724	2987
3839	3839	3583	3778	3725	2987
4095	3839	3583	4036	3726	2987
0	4095	3583	0	3979	3011
256	4095	3583	241	3979	3000
512	4095	3583	497	3976	2998
768	4095	3583	749	3975	2997
1024	4095	3583	997	3975	2995
1280	4095	3583	1255	3977	2998
1536	4095	3583	1499	3975	2995
1792	4095	3583	1748	3971	2993
2048	4095	3583	2000	3972	2993
2303	4095	3583	2269	3973	2991
2559	4095	3583	2521	3974	2992
2815	4095	3583	2772	3974	2991
3071	4095	3583	3023	3976	2992
3327	4095	3583	3261	3971	2989
3583	4095	3583	3521	3972	2988
3839	4095	3583	3775	3967	2987
4095	4095	3583	4035	3970	2989
0	0	3839	0	3	3267
256	0	3839	258	3	3250
512	0	3839	519	4	3250
768	0	3839	774	5	3243
1024	0	3839	1027	5	3242
1280	0	3839	1288	6	3242
1536	0	3839	1535	6	3241
1792	0	3839	1788	7	3238
2048	0	3839	2042	7	3237
2303	0	3839	2313	8	3236
2559	0	3839	2567	8	3236
2815	0	3839	2820	9	3236
3071	0	3839	3078	9	3241
3327	0	3839	3311	10	3230
3583	0	3839	3572	10	3230
3839	0	3839	3834	11	3230
4095	0	3839	4095	11	3234
0	256	3839	0	267	3263
256	256	3839	255	267	3248
512	256	3839	515	267	3247
768	256	3839	771	268	3242
1024	256	3839	1023	268	3240
1280	256	3839	1283	269	3240
1536	256	3839	1532	270	3241
1792	256	3839	1783	270	3237
2048	256	3839	2037	270	3235
2303	256	3839	2306	270	3234
2559	256	3839	2560	271	3235
2815	256	3839	2813	271	3235
3071	256	3839	3066	272	3238
3327	256	3839	3309	272	3231
3583	256	3839	3566	272	3229
3839	256	3839	3824	272	3229
4095	256	3839	4083	272	3232
0	512	3839	0	525	3254
256	512	3839	253	525	3243
512	512	3839	514	526	3240
768	512	3839	769	527	3239
1024	512	3839	1020	526	3236
1280	512	3839	1280	526	3236
1536	512	3839	1528	527	3238
1792	512	3839	1780	527	3233
2048	512	3839	2033	527	3232
2303	512	3839	2301	526	3230
2559	512	3839	2553	526	3230
2815	512	3839	2809	528	3231
3071	512	3839	3059	528	3231
3327	512	3839	3305	529	3232
3583	512	3839	3563	528	3227
3839	512	3839	3822	529	3226
4095	512	3839	4077	528	3226
0	768	3839	0	773	3251
256	768	3839	252	772	3240
512	768	3839	512	773	3238
768	768	3839	766	773	3237
1024	768	3839	1018	773	3234
1280	768	3839	1279	774	3235
1536	768	3839	1525	774	3234
1792	768	3839	1779	774	3231
2048	768	3839	2029	773	3229
2303	768	3839	2299	773	3226
2559	768	3839	2551	773	3226
2815	768	3839	2804	774	3228
3071	768	3839	3056	774	3227
3327	768	3839	3298	774	3228
3583	768	3839	3557	774	3225
3839	768	3839	3816	774	3224
4095	768	3839	4071	773	3223
0	1024	3839	0	1020	3247
256	1024	3839	251	1020	3236
512	1024	3839	510	1020	3233
768	1024	3839	765	1021	3233
1024	1024	3839	1016	1020	3231
1280	1024	3839	1275	1020	3232
1536	1024	3839	1522	1021	3230
1792	1024	3839	1776	1021	3231
2048	1024	3839	2026	1020	3225
2303	1024	3839	2299	1022	3226
2559	1024	3839	2549	1021	3225
2815	1024	3839	2804	1022	3225
3071	1024	3839	3054	1022	3225
3327	1024	3839	3297	1022	3223
3583	1024	3839	3553	1020	3221
3839	1024	3839	3812	1020	3220
4095	1024	3839	4069	1020	3219
0	1280	3839	0	1276	3242
256	1280	3839	249	1274	3233
512	1280	3839	508	1275	3230
768	1280	3839	763	1277	3230
1024	1280	3839	1014	1276	3228
1280	1280	3839	1273	1276	3227
1536	1280	3839	1519	1277	3228
1792	1280	3839	1769	1274	3226
2048	1280	3839	2022	1275	3222
2303	1280	3839	2293	1275	3224
2559	1280	3839	2545	1276	3223
2815	1280	3839	2799	1276	3225
3071	1280	3839	3050	1277	3224
3327	1280	3839	3291	1276	3222
3583	1280	3839	3552	1277	3219
3839	1280	3839	3807	1275	3218
4095	1280	3839	4062	1274	3218
0	1536	3839	0	1517	3239
256	1536	3839	249	1516	3229
512	1536	3839	507	1516	3227
768	1536	3839	762	1518	3228
1024	1536	3839	1014	1519	3226
1280	1536	3839	1272	1518	3225
1536	1536	3839	1518	1519	3226
1792	1536	3839	1769	1516	3221
2048	1536	3839	2021	1516	3220
2303	1536	3839	2290	1515	3219
2559	1536	3839	2542	1515	3219
2815	1536	3839	2795	1516	3220
3071	1536	3839	3045	1515	3220
3327	1536	3839	3286	1515	3218
3583	1536	3839	3546	1515	3218
3839	1536	3839	3802	1514	3215
4095	1536	3839	4059	1514	3215
0	1792	3839	0	1758	3236
256	1792	3839	248	1757	3226
512	1792	3839	506	1756	3224
768	1792	3839	759	1757	3224
1024	1792	3839	1010	1757	3224
1280	1792	3839	1269	1758	3222
1536	1792	3839	1514	1757	3223
1792	1792	3839	1766	1757	3220
2048	1792	3839	2018	1757	3218
2303	1792	3839	2288	1757	3217
2559	1792	3839	2539	1756	3217
2815	1792	3839	2792	1758	3217
3071	1792	3839	3043	1757	3217
3327	1792	3839	3282	1755	3215
3583	1792	3839	3542	1755	3214
3839	1792	3839	3802	1755	3212
4095	1792	3839	4058	1756	3213
0	2048	3839	0	2007	3234
256	2048	3839	247	2006	3224
512	2048	3839	506	2007	3222
768	2048	3839	759	2008	3222
1024	2048	3839	1009	2006	3219
1280	2048	3839	1268	2006	3219
1536	2048	3839	1516	2010	3220
1792	2048	3839	1765	2006	3218
2048	2048	3839	2017	2004	3217
2303	2048	3839	2286	2004	3216
2559	2048	3839	2540	2006	3216
2815	2048	3839	2791	2005	3216
3071	2048	3839	3044	2006	3217
3327	2048	3839	3282	2003	3213
3583	2048	3839	3544	2005	3213
3839	2048	3839	3801	2003	3212
4095	2048	3839	4053	2000	3211
0	2303	3839	0	2273	3235
256	2303	3839	246	2272	3225
512	2303	3839	503	2270	3223
768	2303	3839	757	2273	3224
1024	2303	3839	1007	2270	3219
1280	2303	3839	1266	2272	3219
1536	2303	3839	1513	2275	3223
1792	2303	3839	1763	2271	3218
2048	2303	3839	2014	2269	3216
2303	2303	3839	2284	2269	3215
2559	2303	3839	2534	2268	3216
2815	2303	3839	2787	2268	3215
3071	2303	3839	3039	2270	3217
3327	2303	3839	3281	2269	3214
3583	2303	3839	3538	2267	3214
3839	2303	3839	3797	2266	3211
4095	2303	3839	4053	2266	3209
0	2559	3839	0	2515	3234
256	2559	3839	245	2513	3224
512	2559	3839	503	2513	3220
768	2559	3839	756	2513	3221
1024	2559	3839	1006	2511	3218
1280	2559	3839	1265	2514	3218
1536	2559	3839	1511	2514	3220
1792	2559	3839	1762	2513	3217
2048	2559	3839	2014	2512	3215
2303	2559	3839	2283	2511	3215
2559	2559	3839	2535	2512	3213
2815	2559	3839	2788	2512	3214
3071	2559	3839	3040	2514	3215
3327	2559	3839	3277	2510	3213
3583	2559	3839	3538	2509	3211
3839	2559	3839	3796	2508	3210
4095	2559	3839	4053	2508	3210
0	2815	3839	0	2755	3231
256	2815	3839	244	2754	3220
512	2815	3839	502	2755	3219
768	2815	3839	754	2754	3218
1024	2815	3839	1004	2752	3216
1280	2815	3839	1261	2752	3216
1536	2815	3839	1508	2754	3216
1792	2815	3839	1758	2752	3214
2048	2815	3839	2011	2753	3214
2303	2815	3839	2281	2754	3214
2559	2815	3839	2532	2753	3214
2815	2815	3839	2786	2754	3214
3071	2815	3839	3034	2752	3214
3327	2815	3839	3272	2749	3209
3583	2815	3839	3533	2749	3210
3839	2815	3839	3792	2748	3208
4095	2815	3839	4049	2749	3209
0	3071	3839	0	2993	3226
256	3071	3839	243	2996	3218
512	3071	3839	500	2996	3218
768	3071	3839	752	2994	3215
1024	3071	3839	1002	2994	3213
1280	3071	3839	1259	2994	3212
1536	3071	3839	1506	2997	3214
1792	3071	3839	1757	2995	3210
2048	3071	3839	2007	2992	3210
2303	3071	3839	2279	2996	3211
2559	3071	3839	2527	2992	3210
2815	3071	3839	2780	2993	3210
3071	3071	3839	3030	2993	3209
3327	3071	3839	3271	2992	3206
3583	3071	3839	3529	2989	3205
3839	3071	3839	3791	2992	3206
4095	3071	3839	4044	2988	3205
0	3327	3839	0	3238	3224
256	3327	3839	242	3237	3217
512	3327	3839	499	3235	3215
768	3327	3839	751	3235	3213
1024	3327	3839	1000	3234	3212
1280	3327	3839	1258	3235	3211
1536	3327	3839	1504	3237	3213
1792	3327	3839	1756	3237	3210
2048	3327	3839	2005	3231	3206
2303	3327	3839	2275	3233	3208
2559	3327	3839	2525	3232	3206
2815	3327	3839	2780	3235	3207
3071	3327	3839	3027	3232	3206
3327	3327	3839	3269	3232	3206
3583	3327	3839	3527	3230	3203
3839	3327	3839	3787	3230	3206
4095	3327	3839	4044	3230	3203
0	3583	3839	0	3487	3225
256	3583	3839	241	3486	3215
512	3583	3839	497	3483	3212
768	3583	3839	749	3482	3210
1024	3583	3839	998	3483	3210
1280	3583	3839	1255	3483	3209
1536	3583	3839	1501	3485	3210
1792	3583	3839	1752	3484	3209
2048	3583	3839	2004	3484	3205
2303	3583	3839	2274	3485	3205
2559	3583	3839	2525	3486	3206
2815	3583	3839	2778	3487	3208
3071	3583	3839	3026	3485	3205
3327	3583	3839	3265	3481	3204
3583	3583	3839	3525	3481	3202
3839	3583	3839	3782	3479	3202
4095	3583	3839	4039	3479	3203
0	3839	3839	0	3737	3221
256	3839	3839	240	3734	3212
512	3839	3839	497	3734	3209
768	3839	3839	748	3733	3207
1024	3839	3839	998	3735	3208
1280	3839	3839	1255	3735	3207
1536	3839	3839	1499	3734	3207
1792	3839	3839	1750	3734	3205
2048	3839	3839	2002	3732	3204
2303	3839	3839	2272	3733	3204
2559	3839	3839	2523	3735	3206
2815	3839	3839	2775	3735	3206
3071	3839	3839	3026	3735	3206
3327	3839	3839	3263	3730	3201
3583	3839	3839	3525	3732	3202
3839	3839	3839	3782	3730	3200
4095	3839	3839	4036	3726	3199
0	4095	3839	0	3981	3222
256	4095	3839	240	3980	3212
512	4095	3839	496	3976	3210
768	4095	3839	748	3976	3208
1024	4095	3839	998	3980	3210
1280	4095	3839	1254	3978	3208
1536	4095	3839	1500	3981	3208
1792	4095	3839	1749	3976	3205
2048	4095	3839	2001	3976	3203
2303	4095	3839	2271	3978	3203
2559	4095	3839	2522	3979	3204
2815	4095	3839	2775	3979	3205
3071	4095	3839	3025	3979	3205
3327	4095	3839	3265	3977	3202
3583	4095	3839	3522	3973	3202
3839	4095	3839	3779	3971	3200
4095	4095	3839	4037	3972	3198
0	0	4095	0	3	3483
256	0	4095	258	4	3468
512	0	4095	519	4	3468
768	0	4095	774	5	3463
1024	0	4095	1027	6	3461
1280	0	4095	1288	6	3459
1536	0	4095	1535	6	3458
1792	0	4095	1788	7	3455
2048	0	4095	2041	7	3453
2303	0	4095	2312	8	3451
2559	0	4095	2566	8	3452
2815	0	4095	2820	9	3452
3071	0	4095	3075	9	3453
3327	0	4095	3313	10	3448
3583	0	4095	3575	10	3448
3839	0	4095	3835	11	3447
4095	0	4095	4095	11	3449
0	256	4095	0	267	3477
256	256	4095	254	268	3465
512	256	4095	515	268	3463
768	256	4095	770	268	3459
1024	256	4095	1023	269	3457
1280	256	4095	1283	269	3456
1536	256	4095	1533	270	3458
1792	256	4095	1784	270	3453
2048	256	4095	2038	271	3452
2303	256	4095	2308	271	3450
2559	256	4095	2561	271	3450
2815	256	4095	2816	272	3451
3071	256	4095	3067	272	3451
3327	256	4095	3309	272	3447
3583	256	4095	3567	272	3446
3839	256	4095	3827	273	3445
4095	256	4095	4083	273	3445
0	512	4095	0	525	3469
256	512	4095	253	526	3459
512	512	4095	513	526	3455
768	512	4095	768	527	3454
1024	512	4095	1020	526	3452
1280	512	4095	1280	527	3451
1536	512	4095	1528	527	3454
1792	512	4095	1779	527	3448
2048	512	4095	2035	528	3449
2303	512	4095	2302	527	3446
2559	512	4095	2556	528	3448
2815	512	4095	2810	529	3447
3071	512	4095	3060	528	3446
3327	512	4095	3304	529	3445
3583	512	4095	3563	529	3443
3839	512	4095	3820	529	3441
4095	512	4095	4081	529	3442
0	768	4095	0	773	3465
256	768	4095	251	772	3454
512	768	4095	511	773	3451
768	768	4095	766	773	3450
1024	768	4095	1018	774	3449
1280	768	4095	1278	774	3448
1536	768	4095	1524	774	3448
1792	768	4095	1777	774	3445
2048	768	4095	2029	774	3445
2303	768	4095	2300	774	3443
2559	768	4095	2550	774	3443
2815	768	4095	2804	774	3443
3071	768	4095	3056	775	3442
3327	768	4095	3300	775	3442
3583	768	4095	3558	774	3439
3839	768	4095	3817	774	3438
4095	768	4095	4073	774	3439
0	1024	4095	0	1021	3462
256	1024	4095	250	1020	3450
512	1024	4095	510	1021	3448
768	1024	4095	765	1021	3447
1024	1024	4095	1017	1022	3447
1280	1024	4095	1275	1021	3446
1536	1024	4095	1521	1021	3444
1792	1024	4095	1775	1022	3444
2048	1024	4095	2025	1020	3440
2303	1024	4095	2300	1023	3442
2559	1024	4095	2550	1022	3440
2815	1024	4095	2806	1023	3442
3071	1024	4095	3054	1022	3440
3327	1024	4095	3296	1022	3439
3583	1024	4095	3555	1021	3436
3839	1024	4095	3814	1022	3436
4095	1024	4095	4072	1021	3436
0	1280	4095	0	1276	3458
256	1280	4095	248	1275	3447
512	1280	4095	508	1276	3445
768	1280	4095	763	1278	3445
1024	1280	4095	1013	1276	3443
1280	1280	4095	1272	1276	3442
1536	1280	4095	1520	1279	3443
1792	1280	4095	1770	1276	3441
2048	1280	4095	2023	1276	3437
2303	1280	4095	2294	1277	3439
2559	1280	4095	2545	1276	3438
2815	1280	4095	2800	1277	3440
3071	1280	4095	3051	1278	3438
3327	1280	4095	3292	1277	3436
3583	1280	4095	3551	1276	3434
3839	1280	4095	3808	1276	3433
4095	1280	4095	4066	1276	3434
0	1536	4095	0	1517	3454
256	1536	4095	248	1516	3443
512	1536	4095	507	1517	3441
768	1536	4095	762	1519	3443
1024	1536	4095	1012	1518	3439
1280	1536	4095	1271	1518	3439
1536	1536	4095	1517	1518	3441
1792	1536	4095	1769	1518	3438
2048	1536	4095	2019	1515	3433
2303	1536	4095	2291	1517	3435
2559	1536	4095	2541	1516	3433
2815	1536	4095	2795	1517	3434
3071	1536	4095	3046	1517	3434
3327	1536	4095	3288	1517	3433
3583	1536	4095	3545	1515	3430
3839	1536	4095	3803	1514	3429
4095	1536	4095	4061	1515	3429
0	1792	4095	0	1760	3451
256	1792	4095	247	1758	3441
512	1792	4095	506	1759	3439
768	1792	4095	759	1759	3439
1024	1792	4095	1010	1759	3437
1280	1792	4095	1269	1759	3436
1536	1792	4095	1513	1758	3436
1792	1792	4095	1765	1757	3434
2048	1792	4095	2017	1757	3430
2303	1792	4095	2289	1758	3432
2559	1792	4095	2539	1757	3430
2815	1792	4095	2792	1758	3431
3071	1792	4095	3043	1758	3431
3327	1792	4095	3284	1757	3430
3583	1792	4095	3544	1757	3428
3839	1792	4095	3801	1755	3425
4095	1792	4095	4057	1755	3426
0	2048	4095	0	2006	3449
256	2048	4095	246	2006	3439
512	2048	4095	505	2007	3438
768	2048	4095	759	2008	3437
1024	2048	4095	1009	2006	3434
1280	2048	4095	1267	2006	3434
1536	2048	4095	1515	2010	3436
1792	2048	4095	1764	2006	3431
2048	2048	4095	2016	2004	3429
2303	2048	4095	2286	2004	3430
2559	2048	4095	2539	2006	3430
2815	2048	4095	2791	2005	3430
3071	2048	4095	3044	2007	3431
3327	2048	4095	3282	2004	3427
3583	2048	4095	3542	2004	3427
3839	2048	4095	3802	2004	3426
4095	2048	4095	4055	2002	3424
0	2303	4095	0	2273	3448
256	2303	4095	245	2273	3439
512	2303	4095	503	2271	3436
768	2303	4095	757	2275	3438
1024	2303	4095	1006	2271	3433
1280	2303	4095	1265	2272	3433
1536	2303	4095	1512	2274	3436
1792	2303	4095	1762	2271	3431
2048	2303	4095	2015	2270	3430
2303	2303	4095	2285	2271	3429
2559	2303	4095	2536	2270	3430
2815	2303	4095	2789	2270	3429
3071	2303	4095	3041	2271	3431
3327	2303	4095	3281	2270	3427
3583	2303	4095	3539	2268	3426
3839	2303	4095	3798	2267	3425
4095	2303	4095	4054	2268	3425
0	2559	4095	0	2515	3450
256	2559	4095	244	2513	3439
512	2559	4095	502	2513	3436
768	2559	4095	756	2515	3437
1024	2559	4095	1005	2512	3433
1280	2559	4095	1264	2514	3433
1536	2559	4095	1511	2516	3434
1792	2559	4095	1761	2513	3431
2048	2559	4095	2014	2513	3430
2303	2559	4095	2283	2512	3430
2559	2559	4095	2534	2512	3429
2815	2559	4095	2788	2513	3429
3071	2559	4095	3039	2514	3430
3327	2559	4095	3278	2511	3427
3583	2559	4095	3538	2510	3425
3839	2559	4095	3796	2508	3424
4095	2559	4095	4053	2508	3425
0	2815	4095	0	2757	3449
256	2815	4095	244	2756	3437
512	2815	4095	501	2756	3435
768	2815	4095	754	2756	3435
1024	2815	4095	1003	2752	3430
1280	2815	4095	1262	2755	3431
1536	2815	4095	1508	2757	3432
1792	2815	4095	1758	2754	3428
2048	2815	4095	2010	2753	3428
2303	2815	4095	2280	2754	3427
2559	2815	4095	2531	2753	3427
2815	2815	4095	2784	2754	3427
3071	2815	4095	3034	2753	3427
3327	2815	4095	3275	2752	3425
3583	2815	4095	3535	2751	3424
3839	2815	4095	3792	2749	3422
4095	2815	4095	4049	2748	3422
0	3071	4095	0	2997	3443
256	3071	4095	242	2996	3433
512	3071	4095	500	2996	3432
768	3071	4095	752	2995	3430
1024	3071	4095	1003	2998	3429
1280	3071	4095	1260	2997	3429
1536	3071	4095	1505	2997	3428
1792	3071	4095	1757	2997	3426
2048	3071	4095	2007	2994	3423
2303	3071	4095	2280	2998	3425
2559	3071	4095	2528	2994	3423
2815	3071	4095	2781	2995	3424
3071	3071	4095	3030	2993	3422
3327	3071	4095	3271	2993	3422
3583	3071	4095	3531	2991	3421
3839	3071	4095	3794	2995	3422
4095	3071	4095	4044	2989	3419
0	3327	4095	0	3239	3441
256	3327	4095	241	3237	3430
512	3327	4095	498	3234	3427
768	3327	4095	750	3236	3427
1024	3327	4095	1000	3235	3427
1280	3327	4095	1257	3235	3426
1536	3327	4095	1503	3237	3426
1792	3327	4095	1755	3237	3424
2048	3327	4095	2005	3233	3421
2303	3327	4095	2275	3234	3423
2559	3327	4095	2525	3233	3421
2815	3327	4095	2780	3236	3422
3071	3327	4095	3027	3233	3420
3327	3327	4095	3270	3235	3421
3583	3327	4095	3527	3230	3418
3839	3327	4095	3787	3231	3420
4095	3327	4095	4045	3231	3418
0	3583	4095	0	3489	3440
256	3583	4095	241	3488	3429
512	3583	4095	497	3486	3425
768	3583	4095	749	3486	3425
1024	3583	4095	999	3487	3424
1280	3583	4095	1256	3487	3423
1536	3583	4095	1501	3487	3423
1792	3583	4095	1752	3487	3422
2048	3583	4095	2003	3485	3419
2303	3583	4095	2273	3486	3419
2559	3583	4095	2527	3489	3421
2815	3583	4095	2779	3490	3422
3071	3583	4095	3026	3486	3419
3327	3583	4095	3268	3486	3420
3583	3583	4095	3527	3484	3417
3839	3583	4095	3784	3482	3416
4095	3583	4095	4040	3481	3416
0	3839	4095	0	3739	3438
256	3839	4095	239	3736	3427
512	3839	4095	496	3734	3424
768	3839	4095	748	3734	3423
1024	3839	4095	998	3737	3424
1280	3839	4095	1254	3735	3422
1536	3839	4095	1500	3738	3423
1792	3839	4095	1751	3736	3420
2048	3839	4095	2001	3733	3418
2303	3839	4095	2272	3735	3418
2559	3839	4095	2523	3735	3420
2815	3839	4095	2776	3737	3420
3071	3839	4095	3026	3736	3419
3327	3839	4095	3265	3734	3418
3583	3839	4095	3526	3734	3417
3839	3839	4095	3783	3731	3416
4095	3839	4095	4039	3729	3414
0	4095	4095	0	3983	3437
256	4095	4095	239	3981	3426
512	4095	4095	496	3979	3423
768	4095	4095	747	3978	3422
1024	4095	4095	999	3985	3426
1280	4095	4095	1254	3980	3421
1536	4095	4095	1499	3982	3423
1792	4095	4095	1749	3979	3420
2048	4095	4095	2001	3979	3418
2303	4095	4095	2272	3981	3419
2559	4095	4095	2523	3981	3418
2815	4095	4095	2778	3985	3421
3071	4095	4095	3026	3982	3420
3327	4095	4095	3265	3979	3417
3583	4095	4095	3523	3975	3416
3839	4095	4095	3781	3974	3415
4095	4095	4095	4037	3972	3413
