0	0	0	0	0	0
256	0	0	262	1	0
512	0	0	519	2	0
768	0	0	770	2	0
1024	0	0	1021	3	0
1280	0	0	1277	3	0
1536	0	0	1522	4	0
1792	0	0	1774	4	0
2048	0	0	2025	5	0
2303	0	0	2297	5	0
2559	0	0	2541	5	0
2815	0	0	2793	6	0
3071	0	0	3044	6	0
3327	0	0	3285	7	0
3583	0	0	3546	7	0
3839	0	0	3798	8	0
4095	0	0	4052	8	0
0	256	0	0	250	0
256	256	0	259	252	0
512	256	0	517	254	0
768	256	0	768	254	0
1024	256	0	1015	254	0
1280	256	0	1271	254	0
1536	256	0	1517	255	0
1792	256	0	1766	256	0
2048	256	0	2019	256	0
2303	256	0	2287	257	0
2559	256	0	2535	257	0
2815	256	0	2793	257	0
3071	256	0	3031	257	0
3327	256	0	3271	257	0
3583	256	0	3530	257	0
3839	256	0	3789	258	0
4095	256	0	4036	258	0
0	512	0	0	497	0
256	512	0	257	500	0
512	512	0	513	501	0
768	512	0	764	501	0
1024	512	0	1010	501	0
1280	512	0	1266	501	0
1536	512	0	1511	501	0
1792	512	0	1761	502	0
2048	512	0	2010	502	0
2303	512	0	2279	503	0
2559	512	0	2529	503	0
2815	512	0	2781	504	0
3071	512	0	3028	504	0
3327	512	0	3263	503	0
3583	512	0	3520	503	0
3839	512	0	3777	504	0
4095	512	0	4031	504	0
0	768	0	0	734	0
256	768	0	256	738	0
512	768	0	512	739	0
768	768	0	762	740	0
1024	768	0	1006	737	0
1280	768	0	1262	738	0
1536	768	0	1509	741	0
1792	768	0	1756	739	0
2048	768	0	2005	739	0
2303	768	0	2271	739	0
2559	768	0	2522	741	0
2815	768	0	2772	741	0
3071	768	0	3021	741	0
3327	768	0	3254	739	0
3583	768	0	3515	740	0
3839	768	0	3769	740	0
4095	768	0	4023	740	0
0	1024	0	0	970	0
256	1024	0	254	973	0
512	1024	0	509	975	0
768	1024	0	759	976	0
1024	1024	0	1007	976	0
1280	1024	0	1262	976	0
1536	1024	0	1508	979	0
1792	1024	0	1754	977	0
2048	1024	0	2002	976	0
2303	1024	0	2267	975	0
2559	1024	0	2521	978	0
2815	1024	0	2771	979	0
3071	1024	0	3015	977	0
3327	1024	0	3257	979	0
3583	1024	0	3513	978	0
3839	1024	0	3769	978	0
4095	1024	0	4018	976	0
0	1280	0	0	1214	0
256	1280	0	253	1219	0
512	1280	0	507	1221	0
768	1280	0	757	1222	0
1024	1280	0	1004	1221	0
1280	1280	0	1259	1223	0
1536	1280	0	1503	1225	0
1792	1280	0	1751	1224	0
2048	1280	0	2000	1223	0
2303	1280	0	2267	1224	0
2559	1280	0	2516	1224	0
2815	1280	0	2766	1225	0
3071	1280	0	3014	1225	0
3327	1280	0	3250	1225	0
3583	1280	0	3505	1223	0
3839	1280	0	3764	1225	0
4095	1280	0	4015	1223	0
0	1536	0	0	1444	0
256	1536	0	252	1450	0
512	1536	0	505	1451	0
768	1536	0	755	1453	0
1024	1536	0	1002	1453	0
1280	1536	0	1257	1454	0
1536	1536	0	1500	1457	0
1792	1536	0	1748	1455	0
2048	1536	0	1998	1456	0
2303	1536	0	2265	1457	0
2559	1536	0	2512	1456	0
2815	1536	0	2761	1456	0
3071	1536	0	3009	1457	0
3327	1536	0	3244	1455	0
3583	1536	0	3501	1455	0
3839	1536	0	3758	1456	0
4095	1536	0	4011	1456	0
0	1792	0	0	1679	0
256	1792	0	252	1687	0
512	1792	0	505	1685	0
768	1792	0	754	1687	0
1024	1792	0	1001	1688	0
1280	1792	0	1256	1689	0
1536	1792	0	1498	1689	0
1792	1792	0	1744	1686	0
2048	1792	0	1993	1686	0
2303	1792	0	2263	1688	0
2559	1792	0	2510	1689	0
2815	1792	0	2758	1689	0
3071	1792	0	3004	1688	0
3327	1792	0	3242	1688	0
3583	1792	0	3498	1688	0
3839	1792	0	3751	1686	0
4095	1792	0	4005	1687	0
0	2048	0	0	1916	0
256	2048	0	251	1924	0
512	2048	0	504	1925	0
768	2048	0	752	1925	0
1024	2048	0	999	1926	0
1280	2048	0	1255	1929	0
1536	2048	0	1495	1926	0
1792	2048	0	1742	1925	0
2048	2048	0	1991	1925	0
2303	2048	0	2259	1927	0
2559	2048	0	2507	1928	0
2815	2048	0	2755	1928	0
3071	2048	0	3003	1928	0
3327	2048	0	3237	1925	0
3583	2048	0	3494	1926	0
3839	2048	0	3750	1926	0
4095	2048	0	4002	1925	0
0	2303	0	0	2173	0
256	2303	0	250	2181	0
512	2303	0	502	2180	0
768	2303	0	751	2181	0
1024	2303	0	998	2181	0
1280	2303	0	1254	2184	0
1536	2303	0	1496	2185	0
1792	2303	0	1742	2182	0
2048	2303	0	1991	2183	0
2303	2303	0	2260	2187	0
2559	2303	0	2507	2185	0
2815	2303	0	2755	2185	0
3071	2303	0	3002	2185	0
3327	2303	0	3235	2181	0
3583	2303	0	3494	2182	0
3839	2303	0	3749	2181	0
4095	2303	0	4003	2182	0
0	2559	0	0	2408	0
256	2559	0	249	2417	0
512	2559	0	502	2417	0
768	2559	0	751	2421	0
1024	2559	0	996	2418	0
1280	2559	0	1251	2420	0
1536	2559	0	1495	2425	0
1792	2559	0	1741	2420	0
2048	2559	0	1988	2419	0
2303	2559	0	2256	2421	0
2559	2559	0	2503	2420	0
2815	2559	0	2753	2422	0
3071	2559	0	2999	2421	0
3327	2559	0	3236	2421	0
3583	2559	0	3491	2418	0
3839	2559	0	3747	2419	0
4095	2559	0	3999	2418	0
0	2815	0	0	2639	0
256	2815	0	248	2650	0
512	2815	0	501	2652	0
768	2815	0	750	2655	0
1024	2815	0	994	2649	0
1280	2815	0	1250	2655	0
1536	2815	0	1493	2656	0
1792	2815	0	1737	2649	0
2048	2815	0	1985	2649	0
2303	2815	0	2252	2651	0
2559	2815	0	2499	2651	0
2815	2815	0	2748	2653	0
3071	2815	0	2995	2653	0
3327	2815	0	3236	2656	0
3583	2815	0	3489	2652	0
3839	2815	0	3743	2651	0
4095	2815	0	3996	2651	0
0	3071	0	0	2876	0
256	3071	0	247	2882	0
512	3071	0	500	2884	0
768	3071	0	748	2889	0
1024	3071	0	993	2884	0
1280	3071	0	1248	2887	0
1536	3071	0	1489	2887	0
1792	3071	0	1737	2887	0
2048	3071	0	1984	2885	0
2303	3071	0	2250	2886	0
2559	3071	0	2498	2886	0
2815	3071	0	2746	2888	0
3071	3071	0	2992	2887	0
3327	3071	0	3229	2885	0
3583	3071	0	3485	2885	0
3839	3071	0	3740	2885	0
4095	3071	0	3990	2882	0
0	3327	0	0	3104	0
256	3327	0	246	3111	0
512	3327	0	498	3113	0
768	3327	0	745	3116	0
1024	3327	0	991	3115	0
1280	3327	0	1244	3116	0
1536	3327	0	1484	3115	0
1792	3327	0	1734	3119	0
2048	3327	0	1984	3122	0
2303	3327	0	2249	3120	0
2559	3327	0	2494	3117	0
2815	3327	0	2744	3119	0
3071	3327	0	2989	3119	0
3327	3327	0	3226	3117	0
3583	3327	0	3483	3118	0
3839	3327	0	3736	3115	0
4095	3327	0	3988	3115	0
0	3583	0	0	3344	0
256	3583	0	246	3355	0
512	3583	0	497	3356	0
768	3583	0	744	3356	0
1024	3583	0	990	3359	0
1280	3583	0	1244	3360	0
1536	3583	0	1485	3361	0
1792	3583	0	1731	3359	0
2048	3583	0	1981	3361	0
2303	3583	0	2246	3359	0
2559	3583	0	2493	3359	0
2815	3583	0	2743	3362	0
3071	3583	0	2987	3360	0
3327	3583	0	3224	3358	0
3583	3583	0	3482	3360	0
3839	3583	0	3731	3353	0
4095	3583	0	3985	3356	0
0	3839	0	0	3585	0
256	3839	0	245	3598	0
512	3839	0	497	3602	0
768	3839	0	743	3599	0
1024	3839	0	989	3601	0
1280	3839	0	1242	3602	0
1536	3839	0	1483	3604	0
1792	3839	0	1730	3603	0
2048	3839	0	1978	3601	0
2303	3839	0	2244	3601	0
2559	3839	0	2491	3602	0
2815	3839	0	2740	3603	0
3071	3839	0	2988	3606	0
3327	3839	0	3224	3603	0
3583	3839	0	3478	3599	0
3839	3839	0	3731	3598	0
4095	3839	0	3985	3600	0
0	4095	0	0	3821	0
256	4095	0	245	3835	0
512	4095	0	497	3841	0
768	4095	0	743	3838	0
1024	4095	0	988	3837	0
1280	4095	0	1241	3838	0
1536	4095	0	1482	3840	0
1792	4095	0	1731	3843	0
2048	4095	0	1979	3842	0
2303	4095	0	2245	3842	0
2559	4095	0	2493	3843	0
2815	4095	0	2740	3842	0
3071	4095	0	2986	3841	0
3327	4095	0	3225	3843	0
3583	4095	0	3478	3837	0
3839	4095	0	3732	3838	0
4095	4095	0	3983	3836	0
0	0	256	0	0	242
256	0	256	261	1	240
512	0	256	517	2	239
768	0	256	767	2	239
1024	0	256	1017	3	239
1280	0	256	1273	3	239
1536	0	256	1516	4	239
1792	0	256	1764	4	238
2048	0	256	2014	5	237
2303	0	256	2286	5	237
2559	0	256	2535	6	238
2815	0	256	2787	6	238
3071	0	256	3036	7	238
3327	0	256	3270	7	237
3583	0	256	3532	8	237
3839	0	256	3788	8	237
4095	0	256	4045	8	237
0	256	256	0	253	242
256	256	256	257	253	240
512	256	256	512	253	239
768	256	256	763	254	239
1024	256	256	1011	255	239
1280	256	256	1267	255	239
1536	256	256	1511	256	238
1792	256	256	1758	255	237
2048	256	256	2007	256	237
2303	256	256	2276	257	237
2559	256	256	2525	257	238
2815	256	256	2777	257	238
3071	256	256	3025	257	238
3327	256	256	3265	258	237
3583	256	256	3518	258	237
3839	256	256	3775	258	237
4095	256	256	4027	258	237
0	512	256	0	500	240
256	512	256	255	500	238
512	512	256	509	501	238
768	512	256	759	501	238
1024	512	256	1007	502	238
1280	512	256	1263	503	238
1536	512	256	1506	503	238
1792	512	256	1756	504	237
2048	512	256	2002	502	237
2303	512	256	2269	503	237
2559	512	256	2519	503	237
2815	512	256	2769	504	237
3071	512	256	3019	505	237
3327	512	256	3256	505	237
3583	512	256	3517	506	236
3839	512	256	3767	505	236
4095	512	256	4021	505	236
0	768	256	0	739	239
256	768	256	254	738	238
512	768	256	508	739	237
768	768	256	757	739	237
1024	768	256	1005	740	237
1280	768	256	1259	741	237
1536	768	256	1502	741	237
1792	768	256	1752	742	237
2048	768	256	2000	741	236
2303	768	256	2268	743	236
2559	768	256	2516	742	236
2815	768	256	2767	743	236
3071	768	256	3012	742	237
3327	768	256	3248	742	236
3583	768	256	3508	743	236
3839	768	256	3764	743	236
4095	768	256	4012	741	236
0	1024	256	0	980	239
256	1024	256	253	978	237
512	1024	256	506	975	237
768	1024	256	757	979	237
1024	1024	256	1001	976	237
1280	1024	256	1258	979	237
1536	1024	256	1501	980	237
1792	1024	256	1749	979	237
2048	1024	256	1997	979	236
2303	1024	256	2264	979	237
2559	1024	256	2513	980	236
2815	1024	256	2764	981	237
3071	1024	256	3009	980	236
3327	1024	256	3248	981	236
3583	1024	256	3501	979	236
3839	1024	256	3759	980	236
4095	1024	256	4012	980	235
0	1280	256	0	1225	240
256	1280	256	252	1224	237
512	1280	256	505	1225	236
768	1280	256	754	1225	237
1024	1280	256	998	1222	236
1280	1280	256	1255	1225	237
1536	1280	256	1497	1226	237
1792	1280	256	1744	1224	236
2048	1280	256	1994	1225	236
2303	1280	256	2262	1228	236
2559	1280	256	2508	1225	236
2815	1280	256	2757	1226	236
3071	1280	256	3004	1226	236
3327	1280	256	3244	1227	236
3583	1280	256	3495	1224	235
3839	1280	256	3752	1225	235
4095	1280	256	4007	1226	235
0	1536	256	0	1456	239
256	1536	256	251	1457	237
512	1536	256	504	1456	237
768	1536	256	753	1457	236
1024	1536	256	998	1456	235
1280	1536	256	1252	1456	236
1536	1536	256	1495	1458	236
1792	1536	256	1743	1458	235
2048	1536	256	1991	1457	235
2303	1536	256	2256	1457	236
2559	1536	256	2503	1457	235
2815	1536	256	2757	1460	235
3071	1536	256	3000	1458	235
3327	1536	256	3239	1459	235
3583	1536	256	3497	1459	234
3839	1536	256	3751	1459	234
4095	1536	256	4000	1457	235
0	1792	256	0	1689	238
256	1792	256	250	1689	236
512	1792	256	502	1688	236
768	1792	256	751	1690	236
1024	1792	256	997	1690	236
1280	1792	256	1252	1692	235
1536	1792	256	1492	1690	235
1792	1792	256	1740	1690	235
2048	1792	256	1988	1690	235
2303	1792	256	2254	1691	234
2559	1792	256	2503	1691	234
2815	1792	256	2753	1693	235
3071	1792	256	3000	1693	234
3327	1792	256	3235	1691	234
3583	1792	256	3492	1691	235
3839	1792	256	3748	1691	234
4095	1792	256	3998	1690	234
0	2048	256	0	1934	237
256	2048	256	249	1928	236
512	2048	256	502	1930	235
768	2048	256	750	1929	235
1024	2048	256	995	1929	235
1280	2048	256	1251	1931	235
1536	2048	256	1491	1931	235
1792	2048	256	1739	1931	235
2048	2048	256	1988	1931	235
2303	2048	256	2254	1932	235
2559	2048	256	2498	1928	235
2815	2048	256	2751	1932	235
3071	2048	256	2996	1931	235
3327	2048	256	3235	1932	234
3583	2048	256	3490	1930	234
3839	2048	256	3746	1931	234
4095	2048	256	3997	1929	234
0	2303	256	0	2189	238
256	2303	256	248	2186	236
512	2303	256	501	2186	236
768	2303	256	749	2188	235
1024	2303	256	994	2184	235
1280	2303	256	1249	2187	235
1536	2303	256	1490	2187	235
1792	2303	256	1737	2186	235
2048	2303	256	1985	2185	235
2303	2303	256	2252	2187	235
2559	2303	256	2498	2185	234
2815	2303	256	2748	2187	235
3071	2303	256	2994	2187	234
3327	2303	256	3233	2187	234
3583	2303	256	3490	2188	234
3839	2303	256	3742	2185	234
4095	2303	256	3992	2183	233
0	2559	256	0	2424	238
256	2559	256	248	2423	236
512	2559	256	499	2421	235
768	2559	256	747	2423	236
1024	2559	256	992	2421	235
1280	2559	256	1248	2426	235
1536	2559	256	1488	2424	235
1792	2559	256	1736	2424	235
2048	2559	256	1985	2424	234
2303	2559	256	2251	2425	234
2559	2559	256	2499	2426	234
2815	2559	256	2748	2427	234
3071	2559	256	2994	2426	234
3327	2559	256	3230	2424	234
3583	2559	256	3486	2423	234
3839	2559	256	3740	2422	233
4095	2559	256	3994	2423	233
0	2815	256	0	2656	237
256	2815	256	247	2654	235
512	2815	256	498	2653	234
768	2815	256	745	2654	234
1024	2815	256	991	2654	234
1280	2815	256	1245	2656	235
1536	2815	256	1485	2656	234
1792	2815	256	1733	2656	234
2048	2815	256	1984	2660	234
2303	2815	256	2249	2658	234
2559	2815	256	2497	2658	234
2815	2815	256	2744	2659	234
3071	2815	256	2990	2659	234
3327	2815	256	3226	2656	233
3583	2815	256	3481	2654	233
3839	2815	256	3737	2656	233
4095	2815	256	3991	2657	233
0	3071	256	0	2889	236
256	3071	256	246	2886	234
512	3071	256	497	2887	234
768	3071	256	743	2887	234
1024	3071	256	988	2887	234
1280	3071	256	1242	2888	234
1536	3071	256	1484	2892	234
1792	3071	256	1730	2889	234
2048	3071	256	1980	2891	234
2303	3071	256	2245	2891	234
2559	3071	256	2492	2891	234
2815	3071	256	2741	2892	234
3071	3071	256	2986	2891	234
3327	3071	256	3224	2891	233
3583	3071	256	3478	2888	233
3839	3071	256	3732	2888	233
4095	3071	256	3985	2889	233
0	3327	256	0	3122	236
256	3327	256	245	3121	234
512	3327	256	496	3120	234
768	3327	256	742	3121	233
1024	3327	256	988	3122	233
1280	3327	256	1241	3122	233
1536	3327	256	1482	3124	234
1792	3327	256	1728	3122	233
2048	3327	256	1977	3123	233
2303	3327	256	2242	3123	233
2559	3327	256	2491	3125	233
2815	3327	256	2738	3125	233
3071	3327	256	2982	3122	233
3327	3327	256	3220	3122	233
3583	3327	256	3476	3122	232
3839	3327	256	3730	3121	232
4095	3327	256	3981	3120	232
0	3583	256	0	3363	236
256	3583	256	244	3360	234
512	3583	256	494	3359	234
768	3583	256	741	3360	234
1024	3583	256	986	3362	234
1280	3583	256	1239	3363	233
1536	3583	256	1479	3363	233
1792	3583	256	1727	3366	233
2048	3583	256	1973	3362	233
2303	3583	256	2240	3363	233
2559	3583	256	2487	3365	233
2815	3583	256	2737	3368	233
3071	3583	256	2981	3365	232
3327	3583	256	3219	3366	232
3583	3583	256	3473	3362	232
3839	3583	256	3729	3364	232
4095	3583	256	3980	3363	232
0	3839	256	0	3607	235
256	3839	256	243	3604	233
512	3839	256	494	3606	233
768	3839	256	740	3605	233
1024	3839	256	985	3604	233
1280	3839	256	1237	3605	233
1536	3839	256	1478	3608	233
1792	3839	256	1726	3609	233
2048	3839	256	1973	3607	232
2303	3839	256	2239	3607	232
2559	3839	256	2487	3610	232
2815	3839	256	2736	3612	233
3071	3839	256	2979	3607	233
3327	3839	256	3217	3608	233
3583	3839	256	3471	3605	232
3839	3839	256	3727	3607	232
4095	3839	256	3977	3604	232
0	4095	256	0	3844	235
256	4095	256	243	3842	234
512	4095	256	494	3846	234
768	4095	256	741	3846	233
1024	4095	256	984	3843	233
1280	4095	256	1237	3843	233
1536	4095	256	1480	3852	233
1792	4095	256	1725	3846	233
2048	4095	256	1972	3845	233
2303	4095	256	2238	3845	233
2559	4095	256	2486	3847	233
2815	4095	256	2736	3851	233
3071	4095	256	2978	3845	232
3327	4095	256	3215	3845	232
3583	4095	256	3470	3843	232
3839	4095	256	3726	3844	232
4095	4095	256	3979	3845	231
0	0	512	0	0	482
256	0	512	260	1	479
512	0	512	516	2	478
768	0	512	767	2	477
1024	0	512	1016	3	477
1280	0	512	1272	4	477
1536	0	512	1516	4	476
1792	0	512	1766	4	476
2048	0	512	2018	5	476
2303	0	512	2282	6	474
2559	0	512	2533	6	475
2815	0	512	2786	6	474
3071	0	512	3035	7	475
3327	0	512	3278	7	475
3583	0	512	3532	8	474
3839	0	512	3786	8	473
4095	0	512	4042	8	474
0	256	512	0	254	482
256	256	512	257	254	478
512	256	512	511	254	477
768	256	512	763	255	477
1024	256	512	1011	255	477
1280	256	512	1267	256	477
1536	256	512	1510	256	476
1792	256	512	1760	256	476
2048	256	512	2012	258	476
2303	256	512	2278	258	474
2559	256	512	2529	258	475
2815	256	512	2778	258	474
3071	256	512	3027	259	475
3327	256	512	3266	259	475
3583	256	512	3522	259	474
3839	256	512	3780	259	473
4095	256	512	4039	260	474
0	512	512	0	503	481
256	512	512	255	503	478
512	512	512	509	502	475
768	512	512	759	502	476
1024	512	512	1008	504	475
1280	512	512	1263	504	475
1536	512	512	1508	505	475
1792	512	512	1756	505	475
2048	512	512	2007	505	476
2303	512	512	2272	505	475
2559	512	512	2522	506	475
2815	512	512	2774	507	474
3071	512	512	3021	507	474
3327	512	512	3256	506	474
3583	512	512	3515	506	473
3839	512	512	3772	507	473
4095	512	512	4027	507	474
0	768	512	0	743	480
256	768	512	254	742	477
512	768	512	507	740	475
768	768	512	759	743	475
1024	768	512	1005	742	475
1280	768	512	1259	742	474
1536	768	512	1504	743	475
1792	768	512	1751	742	474
2048	768	512	2002	743	474
2303	768	512	2269	744	474
2559	768	512	2520	745	474
2815	768	512	2768	745	474
3071	768	512	3015	745	473
3327	768	512	3254	745	473
3583	768	512	3508	744	472
3839	768	512	3765	744	472
4095	768	512	4017	744	472
0	1024	512	0	981	479
256	1024	512	254	981	475
512	1024	512	507	980	474
768	1024	512	757	981	475
1024	1024	512	1003	980	474
1280	1024	512	1259	982	473
1536	1024	512	1504	983	474
1792	1024	512	1750	981	473
2048	1024	512	1999	981	473
2303	1024	512	2266	982	473
2559	1024	512	2516	982	473
2815	1024	512	2766	984	473
3071	1024	512	3010	982	472
3327	1024	512	3249	983	472
3583	1024	512	3508	983	471
3839	1024	512	3764	983	471
4095	1024	512	4013	981	471
0	1280	512	0	1227	477
256	1280	512	251	1226	475
512	1280	512	505	1227	474
768	1280	512	754	1227	474
1024	1280	512	1001	1228	473
1280	1280	512	1255	1228	473
1536	1280	512	1499	1229	474
1792	1280	512	1746	1228	473
2048	1280	512	1995	1228	472
2303	1280	512	2263	1229	472
2559	1280	512	2511	1229	472
2815	1280	512	2761	1230	473
3071	1280	512	3012	1233	472
3327	1280	512	3244	1229	471
3583	1280	512	3502	1230	472
3839	1280	512	3757	1229	471
4095	1280	512	4014	1231	470
0	1536	512	0	1461	476
256	1536	512	250	1458	473
512	1536	512	503	1458	473
768	1536	512	752	1459	473
1024	1536	512	998	1459	472
1280	1536	512	1252	1459	472
1536	1536	512	1496	1462	472
1792	1536	512	1744	1461	472
2048	1536	512	1992	1461	472
2303	1536	512	2258	1461	472
2559	1536	512	2506	1461	472
2815	1536	512	2756	1462	471
3071	1536	512	3005	1464	472
3327	1536	512	3241	1463	471
3583	1536	512	3496	1461	471
3839	1536	512	3752	1461	470
4095	1536	512	4005	1461	471
0	1792	512	0	1696	476
256	1792	512	250	1692	472
512	1792	512	502	1692	472
768	1792	512	751	1693	472
1024	1792	512	997	1694	471
1280	1792	512	1254	1697	471
1536	1792	512	1494	1695	472
1792	1792	512	1742	1695	471
2048	1792	512	1989	1694	471
2303	1792	512	2254	1693	470
2559	1792	512	2503	1694	470
2815	1792	512	2752	1694	470
3071	1792	512	3004	1698	471
3327	1792	512	3237	1696	470
3583	1792	512	3495	1696	469
3839	1792	512	3747	1693	469
4095	1792	512	4000	1693	469
0	2048	512	0	1936	475
256	2048	512	249	1931	472
512	2048	512	501	1932	471
768	2048	512	750	1933	471
1024	2048	512	996	1933	471
1280	2048	512	1251	1935	472
1536	2048	512	1492	1934	471
1792	2048	512	1739	1934	471
2048	2048	512	1990	1937	470
2303	2048	512	2254	1934	470
2559	2048	512	2502	1934	469
2815	2048	512	2752	1936	469
3071	2048	512	3000	1937	470
3327	2048	512	3237	1937	469
3583	2048	512	3491	1934	469
3839	2048	512	3745	1933	468
4095	2048	512	4000	1934	468
0	2303	512	0	2192	475
256	2303	512	248	2189	471
512	2303	512	501	2190	471
768	2303	512	749	2191	471
1024	2303	512	994	2189	470
1280	2303	512	1248	2189	470
1536	2303	512	1490	2189	470
1792	2303	512	1738	2190	470
2048	2303	512	1990	2194	471
2303	2303	512	2253	2191	470
2559	2303	512	2502	2193	470
2815	2303	512	2752	2194	470
3071	2303	512	2998	2193	470
3327	2303	512	3235	2192	469
3583	2303	512	3488	2189	468
3839	2303	512	3744	2189	468
4095	2303	512	4000	2191	468
0	2559	512	0	2432	475
256	2559	512	248	2429	471
512	2559	512	500	2430	471
768	2559	512	748	2430	471
1024	2559	512	993	2426	470
1280	2559	512	1250	2433	470
1536	2559	512	1490	2431	470
1792	2559	512	1736	2427	470
2048	2559	512	1986	2429	470
2303	2559	512	2251	2428	470
2559	2559	512	2499	2429	470
2815	2559	512	2749	2431	470
3071	2559	512	2998	2432	470
3327	2559	512	3233	2429	469
3583	2559	512	3489	2429	468
3839	2559	512	3743	2427	468
4095	2559	512	3997	2428	469
0	2815	512	0	2667	474
256	2815	512	247	2662	471
512	2815	512	499	2662	471
768	2815	512	747	2663	470
1024	2815	512	992	2661	469
1280	2815	512	1247	2664	471
1536	2815	512	1488	2663	470
1792	2815	512	1735	2662	469
2048	2815	512	1982	2660	469
2303	2815	512	2248	2661	468
2559	2815	512	2496	2661	468
2815	2815	512	2744	2662	469
3071	2815	512	2992	2662	469
3327	2815	512	3229	2662	468
3583	2815	512	3485	2662	468
3839	2815	512	3739	2660	467
4095	2815	512	3995	2662	467
0	3071	512	0	2901	474
256	3071	512	246	2895	470
512	3071	512	497	2894	470
768	3071	512	744	2895	470
1024	3071	512	990	2895	469
1280	3071	512	1243	2895	469
1536	3071	512	1485	2897	469
1792	3071	512	1731	2895	468
2048	3071	512	1979	2895	468
2303	3071	512	2245	2895	468
2559	3071	512	2493	2895	468
2815	3071	512	2742	2896	468
3071	3071	512	2989	2898	468
3327	3071	512	3224	2894	467
3583	3071	512	3481	2894	467
3839	3071	512	3735	2894	466
4095	3071	512	3992	2898	467
0	3327	512	0	3132	473
256	3327	512	244	3125	469
512	3327	512	495	3124	468
768	3327	512	743	3127	468
1024	3327	512	988	3128	468
1280	3327	512	1240	3127	468
1536	3327	512	1483	3131	468
1792	3327	512	1730	3129	467
2048	3327	512	1976	3126	467
2303	3327	512	2243	3128	467
2559	3327	512	2490	3128	467
2815	3327	512	2740	3130	467
3071	3327	512	2987	3131	467
3327	3327	512	3223	3129	466
3583	3327	512	3477	3126	466
3839	3327	512	3732	3126	466
4095	3327	512	3987	3129	466
0	3583	512	0	3373	472
256	3583	512	244	3370	468
512	3583	512	495	3368	468
768	3583	512	742	3369	468
1024	3583	512	987	3368	468
1280	3583	512	1239	3369	467
1536	3583	512	1482	3373	468
1792	3583	512	1728	3372	467
2048	3583	512	1975	3370	467
2303	3583	512	2244	3374	467
2559	3583	512	2490	3372	467
2815	3583	512	2739	3374	467
3071	3583	512	2983	3371	467
3327	3583	512	3221	3372	467
3583	3583	512	3477	3370	466
3839	3583	512	3731	3369	465
4095	3583	512	3982	3368	465
0	3839	512	0	3618	472
256	3839	512	243	3612	469
512	3839	512	494	3612	468
768	3839	512	741	3613	468
1024	3839	512	985	3610	467
1280	3839	512	1238	3612	467
1536	3839	512	1481	3618	468
1792	3839	512	1727	3615	467
2048	3839	512	1975	3616	467
2303	3839	512	2241	3616	467
2559	3839	512	2488	3615	467
2815	3839	512	2738	3619	467
3071	3839	512	2982	3615	466
3327	3839	512	3220	3615	466
3583	3839	512	3475	3613	466
3839	3839	512	3730	3613	466
4095	3839	512	3983	3614	465
0	4095	512	0	3856	471
256	4095	512	243	3851	467
512	4095	512	494	3852	467
768	4095	512	741	3853	467
1024	4095	512	985	3849	467
1280	4095	512	1238	3851	467
1536	4095	512	1480	3856	468
1792	4095	512	1726	3853	467
2048	4095	512	1975	3855	467
2303	4095	512	2241	3854	466
2559	4095	512	2488	3854	466
2815	4095	512	2738	3858	467
3071	4095	512	2983	3855	466
3327	4095	512	3218	3852	466
3583	4095	512	3475	3852	465
3839	4095	512	3729	3851	465
4095	4095	512	3984	3854	466
0	0	768	0	0	716
256	0	768	260	1	712
512	0	768	517	2	711
768	0	768	769	3	711
1024	0	768	1019	3	711
1280	0	768	1275	4	711
1536	0	768	1519	4	710
1792	0	768	1766	5	707
2048	0	768	2019	5	708
2303	0	768	2286	6	707
2559	0	768	2537	6	707
2815	0	768	2793	6	708
3071	0	768	3041	7	707
3327	0	768	3279	8	707
3583	0	768	3534	8	705
3839	0	768	3793	8	705
4095	0	768	4047	9	705
0	256	768	0	255	716
256	256	768	257	255	712
512	256	768	513	255	711
768	256	768	764	256	710
1024	256	768	1013	256	710
1280	256	768	1269	257	710
1536	256	768	1513	257	709
1792	256	768	1763	258	707
2048	256	768	2012	258	707
2303	256	768	2279	258	706
2559	256	768	2533	259	707
2815	256	768	2784	260	707
3071	256	768	3030	260	707
3327	256	768	3268	260	706
3583	256	768	3527	260	705
3839	256	768	3787	261	705
4095	256	768	4039	261	705
0	512	768	0	504	715
256	512	768	255	504	710
512	512	768	511	505	708
768	512	768	761	505	708
1024	512	768	1009	505	708
1280	512	768	1265	506	708
1536	512	768	1509	506	707
1792	512	768	1760	507	707
2048	512	768	2009	507	706
2303	512	768	2276	507	706
2559	512	768	2527	508	707
2815	512	768	2779	509	707
3071	512	768	3027	509	706
3327	512	768	3264	508	705
3583	512	768	3520	508	704
3839	512	768	3778	509	705
4095	512	768	4035	510	704
0	768	768	0	745	712
256	768	768	254	743	708
512	768	768	509	744	707
768	768	768	759	744	707
1024	768	768	1007	744	706
1280	768	768	1261	744	706
1536	768	768	1505	745	706
1792	768	768	1757	747	706
2048	768	768	2007	747	705
2303	768	768	2273	746	705
2559	768	768	2523	746	705
2815	768	768	2773	747	705
3071	768	768	3021	748	705
3327	768	768	3257	747	704
3583	768	768	3514	746	703
3839	768	768	3771	747	703
4095	768	768	4027	747	704
0	1024	768	0	985	711
256	1024	768	253	984	707
512	1024	768	509	985	706
768	1024	768	758	984	706
1024	1024	768	1006	984	705
1280	1024	768	1262	985	704
1536	1024	768	1506	986	704
1792	1024	768	1755	985	705
2048	1024	768	2003	984	704
2303	1024	768	2269	984	704
2559	1024	768	2519	985	704
2815	1024	768	2769	986	704
3071	1024	768	3015	985	703
3327	1024	768	3255	986	703
3583	1024	768	3516	987	702
3839	1024	768	3767	985	702
4095	1024	768	4019	984	702
0	1280	768	0	1232	711
256	1280	768	251	1231	707
512	1280	768	506	1231	706
768	1280	768	756	1232	705
1024	1280	768	1003	1231	704
1280	1280	768	1258	1231	704
1536	1280	768	1501	1233	705
1792	1280	768	1750	1232	704
2048	1280	768	2000	1233	703
2303	1280	768	2267	1233	703
2559	1280	768	2516	1233	703
2815	1280	768	2769	1236	703
3071	1280	768	3011	1233	702
3327	1280	768	3249	1233	702
3583	1280	768	3508	1233	703
3839	1280	768	3764	1233	701
4095	1280	768	4015	1232	700
0	1536	768	0	1466	709
256	1536	768	251	1465	705
512	1536	768	505	1465	704
768	1536	768	754	1464	704
1024	1536	768	1001	1464	703
1280	1536	768	1256	1465	703
1536	1536	768	1499	1466	703
1792	1536	768	1747	1465	702
2048	1536	768	1997	1466	702
2303	1536	768	2265	1468	702
2559	1536	768	2513	1467	702
2815	1536	768	2765	1470	703
3071	1536	768	3012	1469	701
3327	1536	768	3246	1466	701
3583	1536	768	3503	1466	701
3839	1536	768	3759	1466	700
4095	1536	768	4013	1466	700
0	1792	768	0	1700	708
256	1792	768	250	1697	704
512	1792	768	503	1697	703
768	1792	768	753	1700	702
1024	1792	768	999	1698	702
1280	1792	768	1256	1702	702
1536	1792	768	1497	1701	702
1792	1792	768	1745	1699	701
2048	1792	768	1993	1699	701
2303	1792	768	2260	1700	701
2559	1792	768	2508	1700	701
2815	1792	768	2758	1701	702
3071	1792	768	3007	1702	701
3327	1792	768	3246	1703	700
3583	1792	768	3500	1700	699
3839	1792	768	3755	1699	699
4095	1792	768	4008	1699	699
0	2048	768	0	1942	707
256	2048	768	249	1938	702
512	2048	768	502	1938	701
768	2048	768	752	1941	702
1024	2048	768	998	1939	701
1280	2048	768	1253	1940	702
1536	2048	768	1495	1940	702
1792	2048	768	1744	1941	701
2048	2048	768	1993	1941	700
2303	2048	768	2259	1941	700
2559	2048	768	2508	1942	700
2815	2048	768	2758	1943	700
3071	2048	768	3005	1943	700
3327	2048	768	3245	1944	700
3583	2048	768	3496	1939	699
3839	2048	768	3753	1939	698
4095	2048	768	4007	1940	698
0	2303	768	0	2199	707
256	2303	768	248	2196	702
512	2303	768	502	2197	702
768	2303	768	750	2197	702
1024	2303	768	996	2196	701
1280	2303	768	1252	2197	701
1536	2303	768	1494	2198	701
1792	2303	768	1744	2199	701
2048	2303	768	1992	2199	701
2303	2303	768	2258	2198	700
2559	2303	768	2508	2200	700
2815	2303	768	2759	2202	701
3071	2303	768	3002	2198	700
3327	2303	768	3241	2199	700
3583	2303	768	3495	2196	698
3839	2303	768	3753	2197	698
4095	2303	768	4005	2196	698
0	2559	768	0	2438	706
256	2559	768	248	2435	702
512	2559	768	501	2436	702
768	2559	768	750	2438	701
1024	2559	768	995	2434	701
1280	2559	768	1251	2437	701
1536	2559	768	1494	2439	701
1792	2559	768	1741	2436	701
2048	2559	768	1989	2436	700
2303	2559	768	2257	2438	700
2559	2559	768	2505	2437	700
2815	2559	768	2756	2440	701
3071	2559	768	3001	2437	699
3327	2559	768	3241	2439	699
3583	2559	768	3498	2438	698
3839	2559	768	3750	2435	698
4095	2559	768	4004	2435	698
0	2815	768	0	2671	705
256	2815	768	247	2668	701
512	2815	768	499	2667	700
768	2815	768	749	2671	701
1024	2815	768	993	2666	699
1280	2815	768	1247	2667	699
1536	2815	768	1492	2672	700
1792	2815	768	1738	2668	699
2048	2815	768	1986	2667	699
2303	2815	768	2253	2669	699
2559	2815	768	2502	2670	699
2815	2815	768	2750	2670	699
3071	2815	768	2996	2669	698
3327	2815	768	3236	2670	699
3583	2815	768	3491	2668	698
3839	2815	768	3744	2665	696
4095	2815	768	4000	2667	697
0	3071	768	0	2909	705
256	3071	768	246	2904	700
512	3071	768	498	2903	699
768	3071	768	746	2905	700
1024	3071	768	991	2902	698
1280	3071	768	1246	2904	698
1536	3071	768	1489	2906	699
1792	3071	768	1736	2904	698
2048	3071	768	1982	2901	697
2303	3071	768	2250	2903	697
2559	3071	768	2498	2904	697
2815	3071	768	2748	2906	697
3071	3071	768	2994	2905	697
3327	3071	768	3232	2904	696
3583	3071	768	3488	2904	696
3839	3071	768	3742	2902	696
4095	3071	768	3995	2902	696
0	3327	768	0	3141	704
256	3327	768	245	3138	699
512	3327	768	497	3136	699
768	3327	768	744	3136	698
1024	3327	768	990	3136	698
1280	3327	768	1245	3139	698
1536	3327	768	1486	3138	698
1792	3327	768	1733	3137	697
2048	3327	768	1980	3135	696
2303	3327	768	2248	3138	696
2559	3327	768	2496	3137	696
2815	3327	768	2745	3140	697
3071	3327	768	2992	3140	696
3327	3327	768	3228	3136	696
3583	3327	768	3484	3137	696
3839	3327	768	3740	3136	696
4095	3327	768	3992	3135	695
0	3583	768	0	3383	702
256	3583	768	245	3384	699
512	3583	768	496	3380	698
768	3583	768	744	3381	697
1024	3583	768	989	3379	697
1280	3583	768	1243	3380	697
1536	3583	768	1484	3380	697
1792	3583	768	1730	3378	696
2048	3583	768	1979	3379	696
2303	3583	768	2247	3380	696
2559	3583	768	2493	3379	696
2815	3583	768	2742	3380	696
3071	3583	768	2990	3383	696
3327	3583	768	3226	3379	695
3583	3583	768	3483	3380	695
3839	3583	768	3738	3378	695
4095	3583	768	3991	3378	695
0	3839	768	0	3627	702
256	3839	768	244	3625	699
512	3839	768	496	3625	698
768	3839	768	743	3624	698
1024	3839	768	988	3623	697
1280	3839	768	1241	3624	696
1536	3839	768	1483	3625	696
1792	3839	768	1730	3623	696
2048	3839	768	1980	3626	696
2303	3839	768	2245	3623	696
2559	3839	768	2493	3624	696
2815	3839	768	2742	3626	696
3071	3839	768	2990	3627	696
3327	3839	768	3225	3624	695
3583	3839	768	3484	3626	696
3839	3839	768	3735	3621	694
4095	3839	768	3990	3623	695
0	4095	768	0	3867	702
256	4095	768	244	3865	698
512	4095	768	495	3864	697
768	4095	768	743	3863	697
1024	4095	768	987	3862	696
1280	4095	768	1241	3864	696
1536	4095	768	1482	3864	696
1792	4095	768	1730	3864	696
2048	4095	768	1978	3864	696
2303	4095	768	2244	3862	695
2559	4095	768	2493	3865	696
2815	4095	768	2744	3869	696
3071	4095	768	2989	3864	696
3327	4095	768	3224	3862	695
3583	4095	768	3482	3864	695
3839	4095	768	3736	3862	694
4095	4095	768	3992	3864	694
0	0	1024	0	1	950
256	0	1024	260	1	944
512	0	1024	518	2	943
768	0	1024	770	3	942
1024	0	1024	1021	3	943
1280	0	1024	1277	4	942
1536	0	1024	1521	4	942
1792	0	1024	1767	5	938
2048	0	1024	2019	5	938
2303	0	1024	2288	6	937
2559	0	1024	2540	6	938
2815	0	1024	2794	7	938
3071	0	1024	3046	7	939
3327	0	1024	3280	8	937
3583	0	1024	3541	8	936
3839	0	1024	3796	9	935
4095	0	1024	4053	9	936
0	256	1024	0	256	949
256	256	1024	257	256	943
512	256	1024	513	256	942
768	256	1024	765	257	942
1024	256	1024	1014	257	942
1280	256	1024	1270	258	941
1536	256	1024	1515	258	941
1792	256	1024	1765	259	938
2048	256	1024	2015	259	938
2303	256	1024	2283	259	937
2559	256	1024	2535	260	938
2815	256	1024	2787	261	938
3071	256	1024	3031	260	938
3327	256	1024	3270	261	936
3583	256	1024	3531	261	936
3839	256	1024	3790	262	935
4095	256	1024	4037	261	935
0	512	1024	0	506	946
256	512	1024	255	505	941
512	512	1024	511	506	940
768	512	1024	762	506	939
1024	512	1024	1011	507	939
1280	512	1024	1267	507	939
1536	512	1024	1511	508	938
1792	512	1024	1761	508	938
2048	512	1024	2011	508	937
2303	512	1024	2279	509	937
2559	512	1024	2530	509	937
2815	512	1024	2781	510	937
3071	512	1024	3030	510	936
3327	512	1024	3266	510	935
3583	512	1024	3523	509	935
3839	512	1024	3782	510	935
4095	512	1024	4038	511	934
0	768	1024	0	746	943
256	768	1024	253	745	939
512	768	1024	509	746	938
768	768	1024	759	746	937
1024	768	1024	1009	747	938
1280	768	1024	1263	746	937
1536	768	1024	1507	747	936
1792	768	1024	1759	748	937
2048	768	1024	2007	748	935
2303	768	1024	2275	748	935
2559	768	1024	2525	748	935
2815	768	1024	2776	749	935
3071	768	1024	3025	749	935
3327	768	1024	3266	749	934
3583	768	1024	3519	748	933
3839	768	1024	3777	749	933
4095	768	1024	4032	750	934
0	1024	1024	0	988	942
256	1024	1024	253	987	938
512	1024	1024	509	988	937
768	1024	1024	759	987	936
1024	1024	1024	1007	986	936
1280	1024	1024	1263	987	935
1536	1024	1024	1508	989	935
1792	1024	1024	1757	988	935
2048	1024	1024	2004	986	934
2303	1024	1024	2273	988	934
2559	1024	1024	2523	988	934
2815	1024	1024	2775	989	934
3071	1024	1024	3018	987	933
3327	1024	1024	3259	988	934
3583	1024	1024	3519	988	932
3839	1024	1024	3773	988	932
4095	1024	1024	4025	987	931
0	1280	1024	0	1235	942
256	1280	1024	252	1236	938
512	1280	1024	506	1235	936
768	1280	1024	757	1235	936
1024	1280	1024	1004	1234	934
1280	1280	1024	1260	1235	934
1536	1280	1024	1503	1236	935
1792	1280	1024	1752	1235	934
2048	1280	1024	2002	1235	933
2303	1280	1024	2270	1236	933
2559	1280	1024	2520	1236	933
2815	1280	1024	2771	1238	934
3071	1280	1024	3015	1235	931
3327	1280	1024	3255	1236	932
3583	1280	1024	3512	1236	931
3839	1280	1024	3768	1236	931
4095	1280	1024	4020	1235	930
0	1536	1024	0	1469	940
256	1536	1024	251	1468	936
512	1536	1024	505	1469	934
768	1536	1024	755	1469	934
1024	1536	1024	1002	1468	933
1280	1536	1024	1258	1469	933
1536	1536	1024	1500	1469	933
1792	1536	1024	1749	1468	932
2048	1536	1024	1999	1469	932
2303	1536	1024	2269	1472	932
2559	1536	1024	2516	1470	932
2815	1536	1024	2767	1472	932
3071	1536	1024	3017	1473	931
3327	1536	1024	3250	1469	930
3583	1536	1024	3507	1469	929
3839	1536	1024	3764	1469	929
4095	1536	1024	4018	1470	929
0	1792	1024	0	1707	939
256	1792	1024	250	1703	934
512	1792	1024	505	1705	933
768	1792	1024	754	1705	933
1024	1792	1024	1001	1704	932
1280	1792	1024	1259	1708	932
1536	1792	1024	1501	1707	932
1792	1792	1024	1746	1701	930
2048	1792	1024	1996	1702	930
2303	1792	1024	2264	1704	931
2559	1792	1024	2511	1703	930
2815	1792	1024	2763	1706	930
3071	1792	1024	3011	1705	931
3327	1792	1024	3251	1707	929
3583	1792	1024	3506	1704	928
3839	1792	1024	3762	1705	928
4095	1792	1024	4013	1702	928
0	2048	1024	0	1947	939
256	2048	1024	249	1944	933
512	2048	1024	503	1946	933
768	2048	1024	752	1944	932
1024	2048	1024	1000	1945	931
1280	2048	1024	1255	1945	932
1536	2048	1024	1497	1945	932
1792	2048	1024	1745	1944	929
2048	2048	1024	1995	1944	929
2303	2048	1024	2263	1946	929
2559	2048	1024	2511	1946	929
2815	2048	1024	2762	1947	930
3071	2048	1024	3009	1946	929
3327	2048	1024	3247	1946	929
3583	2048	1024	3502	1944	928
3839	2048	1024	3761	1945	928
4095	2048	1024	4013	1944	926
0	2303	1024	0	2205	938
256	2303	1024	248	2202	933
512	2303	1024	503	2205	933
768	2303	1024	751	2201	931
1024	2303	1024	999	2204	931
1280	2303	1024	1253	2202	930
1536	2303	1024	1496	2202	930
1792	2303	1024	1746	2203	930
2048	2303	1024	1994	2202	929
2303	2303	1024	2261	2204	930
2559	2303	1024	2510	2204	929
2815	2303	1024	2763	2207	930
3071	2303	1024	3008	2204	929
3327	2303	1024	3247	2204	928
3583	2303	1024	3501	2201	927
3839	2303	1024	3759	2202	927
4095	2303	1024	4012	2202	927
0	2559	1024	0	2443	938
256	2559	1024	247	2441	932
512	2559	1024	502	2443	933
768	2559	1024	751	2444	931
1024	2559	1024	997	2441	931
1280	2559	1024	1251	2440	930
1536	2559	1024	1496	2444	930
1792	2559	1024	1743	2441	930
2048	2559	1024	1993	2441	929
2303	2559	1024	2261	2445	930
2559	2559	1024	2508	2442	929
2815	2559	1024	2759	2445	930
3071	2559	1024	3005	2442	929
3327	2559	1024	3245	2444	929
3583	2559	1024	3501	2442	927
3839	2559	1024	3755	2440	927
4095	2559	1024	4010	2441	927
0	2815	1024	0	2678	936
256	2815	1024	247	2675	931
512	2815	1024	500	2674	930
768	2815	1024	750	2678	931
1024	2815	1024	994	2670	928
1280	2815	1024	1250	2674	928
1536	2815	1024	1494	2678	930
1792	2815	1024	1739	2672	928
2048	2815	1024	1989	2673	928
2303	2815	1024	2257	2675	928
2559	2815	1024	2505	2676	928
2815	2815	1024	2754	2676	927
3071	2815	1024	3000	2675	927
3327	2815	1024	3240	2677	927
3583	2815	1024	3496	2674	926
3839	2815	1024	3749	2671	925
4095	2815	1024	4005	2673	925
0	3071	1024	0	2916	936
256	3071	1024	246	2911	930
512	3071	1024	499	2910	929
768	3071	1024	748	2911	929
1024	3071	1024	993	2908	927
1280	3071	1024	1248	2909	927
1536	3071	1024	1491	2913	929
1792	3071	1024	1738	2909	926
2048	3071	1024	1986	2908	926
2303	3071	1024	2253	2909	926
2559	3071	1024	2502	2911	926
2815	3071	1024	2752	2913	926
3071	3071	1024	2996	2909	925
3327	3071	1024	3235	2910	925
3583	3071	1024	3492	2909	924
3839	3071	1024	3747	2907	923
4095	3071	1024	3999	2907	923
0	3327	1024	0	3147	934
256	3327	1024	245	3145	929
512	3327	1024	497	3144	928
768	3327	1024	745	3143	927
1024	3327	1024	991	3143	927
1280	3327	1024	1247	3147	927
1536	3327	1024	1488	3145	927
1792	3327	1024	1735	3142	925
2048	3327	1024	1985	3144	925
2303	3327	1024	2252	3145	925
2559	3327	1024	2499	3146	925
2815	3327	1024	2749	3148	926
3071	3327	1024	2996	3147	924
3327	3327	1024	3233	3144	924
3583	3327	1024	3489	3143	923
3839	3327	1024	3745	3143	923
4095	3327	1024	3997	3141	922
0	3583	1024	0	3390	932
256	3583	1024	244	3389	928
512	3583	1024	496	3387	926
768	3583	1024	745	3389	926
1024	3583	1024	991	3388	926
1280	3583	1024	1245	3389	926
1536	3583	1024	1485	3386	925
1792	3583	1024	1733	3386	924
2048	3583	1024	1982	3385	924
2303	3583	1024	2248	3384	924
2559	3583	1024	2496	3385	924
2815	3583	1024	2745	3388	924
3071	3583	1024	2993	3388	924
3327	3583	1024	3231	3387	923
3583	3583	1024	3487	3387	922
3839	3583	1024	3743	3386	922
4095	3583	1024	3996	3385	922
0	3839	1024	0	3634	932
256	3839	1024	243	3632	927
512	3839	1024	496	3632	926
768	3839	1024	744	3632	926
1024	3839	1024	990	3632	926
1280	3839	1024	1243	3631	925
1536	3839	1024	1484	3630	924
1792	3839	1024	1732	3630	924
2048	3839	1024	1981	3630	923
2303	3839	1024	2247	3629	922
2559	3839	1024	2495	3630	922
2815	3839	1024	2744	3633	923
3071	3839	1024	2993	3634	923
3327	3839	1024	3230	3632	922
3583	3839	1024	3486	3631	922
3839	3839	1024	3740	3628	921
4095	3839	1024	3994	3629	921
0	4095	1024	0	3873	931
256	4095	1024	243	3871	926
512	4095	1024	495	3870	925
768	4095	1024	744	3872	925
1024	4095	1024	989	3870	924
1280	4095	1024	1242	3870	924
1536	4095	1024	1483	3870	924
1792	4095	1024	1732	3870	923
2048	4095	1024	1980	3870	923
2303	4095	1024	2247	3870	923
2559	4095	1024	2496	3872	923
2815	4095	1024	2745	3874	923
3071	4095	1024	2991	3871	923
3327	4095	1024	3229	3870	922
3583	4095	1024	3485	3870	921
3839	4095	1024	3740	3869	921
4095	4095	1024	3995	3870	921
0	0	1280	0	1	1188
256	0	1280	260	2	1180
512	0	1280	518	2	1179
768	0	1280	770	3	1178
1024	0	1280	1022	3	1179
1280	0	1280	1277	4	1177
1536	0	1280	1522	4	1177
1792	0	1280	1771	5	1175
2048	0	1280	2020	5	1173
2303	0	1280	2289	6	1171
2559	0	1280	2543	6	1173
2815	0	1280	2798	7	1173
3071	0	1280	3046	7	1173
3327	0	1280	3286	8	1172
3583	0	1280	3545	8	1171
3839	0	1280	3800	9	1170
4095	0	1280	4053	9	1169
0	256	1280	0	256	1186
256	256	1280	257	256	1178
512	256	1280	513	257	1177
768	256	1280	765	258	1177
1024	256	1280	1014	258	1177
1280	256	1280	1270	259	1175
1536	256	1280	1515	259	1175
1792	256	1280	1767	259	1174
2048	256	1280	2017	260	1173
2303	256	1280	2286	260	1171
2559	256	1280	2537	260	1172
2815	256	1280	2789	261	1173
3071	256	1280	3036	261	1172
3327	256	1280	3273	261	1171
3583	256	1280	3533	262	1170
3839	256	1280	3791	262	1170
4095	256	1280	4043	262	1169
0	512	1280	0	506	1182
256	512	1280	254	506	1175
512	512	1280	511	507	1174
768	512	1280	762	507	1174
1024	512	1280	1011	508	1173
1280	512	1280	1268	509	1173
1536	512	1280	1514	509	1173
1792	512	1280	1762	509	1172
2048	512	1280	2012	509	1171
2303	512	1280	2283	510	1171
2559	512	1280	2532	510	1171
2815	512	1280	2783	511	1171
3071	512	1280	3034	512	1171
3327	512	1280	3271	511	1169
3583	512	1280	3526	510	1168
3839	512	1280	3784	511	1168
4095	512	1280	4040	512	1168
0	768	1280	0	747	1179
256	768	1280	254	748	1174
512	768	1280	510	748	1173
768	768	1280	760	748	1172
1024	768	1280	1009	748	1171
1280	768	1280	1266	749	1171
1536	768	1280	1510	749	1172
1792	768	1280	1759	749	1170
2048	768	1280	2007	748	1168
2303	768	1280	2276	749	1169
2559	768	1280	2527	749	1169
2815	768	1280	2777	750	1168
3071	768	1280	3027	750	1169
3327	768	1280	3270	752	1169
3583	768	1280	3521	749	1166
3839	768	1280	3779	750	1166
4095	768	1280	4034	751	1166
0	1024	1280	0	989	1177
256	1024	1280	253	988	1173
512	1024	1280	509	990	1172
768	1024	1280	760	990	1171
1024	1024	1280	1007	988	1170
1280	1024	1280	1264	989	1170
1536	1024	1280	1508	990	1170
1792	1024	1280	1757	989	1168
2048	1024	1280	2007	988	1167
2303	1024	1280	2277	990	1167
2559	1024	1280	2526	990	1167
2815	1024	1280	2780	992	1168
3071	1024	1280	3023	990	1167
3327	1024	1280	3262	990	1167
3583	1024	1280	3520	990	1165
3839	1024	1280	3776	989	1164
4095	1024	1280	4031	990	1164
0	1280	1280	0	1237	1177
256	1280	1280	251	1238	1172
512	1280	1280	506	1237	1170
768	1280	1280	757	1237	1170
1024	1280	1280	1004	1236	1168
1280	1280	1280	1261	1237	1168
1536	1280	1280	1504	1238	1168
1792	1280	1280	1753	1236	1167
2048	1280	1280	2003	1237	1166
2303	1280	1280	2271	1238	1167
2559	1280	1280	2522	1238	1166
2815	1280	1280	2773	1239	1167
3071	1280	1280	3020	1239	1165
3327	1280	1280	3257	1238	1164
3583	1280	1280	3515	1237	1164
3839	1280	1280	3772	1238	1163
4095	1280	1280	4026	1238	1163
0	1536	1280	0	1471	1174
256	1536	1280	250	1470	1169
512	1536	1280	505	1470	1167
768	1536	1280	756	1473	1167
1024	1536	1280	1003	1471	1166
1280	1536	1280	1258	1471	1166
1536	1536	1280	1503	1473	1166
1792	1536	1280	1750	1470	1164
2048	1536	1280	2000	1471	1164
2303	1536	1280	2268	1472	1164
2559	1536	1280	2517	1472	1164
2815	1536	1280	2767	1472	1164
3071	1536	1280	3019	1475	1165
3327	1536	1280	3254	1472	1163
3583	1536	1280	3510	1471	1162
3839	1536	1280	3767	1471	1162
4095	1536	1280	4021	1471	1161
0	1792	1280	0	1710	1173
256	1792	1280	250	1706	1167
512	1792	1280	505	1708	1166
768	1792	1280	755	1708	1166
1024	1792	1280	1002	1707	1165
1280	1792	1280	1259	1709	1165
1536	1792	1280	1502	1709	1165
1792	1792	1280	1748	1705	1163
2048	1792	1280	1998	1705	1163
2303	1792	1280	2266	1707	1163
2559	1792	1280	2516	1708	1163
2815	1792	1280	2765	1708	1162
3071	1792	1280	3012	1707	1163
3327	1792	1280	3254	1709	1162
3583	1792	1280	3508	1707	1160
3839	1792	1280	3766	1708	1160
4095	1792	1280	4017	1705	1159
0	2048	1280	0	1950	1173
256	2048	1280	249	1949	1167
512	2048	1280	503	1948	1166
768	2048	1280	753	1949	1165
1024	2048	1280	1000	1947	1164
1280	2048	1280	1255	1947	1164
1536	2048	1280	1499	1949	1164
1792	2048	1280	1746	1947	1162
2048	2048	1280	1997	1947	1162
2303	2048	1280	2264	1949	1162
2559	2048	1280	2514	1949	1162
2815	2048	1280	2763	1949	1162
3071	2048	1280	3010	1948	1161
3327	2048	1280	3249	1948	1161
3583	2048	1280	3505	1947	1160
3839	2048	1280	3763	1947	1160
4095	2048	1280	4015	1946	1158
0	2303	1280	0	2208	1172
256	2303	1280	248	2205	1166
512	2303	1280	502	2206	1165
768	2303	1280	752	2205	1164
1024	2303	1280	1000	2207	1163
1280	2303	1280	1254	2205	1162
1536	2303	1280	1497	2206	1163
1792	2303	1280	1746	2206	1162
2048	2303	1280	1995	2205	1162
2303	2303	1280	2262	2206	1162
2559	2303	1280	2512	2206	1162
2815	2303	1280	2763	2208	1162
3071	2303	1280	3010	2207	1161
3327	2303	1280	3248	2206	1160
3583	2303	1280	3503	2203	1159
3839	2303	1280	3761	2204	1159
4095	2303	1280	4016	2205	1159
0	2559	1280	0	2448	1171
256	2559	1280	247	2446	1165
512	2559	1280	502	2447	1165
768	2559	1280	752	2448	1164
1024	2559	1280	998	2445	1163
1280	2559	1280	1253	2445	1163
1536	2559	1280	1497	2447	1163
1792	2559	1280	1746	2446	1162
2048	2559	1280	1994	2445	1161
2303	2559	1280	2262	2446	1161
2559	2559	1280	2511	2446	1161
2815	2559	1280	2761	2447	1161
3071	2559	1280	3008	2446	1161
3327	2559	1280	3246	2446	1160
3583	2559	1280	3503	2445	1159
3839	2559	1280	3757	2442	1158
4095	2559	1280	4014	2444	1159
0	2815	1280	0	2684	1171
256	2815	1280	247	2683	1165
512	2815	1280	501	2681	1164
768	2815	1280	750	2682	1164
1024	2815	1280	996	2677	1161
1280	2815	1280	1252	2680	1162
1536	2815	1280	1495	2682	1162
1792	2815	1280	1743	2679	1161
2048	2815	1280	1991	2677	1160
2303	2815	1280	2258	2679	1160
2559	2815	1280	2508	2681	1160
2815	2815	1280	2758	2682	1160
3071	2815	1280	3004	2679	1159
3327	2815	1280	3243	2680	1159
3583	2815	1280	3501	2680	1159
3839	2815	1280	3755	2677	1157
4095	2815	1280	4009	2678	1157
0	3071	1280	0	2919	1169
256	3071	1280	246	2917	1164
512	3071	1280	499	2916	1162
768	3071	1280	748	2915	1162
1024	3071	1280	994	2914	1160
1280	3071	1280	1249	2915	1160
1536	3071	1280	1492	2917	1161
1792	3071	1280	1740	2915	1159
2048	3071	1280	1989	2914	1158
2303	3071	1280	2255	2914	1158
2559	3071	1280	2505	2916	1159
2815	3071	1280	2756	2918	1159
3071	3071	1280	3001	2916	1158
3327	3071	1280	3238	2914	1157
3583	3071	1280	3497	2915	1157
3839	3071	1280	3751	2913	1156
4095	3071	1280	4004	2912	1155
0	3327	1280	0	3152	1167
256	3327	1280	245	3152	1162
512	3327	1280	498	3149	1160
768	3327	1280	746	3150	1160
1024	3327	1280	993	3150	1159
1280	3327	1280	1249	3153	1160
1536	3327	1280	1490	3152	1159
1792	3327	1280	1737	3148	1157
2048	3327	1280	1986	3148	1157
2303	3327	1280	2252	3148	1157
2559	3327	1280	2501	3150	1157
2815	3327	1280	2751	3152	1157
3071	3327	1280	2999	3152	1157
3327	3327	1280	3236	3150	1156
3583	3327	1280	3492	3148	1155
3839	3327	1280	3748	3147	1154
4095	3327	1280	4001	3147	1154
0	3583	1280	0	3396	1166
256	3583	1280	244	3394	1161
512	3583	1280	496	3391	1159
768	3583	1280	746	3394	1159
1024	3583	1280	992	3395	1159
1280	3583	1280	1247	3395	1159
1536	3583	1280	1487	3393	1158
1792	3583	1280	1736	3392	1157
2048	3583	1280	1984	3391	1156
2303	3583	1280	2251	3391	1155
2559	3583	1280	2498	3391	1156
2815	3583	1280	2749	3395	1156
3071	3583	1280	2996	3394	1156
3327	3583	1280	3234	3392	1155
3583	3583	1280	3491	3393	1154
3839	3583	1280	3747	3392	1154
4095	3583	1280	4002	3393	1154
0	3839	1280	0	3642	1166
256	3839	1280	243	3638	1160
512	3839	1280	496	3639	1159
768	3839	1280	745	3639	1159
1024	3839	1280	991	3639	1158
1280	3839	1280	1245	3639	1157
1536	3839	1280	1486	3638	1157
1792	3839	1280	1734	3637	1156
2048	3839	1280	1983	3636	1155
2303	3839	1280	2250	3636	1155
2559	3839	1280	2498	3636	1154
2815	3839	1280	2748	3639	1156
3071	3839	1280	2995	3639	1155
3327	3839	1280	3234	3639	1154
3583	3839	1280	3490	3638	1154
3839	3839	1280	3745	3635	1153
4095	3839	1280	4000	3636	1154
0	4095	1280	0	3880	1165
256	4095	1280	243	3878	1159
512	4095	1280	496	3877	1158
768	4095	1280	744	3879	1158
1024	4095	1280	990	3877	1157
1280	4095	1280	1244	3877	1157
1536	4095	1280	1485	3877	1156
1792	4095	1280	1733	3875	1155
2048	4095	1280	1984	3878	1156
2303	4095	1280	2249	3876	1155
2559	4095	1280	2498	3877	1155
2815	4095	1280	2746	3878	1155
3071	4095	1280	2994	3878	1155
3327	4095	1280	3233	3878	1154
3583	4095	1280	3488	3875	1153
3839	4095	1280	3744	3875	1153
4095	4095	1280	3998	3875	1152
0	0	1536	0	1	1421
256	0	1536	260	2	1412
512	0	1536	518	3	1409
768	0	1536	770	3	1408
1024	0	1536	1021	4	1408
1280	0	1536	1278	4	1407
1536	0	1536	1525	5	1408
1792	0	1536	1775	5	1406
2048	0	1536	2026	6	1406
2303	0	1536	2293	6	1403
2559	0	1536	2546	7	1404
2815	0	1536	2803	7	1405
3071	0	1536	3049	8	1402
3327	0	1536	3291	8	1403
3583	0	1536	3546	8	1400
3839	0	1536	3804	9	1400
4095	0	1536	4056	9	1399
0	256	1536	0	257	1418
256	256	1536	257	258	1411
512	256	1536	514	258	1408
768	256	1536	766	259	1407
1024	256	1536	1016	259	1407
1280	256	1536	1272	260	1405
1536	256	1536	1517	260	1406
1792	256	1536	1769	260	1405
2048	256	1536	2019	260	1404
2303	256	1536	2288	261	1402
2559	256	1536	2539	261	1402
2815	256	1536	2791	262	1403
3071	256	1536	3041	262	1402
3327	256	1536	3279	262	1401
3583	256	1536	3539	263	1400
3839	256	1536	3793	263	1399
4095	256	1536	4050	263	1399
0	512	1536	0	508	1414
256	512	1536	255	508	1407
512	512	1536	511	509	1406
768	512	1536	764	509	1405
1024	512	1536	1012	509	1404
1280	512	1536	1269	510	1403
1536	512	1536	1515	511	1404
1792	512	1536	1764	510	1403
2048	512	1536	2015	511	1401
2303	512	1536	2287	512	1402
2559	512	1536	2535	512	1401
2815	512	1536	2787	512	1401
3071	512	1536	3035	512	1400
3327	512	1536	3276	513	1399
3583	512	1536	3532	513	1398
3839	512	1536	3789	513	1397
4095	512	1536	4043	512	1397
0	768	1536	0	750	1411
256	768	1536	254	750	1405
512	768	1536	510	750	1403
768	768	1536	761	750	1403
1024	768	1536	1010	750	1401
1280	768	1536	1268	751	1401
1536	768	1536	1512	752	1402
1792	768	1536	1761	751	1400
2048	768	1536	2011	750	1399
2303	768	1536	2279	751	1399
2559	768	1536	2530	751	1398
2815	768	1536	2782	752	1399
3071	768	1536	3030	752	1398
3327	768	1536	3271	753	1397
3583	768	1536	3526	752	1396
3839	768	1536	3783	752	1395
4095	768	1536	4038	752	1395
0	1024	1536	0	991	1409
256	1024	1536	253	990	1403
512	1024	1536	510	992	1403
768	1024	1536	761	993	1402
1024	1024	1536	1008	990	1399
1280	1024	1536	1267	993	1400
1536	1024	1536	1510	992	1400
1792	1024	1536	1759	991	1398
2048	1024	1536	2010	992	1397
2303	1024	1536	2278	992	1396
2559	1024	1536	2528	992	1396
2815	1024	1536	2781	993	1397
3071	1024	1536	3028	993	1396
3327	1024	1536	3266	992	1395
3583	1024	1536	3525	992	1394
3839	1024	1536	3780	992	1393
4095	1024	1536	4036	992	1394
0	1280	1536	0	1240	1407
256	1280	1536	251	1239	1401
512	1280	1536	507	1241	1401
768	1280	1536	758	1241	1400
1024	1280	1536	1006	1240	1398
1280	1280	1536	1263	1240	1399
1536	1280	1536	1507	1241	1398
1792	1280	1536	1756	1240	1396
2048	1280	1536	2005	1239	1395
2303	1280	1536	2272	1239	1394
2559	1280	1536	2523	1240	1395
2815	1280	1536	2774	1241	1395
3071	1280	1536	3023	1241	1395
3327	1280	1536	3260	1240	1393
3583	1280	1536	3519	1240	1393
3839	1280	1536	3778	1241	1392
4095	1280	1536	4030	1240	1392
0	1536	1536	0	1475	1405
256	1536	1536	250	1473	1399
512	1536	1536	506	1474	1398
768	1536	1536	757	1476	1398
1024	1536	1536	1005	1475	1396
1280	1536	1536	1260	1475	1395
1536	1536	1536	1505	1477	1396
1792	1536	1536	1754	1475	1395
2048	1536	1536	2003	1474	1393
2303	1536	1536	2270	1474	1392
2559	1536	1536	2520	1474	1392
2815	1536	1536	2771	1475	1393
3071	1536	1536	3021	1477	1393
3327	1536	1536	3258	1475	1391
3583	1536	1536	3515	1474	1390
3839	1536	1536	3773	1475	1391
4095	1536	1536	4027	1475	1390
0	1792	1536	0	1711	1403
256	1792	1536	249	1710	1397
512	1792	1536	504	1709	1395
768	1792	1536	755	1710	1395
1024	1792	1536	1003	1710	1394
1280	1792	1536	1259	1711	1394
1536	1792	1536	1503	1712	1395
1792	1792	1536	1752	1711	1393
2048	1792	1536	2001	1710	1392
2303	1792	1536	2269	1711	1392
2559	1792	1536	2519	1711	1392
2815	1792	1536	2768	1711	1391
3071	1792	1536	3015	1710	1391
3327	1792	1536	3256	1711	1390
3583	1792	1536	3510	1709	1388
3839	1792	1536	3769	1710	1389
4095	1792	1536	4025	1711	1389
0	2048	1536	0	1953	1402
256	2048	1536	249	1953	1397
512	2048	1536	504	1952	1395
768	2048	1536	754	1953	1394
1024	2048	1536	1002	1952	1393
1280	2048	1536	1257	1952	1392
1536	2048	1536	1501	1953	1393
1792	2048	1536	1749	1951	1391
2048	2048	1536	1999	1951	1391
2303	2048	1536	2267	1952	1391
2559	2048	1536	2517	1953	1391
2815	2048	1536	2766	1952	1390
3071	2048	1536	3014	1952	1390
3327	2048	1536	3254	1952	1389
3583	2048	1536	3509	1950	1387
3839	2048	1536	3766	1950	1387
4095	2048	1536	4021	1950	1387
0	2303	1536	0	2212	1402
256	2303	1536	248	2210	1396
512	2303	1536	502	2210	1394
768	2303	1536	753	2212	1394
1024	2303	1536	1000	2210	1393
1280	2303	1536	1256	2210	1392
1536	2303	1536	1500	2211	1392
1792	2303	1536	1748	2210	1391
2048	2303	1536	1997	2208	1390
2303	2303	1536	2265	2210	1390
2559	2303	1536	2514	2209	1390
2815	2303	1536	2765	2211	1390
3071	2303	1536	3013	2210	1390
3327	2303	1536	3251	2209	1388
3583	2303	1536	3511	2208	1389
3839	2303	1536	3766	2208	1387
4095	2303	1536	4018	2207	1386
0	2559	1536	0	2453	1401
256	2559	1536	247	2450	1395
512	2559	1536	502	2450	1394
768	2559	1536	752	2451	1394
1024	2559	1536	999	2450	1392
1280	2559	1536	1255	2451	1392
1536	2559	1536	1498	2452	1392
1792	2559	1536	1748	2451	1391
2048	2559	1536	1995	2448	1389
2303	2559	1536	2263	2449	1389
2559	2559	1536	2513	2450	1389
2815	2559	1536	2764	2451	1390
3071	2559	1536	3012	2451	1389
3327	2559	1536	3248	2448	1387
3583	2559	1536	3508	2449	1388
3839	2559	1536	3763	2447	1387
4095	2559	1536	4016	2447	1386
0	2815	1536	0	2686	1400
256	2815	1536	247	2686	1394
512	2815	1536	501	2684	1392
768	2815	1536	750	2684	1391
1024	2815	1536	997	2684	1390
1280	2815	1536	1253	2685	1390
1536	2815	1536	1496	2686	1390
1792	2815	1536	1746	2685	1389
2048	2815	1536	1993	2682	1388
2303	2815	1536	2260	2683	1387
2559	2815	1536	2512	2686	1389
2815	2815	1536	2762	2687	1389
3071	2815	1536	3009	2685	1388
3327	2815	1536	3247	2684	1386
3583	2815	1536	3504	2683	1386
3839	2815	1536	3760	2682	1385
4095	2815	1536	4013	2681	1384
0	3071	1536	0	2924	1399
256	3071	1536	246	2923	1393
512	3071	1536	499	2920	1390
768	3071	1536	749	2921	1390
1024	3071	1536	996	2920	1389
1280	3071	1536	1251	2921	1389
1536	3071	1536	1494	2923	1389
1792	3071	1536	1743	2921	1387
2048	3071	1536	1990	2918	1386
2303	3071	1536	2257	2918	1386
2559	3071	1536	2507	2920	1387
2815	3071	1536	2757	2921	1387
3071	3071	1536	3006	2922	1386
3327	3071	1536	3244	2920	1385
3583	3071	1536	3501	2920	1384
3839	3071	1536	3756	2917	1383
4095	3071	1536	4010	2918	1383
0	3327	1536	0	3158	1397
256	3327	1536	245	3158	1391
512	3327	1536	498	3153	1388
768	3327	1536	748	3157	1389
1024	3327	1536	994	3154	1387
1280	3327	1536	1250	3157	1388
1536	3327	1536	1492	3156	1388
1792	3327	1536	1740	3154	1386
2048	3327	1536	1988	3153	1385
2303	3327	1536	2255	3153	1384
2559	3327	1536	2504	3154	1385
2815	3327	1536	2754	3156	1385
3071	3327	1536	3003	3156	1385
3327	3327	1536	3239	3153	1383
3583	3327	1536	3496	3153	1383
3839	3327	1536	3752	3153	1382
4095	3327	1536	4007	3153	1382
0	3583	1536	0	3401	1395
256	3583	1536	244	3399	1389
512	3583	1536	497	3397	1387
768	3583	1536	747	3400	1388
1024	3583	1536	993	3399	1386
1280	3583	1536	1248	3401	1388
1536	3583	1536	1490	3400	1386
1792	3583	1536	1737	3397	1384
2048	3583	1536	1987	3399	1384
2303	3583	1536	2254	3399	1384
2559	3583	1536	2502	3398	1384
2815	3583	1536	2753	3400	1385
3071	3583	1536	3001	3400	1384
3327	3583	1536	3237	3397	1382
3583	3583	1536	3494	3397	1381
3839	3583	1536	3750	3396	1381
4095	3583	1536	4008	3399	1382
0	3839	1536	0	3647	1395
256	3839	1536	243	3645	1388
512	3839	1536	496	3645	1387
768	3839	1536	746	3645	1387
1024	3839	1536	992	3645	1386
1280	3839	1536	1247	3645	1386
1536	3839	1536	1489	3645	1386
1792	3839	1536	1736	3643	1384
2048	3839	1536	1986	3644	1384
2303	3839	1536	2252	3643	1383
2559	3839	1536	2500	3643	1383
2815	3839	1536	2751	3645	1384
3071	3839	1536	3000	3645	1383
3327	3839	1536	3237	3645	1382
3583	3839	1536	3494	3643	1382
3839	3839	1536	3750	3643	1381
4095	3839	1536	4007	3645	1382
0	4095	1536	0	3889	1395
256	4095	1536	243	3887	1389
512	4095	1536	496	3885	1387
768	4095	1536	745	3885	1386
1024	4095	1536	992	3886	1386
1280	4095	1536	1246	3886	1385
1536	4095	1536	1488	3886	1385
1792	4095	1536	1736	3884	1384
2048	4095	1536	1986	3885	1384
2303	4095	1536	2251	3881	1382
2559	4095	1536	2500	3883	1382
2815	4095	1536	2750	3884	1383
3071	4095	1536	2998	3885	1383
3327	4095	1536	3236	3884	1382
3583	4095	1536	3493	3883	1381
3839	4095	1536	3749	3881	1380
4095	4095	1536	4004	3882	1380
0	0	1792	0	1	1652
256	0	1792	260	2	1642
512	0	1792	518	3	1638
768	0	1792	771	3	1637
1024	0	1792	1022	4	1636
1280	0	1792	1280	5	1635
1536	0	1792	1527	5	1637
1792	0	1792	1777	5	1635
2048	0	1792	2030	6	1634
2303	0	1792	2298	7	1633
2559	0	1792	2549	7	1631
2815	0	1792	2804	7	1633
3071	0	1792	3052	8	1630
3327	0	1792	3293	8	1630
3583	0	1792	3551	9	1628
3839	0	1792	3807	9	1626
4095	0	1792	4063	9	1627
0	256	1792	0	259	1649
256	256	1792	257	259	1641
512	256	1792	515	259	1637
768	256	1792	768	260	1637
1024	256	1792	1018	260	1635
1280	256	1792	1275	261	1634
1536	256	1792	1520	261	1635
1792	256	1792	1773	262	1634
2048	256	1792	2022	262	1632
2303	256	1792	2292	262	1631
2559	256	1792	2543	262	1630
2815	256	1792	2795	263	1631
3071	256	1792	3046	263	1630
3327	256	1792	3284	264	1629
3583	256	1792	3545	264	1628
3839	256	1792	3797	264	1625
4095	256	1792	4054	264	1627
0	512	1792	0	511	1645
256	512	1792	255	510	1636
512	512	1792	512	511	1635
768	512	1792	766	512	1635
1024	512	1792	1015	511	1632
1280	512	1792	1271	512	1632
1536	512	1792	1516	512	1631
1792	512	1792	1767	512	1631
2048	512	1792	2019	513	1629
2303	512	1792	2289	514	1629
2559	512	1792	2540	514	1629
2815	512	1792	2791	514	1629
3071	512	1792	3040	514	1628
3327	512	1792	3278	514	1626
3583	512	1792	3539	515	1627
3839	512	1792	3795	514	1625
4095	512	1792	4047	514	1624
0	768	1792	0	752	1640
256	768	1792	253	752	1633
512	768	1792	511	753	1632
768	768	1792	762	752	1631
1024	768	1792	1011	752	1629
1280	768	1792	1269	753	1629
1536	768	1792	1515	754	1630
1792	768	1792	1763	753	1627
2048	768	1792	2015	753	1627
2303	768	1792	2283	754	1626
2559	768	1792	2534	754	1626
2815	768	1792	2787	755	1627
3071	768	1792	3037	755	1626
3327	768	1792	3274	755	1624
3583	768	1792	3531	754	1623
3839	768	1792	3788	754	1622
4095	768	1792	4044	754	1622
0	1024	1792	0	994	1638
256	1024	1792	253	993	1631
512	1024	1792	510	995	1630
768	1024	1792	763	996	1630
1024	1024	1792	1010	993	1627
1280	1024	1792	1269	997	1629
1536	1024	1792	1513	995	1628
1792	1024	1792	1761	994	1625
2048	1024	1792	2013	995	1625
2303	1024	1792	2282	995	1624
2559	1024	1792	2531	994	1624
2815	1024	1792	2783	995	1624
3071	1024	1792	3032	995	1624
3327	1024	1792	3271	995	1622
3583	1024	1792	3530	995	1621
3839	1024	1792	3787	995	1621
4095	1024	1792	4041	994	1620
0	1280	1792	0	1244	1636
256	1280	1792	251	1243	1629
512	1280	1792	508	1244	1628
768	1280	1792	760	1245	1629
1024	1280	1792	1009	1244	1626
1280	1280	1792	1265	1244	1627
1536	1280	1792	1509	1245	1625
1792	1280	1792	1760	1244	1624
2048	1280	1792	2008	1243	1623
2303	1280	1792	2275	1242	1622
2559	1280	1792	2526	1242	1621
2815	1280	1792	2777	1243	1621
3071	1280	1792	3028	1244	1621
3327	1280	1792	3266	1244	1620
3583	1280	1792	3524	1243	1619
3839	1280	1792	3784	1245	1620
4095	1280	1792	4036	1244	1619
0	1536	1792	0	1480	1634
256	1536	1792	250	1478	1627
512	1536	1792	506	1479	1626
768	1536	1792	757	1479	1624
1024	1536	1792	1007	1480	1625
1280	1536	1792	1263	1479	1623
1536	1536	1792	1507	1480	1623
1792	1536	1792	1757	1480	1622
2048	1536	1792	2007	1479	1621
2303	1536	1792	2274	1479	1620
2559	1536	1792	2524	1479	1619
2815	1536	1792	2776	1479	1620
3071	1536	1792	3025	1480	1620
3327	1536	1792	3263	1479	1618
3583	1536	1792	3520	1478	1617
3839	1536	1792	3781	1480	1618
4095	1536	1792	4034	1479	1617
0	1792	1792	0	1716	1632
256	1792	1792	250	1716	1625
512	1792	1792	505	1714	1623
768	1792	1792	756	1715	1623
1024	1792	1792	1004	1714	1621
1280	1792	1792	1262	1716	1622
1536	1792	1792	1506	1716	1621
1792	1792	1792	1755	1715	1620
2048	1792	1792	2003	1713	1618
2303	1792	1792	2271	1714	1618
2559	1792	1792	2521	1714	1618
2815	1792	1792	2772	1714	1618
3071	1792	1792	3020	1714	1617
3327	1792	1792	3260	1715	1617
3583	1792	1792	3516	1713	1615
3839	1792	1792	3773	1713	1615
4095	1792	1792	4031	1715	1616
0	2048	1792	0	1958	1630
256	2048	1792	249	1956	1624
512	2048	1792	504	1958	1623
768	2048	1792	755	1957	1622
1024	2048	1792	1004	1958	1621
1280	2048	1792	1260	1958	1620
1536	2048	1792	1503	1958	1620
1792	2048	1792	1752	1956	1618
2048	2048	1792	2002	1955	1617
2303	2048	1792	2270	1956	1617
2559	2048	1792	2520	1956	1617
2815	2048	1792	2771	1957	1617
3071	2048	1792	3021	1959	1617
3327	2048	1792	3260	1957	1616
3583	2048	1792	3515	1954	1614
3839	2048	1792	3772	1955	1613
4095	2048	1792	4028	1955	1614
0	2303	1792	0	2217	1630
256	2303	1792	248	2216	1623
512	2303	1792	503	2217	1623
768	2303	1792	755	2218	1622
1024	2303	1792	1003	2217	1621
1280	2303	1792	1258	2216	1620
1536	2303	1792	1503	2217	1620
1792	2303	1792	1751	2215	1618
2048	2303	1792	2000	2213	1617
2303	2303	1792	2270	2216	1617
2559	2303	1792	2518	2214	1617
2815	2303	1792	2770	2216	1618
3071	2303	1792	3021	2218	1618
3327	2303	1792	3256	2214	1615
3583	2303	1792	3518	2215	1616
3839	2303	1792	3773	2214	1614
4095	2303	1792	4023	2211	1613
0	2559	1792	0	2458	1629
256	2559	1792	247	2456	1623
512	2559	1792	502	2456	1621
768	2559	1792	753	2457	1621
1024	2559	1792	1001	2455	1619
1280	2559	1792	1257	2457	1619
1536	2559	1792	1501	2457	1619
1792	2559	1792	1751	2457	1618
2048	2559	1792	1998	2453	1616
2303	2559	1792	2267	2455	1616
2559	2559	1792	2516	2454	1616
2815	2559	1792	2768	2456	1616
3071	2559	1792	3018	2457	1617
3327	2559	1792	3253	2454	1614
3583	2559	1792	3514	2454	1615
3839	2559	1792	3769	2453	1613
4095	2559	1792	4022	2452	1612
0	2815	1792	0	2691	1627
256	2815	1792	246	2689	1620
512	2815	1792	501	2689	1619
768	2815	1792	751	2689	1617
1024	2815	1792	999	2690	1617
1280	2815	1792	1256	2693	1618
1536	2815	1792	1499	2692	1617
1792	2815	1792	1749	2692	1616
2048	2815	1792	1996	2688	1613
2303	2815	1792	2263	2688	1613
2559	2815	1792	2514	2690	1614
2815	2815	1792	2763	2689	1614
3071	2815	1792	3014	2691	1614
3327	2815	1792	3251	2689	1613
3583	2815	1792	3508	2687	1611
3839	2815	1792	3764	2687	1610
4095	2815	1792	4018	2686	1610
0	3071	1792	0	2931	1626
256	3071	1792	246	2928	1619
512	3071	1792	500	2926	1617
768	3071	1792	750	2927	1616
1024	3071	1792	997	2927	1615
1280	3071	1792	1253	2928	1615
1536	3071	1792	1497	2930	1616
1792	3071	1792	1746	2928	1614
2048	3071	1792	1994	2925	1612
2303	3071	1792	2260	2924	1611
2559	3071	1792	2510	2925	1612
2815	3071	1792	2759	2925	1611
3071	3071	1792	3010	2927	1612
3327	3071	1792	3249	2927	1612
3583	3071	1792	3504	2924	1609
3839	3071	1792	3763	2924	1609
4095	3071	1792	4016	2924	1609
0	3327	1792	0	3166	1625
256	3327	1792	245	3164	1618
512	3327	1792	498	3160	1615
768	3327	1792	748	3163	1615
1024	3327	1792	995	3159	1613
1280	3327	1792	1250	3160	1614
1536	3327	1792	1495	3164	1614
1792	3327	1792	1743	3162	1612
2048	3327	1792	1993	3163	1612
2303	3327	1792	2260	3162	1611
2559	3327	1792	2508	3161	1611
2815	3327	1792	2759	3162	1611
3071	3327	1792	3007	3162	1611
3327	3327	1792	3245	3161	1609
3583	3327	1792	3501	3158	1608
3839	3327	1792	3759	3159	1608
4095	3327	1792	4014	3159	1608
0	3583	1792	0	3408	1623
256	3583	1792	244	3406	1616
512	3583	1792	497	3403	1614
768	3583	1792	748	3408	1615
1024	3583	1792	994	3405	1613
1280	3583	1792	1251	3409	1614
1536	3583	1792	1493	3409	1613
1792	3583	1792	1740	3404	1610
2048	3583	1792	1992	3407	1611
2303	3583	1792	2258	3406	1611
2559	3583	1792	2507	3406	1610
2815	3583	1792	2758	3407	1611
3071	3583	1792	3005	3406	1609
3327	3583	1792	3242	3404	1608
3583	3583	1792	3499	3402	1607
3839	3583	1792	3756	3401	1606
4095	3583	1792	4011	3402	1607
0	3839	1792	0	3653	1622
256	3839	1792	243	3651	1615
512	3839	1792	496	3648	1613
768	3839	1792	746	3651	1613
1024	3839	1792	994	3652	1613
1280	3839	1792	1249	3653	1612
1536	3839	1792	1492	3654	1612
1792	3839	1792	1739	3649	1610
2048	3839	1792	1989	3650	1610
2303	3839	1792	2256	3651	1610
2559	3839	1792	2505	3650	1609
2815	3839	1792	2756	3652	1610
3071	3839	1792	3004	3652	1609
3327	3839	1792	3242	3650	1608
3583	3839	1792	3498	3647	1606
3839	3839	1792	3757	3650	1607
4095	3839	1792	4013	3650	1608
0	4095	1792	0	3894	1622
256	4095	1792	243	3894	1615
512	4095	1792	496	3891	1613
768	4095	1792	746	3891	1613
1024	4095	1792	994	3894	1613
1280	4095	1792	1248	3894	1612
1536	4095	1792	1491	3894	1612
1792	4095	1792	1739	3891	1610
2048	4095	1792	1988	3890	1609
2303	4095	1792	2255	3890	1609
2559	4095	1792	2504	3890	1609
2815	4095	1792	2755	3893	1610
3071	4095	1792	3005	3894	1610
3327	4095	1792	3240	3890	1607
3583	4095	1792	3499	3890	1607
3839	4095	1792	3755	3890	1606
4095	4095	1792	4010	3890	1606
0	0	2048	0	1	1885
256	0	2048	259	2	1875
512	0	2048	519	3	1873
768	0	2048	772	4	1872
1024	0	2048	1023	4	1870
1280	0	2048	1281	5	1869
1536	0	2048	1529	5	1871
1792	0	2048	1781	6	1870
2048	0	2048	2029	6	1865
2303	0	2048	2299	7	1865
2559	0	2048	2550	7	1865
2815	0	2048	2804	8	1865
3071	0	2048	3053	8	1863
3327	0	2048	3296	9	1864
3583	0	2048	3557	9	1862
3839	0	2048	3810	9	1859
4095	0	2048	4066	10	1860
0	256	2048	0	260	1882
256	256	2048	256	260	1873
512	256	2048	515	261	1872
768	256	2048	769	261	1871
1024	256	2048	1019	261	1868
1280	256	2048	1277	262	1868
1536	256	2048	1522	262	1868
1792	256	2048	1776	263	1868
2048	256	2048	2025	263	1864
2303	256	2048	2295	263	1864
2559	256	2048	2546	263	1864
2815	256	2048	2801	264	1865
3071	256	2048	3050	264	1863
3327	256	2048	3287	264	1861
3583	256	2048	3547	265	1861
3839	256	2048	3804	265	1859
4095	256	2048	4059	265	1859
0	512	2048	0	512	1878
256	512	2048	254	512	1869
512	512	2048	513	513	1868
768	512	2048	766	513	1868
1024	512	2048	1015	513	1865
1280	512	2048	1272	513	1864
1536	512	2048	1517	513	1864
1792	512	2048	1769	513	1863
2048	512	2048	2021	514	1862
2303	512	2048	2290	514	1862
2559	512	2048	2543	515	1862
2815	512	2048	2794	515	1862
3071	512	2048	3048	516	1863
3327	512	2048	3281	515	1858
3583	512	2048	3541	515	1858
3839	512	2048	3800	516	1858
4095	512	2048	4054	516	1857
0	768	2048	0	754	1874
256	768	2048	253	753	1865
512	768	2048	511	754	1864
768	768	2048	763	754	1863
1024	768	2048	1013	754	1862
1280	768	2048	1269	755	1861
1536	768	2048	1516	756	1862
1792	768	2048	1765	755	1859
2048	768	2048	2017	755	1859
2303	768	2048	2286	756	1859
2559	768	2048	2538	756	1859
2815	768	2048	2790	757	1860
3071	768	2048	3042	757	1860
3327	768	2048	3278	756	1856
3583	768	2048	3534	755	1854
3839	768	2048	3792	756	1854
4095	768	2048	4049	756	1855
0	1024	2048	0	996	1871
256	1024	2048	252	995	1864
512	1024	2048	510	996	1862
768	1024	2048	763	998	1863
1024	1024	2048	1012	996	1860
1280	1024	2048	1270	998	1862
1536	1024	2048	1514	997	1860
1792	1024	2048	1764	997	1858
2048	1024	2048	2015	996	1857
2303	1024	2048	2286	998	1858
2559	1024	2048	2534	996	1856
2815	1024	2048	2787	998	1857
3071	1024	2048	3035	997	1856
3327	1024	2048	3275	997	1855
3583	1024	2048	3534	997	1854
3839	1024	2048	3792	998	1853
4095	1024	2048	4044	996	1852
0	1280	2048	0	1246	1869
256	1280	2048	250	1244	1861
512	1280	2048	507	1245	1860
768	1280	2048	760	1247	1861
1024	1280	2048	1009	1246	1859
1280	1280	2048	1266	1246	1858
1536	1280	2048	1510	1246	1857
1792	1280	2048	1761	1246	1856
2048	1280	2048	2013	1247	1856
2303	1280	2048	2280	1246	1855
2559	1280	2048	2530	1246	1854
2815	1280	2048	2782	1247	1855
3071	1280	2048	3031	1247	1854
3327	1280	2048	3270	1247	1853
3583	1280	2048	3528	1246	1851
3839	1280	2048	3788	1247	1852
4095	1280	2048	4041	1246	1851
0	1536	2048	0	1483	1867
256	1536	2048	250	1481	1859
512	1536	2048	507	1482	1858
768	1536	2048	758	1481	1856
1024	1536	2048	1007	1482	1856
1280	1536	2048	1264	1482	1855
1536	1536	2048	1507	1481	1854
1792	1536	2048	1758	1482	1854
2048	1536	2048	2008	1482	1853
2303	1536	2048	2277	1482	1852
2559	1536	2048	2528	1482	1852
2815	1536	2048	2779	1483	1853
3071	1536	2048	3028	1483	1852
3327	1536	2048	3268	1483	1851
3583	1536	2048	3524	1480	1848
3839	1536	2048	3784	1482	1850
4095	1536	2048	4037	1481	1848
0	1792	2048	0	1720	1865
256	1792	2048	249	1719	1858
512	1792	2048	506	1719	1856
768	1792	2048	757	1720	1856
1024	1792	2048	1006	1718	1853
1280	1792	2048	1264	1721	1855
1536	1792	2048	1507	1720	1853
1792	1792	2048	1756	1718	1852
2048	1792	2048	2005	1716	1850
2303	1792	2048	2273	1716	1849
2559	1792	2048	2524	1718	1850
2815	1792	2048	2774	1717	1850
3071	1792	2048	3024	1718	1849
3327	1792	2048	3263	1718	1849
3583	1792	2048	3522	1717	1847
3839	1792	2048	3776	1715	1846
4095	1792	2048	4032	1716	1846
0	2048	2048	0	1962	1863
256	2048	2048	248	1960	1856
512	2048	2048	504	1960	1854
768	2048	2048	755	1960	1854
1024	2048	2048	1004	1961	1852
1280	2048	2048	1262	1962	1853
1536	2048	2048	1505	1961	1852
1792	2048	2048	1755	1961	1851
2048	2048	2048	2004	1958	1849
2303	2048	2048	2272	1959	1848
2559	2048	2048	2522	1959	1849
2815	2048	2048	2773	1960	1849
3071	2048	2048	3025	1962	1850
3327	2048	2048	3262	1960	1848
3583	2048	2048	3518	1957	1846
3839	2048	2048	3775	1957	1845
4095	2048	2048	4032	1958	1846
0	2303	2048	0	2222	1863
256	2303	2048	247	2220	1856
512	2303	2048	503	2220	1854
768	2303	2048	755	2221	1854
1024	2303	2048	1003	2220	1852
1280	2303	2048	1260	2220	1852
1536	2303	2048	1504	2221	1851
1792	2303	2048	1754	2220	1851
2048	2303	2048	2005	2220	1851
2303	2303	2048	2272	2220	1850
2559	2303	2048	2522	2219	1849
2815	2303	2048	2774	2220	1850
3071	2303	2048	3024	2222	1850
3327	2303	2048	3259	2217	1847
3583	2303	2048	3518	2217	1846
3839	2303	2048	3777	2218	1846
4095	2303	2048	4030	2216	1845
0	2559	2048	0	2464	1863
256	2559	2048	247	2463	1856
512	2559	2048	503	2462	1854
768	2559	2048	754	2463	1854
1024	2559	2048	1002	2460	1851
1280	2559	2048	1260	2463	1852
1536	2559	2048	1503	2463	1851
1792	2559	2048	1754	2464	1851
2048	2559	2048	2002	2460	1849
2303	2559	2048	2270	2460	1848
2559	2559	2048	2519	2459	1848
2815	2559	2048	2770	2460	1848
3071	2559	2048	3021	2461	1848
3327	2559	2048	3259	2459	1847
3583	2559	2048	3518	2459	1846
3839	2559	2048	3774	2458	1845
4095	2559	2048	4028	2457	1844
0	2815	2048	0	2697	1860
256	2815	2048	246	2697	1853
512	2815	2048	501	2695	1851
768	2815	2048	752	2696	1851
1024	2815	2048	1000	2695	1849
1280	2815	2048	1258	2699	1851
1536	2815	2048	1501	2698	1849
1792	2815	2048	1752	2698	1849
2048	2815	2048	1998	2692	1845
2303	2815	2048	2265	2692	1844
2559	2815	2048	2514	2692	1844
2815	2815	2048	2765	2692	1844
3071	2815	2048	3017	2695	1845
3327	2815	2048	3256	2694	1845
3583	2815	2048	3513	2692	1843
3839	2815	2048	3769	2691	1843
4095	2815	2048	4023	2691	1842
0	3071	2048	0	2934	1858
256	3071	2048	245	2932	1850
512	3071	2048	500	2932	1849
768	3071	2048	750	2932	1848
1024	3071	2048	998	2932	1847
1280	3071	2048	1254	2933	1847
1536	3071	2048	1499	2936	1848
1792	3071	2048	1748	2933	1846
2048	3071	2048	1997	2932	1844
2303	3071	2048	2263	2930	1843
2559	3071	2048	2512	2929	1843
2815	3071	2048	2763	2931	1843
3071	3071	2048	3013	2931	1843
3327	3071	2048	3252	2931	1843
3583	3071	2048	3508	2928	1841
3839	3071	2048	3769	2931	1843
4095	3071	2048	4020	2928	1841
0	3327	2048	0	3171	1857
256	3327	2048	244	3167	1848
512	3327	2048	499	3166	1847
768	3327	2048	748	3166	1846
1024	3327	2048	996	3165	1844
1280	3327	2048	1251	3166	1844
1536	3327	2048	1497	3172	1847
1792	3327	2048	1745	3167	1844
2048	3327	2048	1997	3170	1845
2303	3327	2048	2262	3166	1843
2559	3327	2048	2511	3166	1843
2815	3327	2048	2762	3168	1843
3071	3327	2048	3010	3166	1843
3327	3327	2048	3249	3166	1842
3583	3327	2048	3505	3163	1840
3839	3327	2048	3764	3164	1840
4095	3327	2048	4018	3163	1840
0	3583	2048	0	3415	1856
256	3583	2048	243	3413	1848
512	3583	2048	498	3411	1846
768	3583	2048	748	3412	1846
1024	3583	2048	996	3413	1846
1280	3583	2048	1252	3414	1845
1536	3583	2048	1495	3416	1845
1792	3583	2048	1743	3411	1843
2048	3583	2048	1994	3412	1843
2303	3583	2048	2260	3411	1843
2559	3583	2048	2509	3411	1842
2815	3583	2048	2761	3412	1843
3071	3583	2048	3007	3410	1841
3327	3583	2048	3247	3410	1841
3583	3583	2048	3505	3409	1840
3839	3583	2048	3760	3407	1839
4095	3583	2048	4013	3405	1837
0	3839	2048	0	3659	1854
256	3839	2048	243	3658	1847
512	3839	2048	497	3655	1844
768	3839	2048	747	3657	1845
1024	3839	2048	995	3659	1844
1280	3839	2048	1250	3658	1843
1536	3839	2048	1493	3660	1844
1792	3839	2048	1741	3656	1842
2048	3839	2048	1991	3656	1842
2303	3839	2048	2260	3658	1842
2559	3839	2048	2508	3656	1842
2815	3839	2048	2760	3659	1843
3071	3839	2048	3007	3657	1841
3327	3839	2048	3247	3657	1841
3583	3839	2048	3502	3653	1838
3839	3839	2048	3760	3654	1839
4095	3839	2048	4013	3651	1838
0	4095	2048	0	3899	1854
256	4095	2048	242	3898	1847
512	4095	2048	496	3896	1845
768	4095	2048	746	3898	1845
1024	4095	2048	994	3897	1843
1280	4095	2048	1250	3900	1844
1536	4095	2048	1492	3899	1843
1792	4095	2048	1741	3897	1842
2048	4095	2048	1991	3897	1842
2303	4095	2048	2259	3898	1842
2559	4095	2048	2507	3897	1841
2815	4095	2048	2761	3902	1843
3071	4095	2048	3009	3902	1843
3327	4095	2048	3244	3896	1839
3583	4095	2048	3504	3897	1841
3839	4095	2048	3761	3896	1839
4095	4095	2048	4015	3894	1839
0	0	2303	0	2	2123
256	0	2303	259	2	2112
512	0	2303	517	3	2109
768	0	2303	771	4	2107
1024	0	2303	1022	4	2104
1280	0	2303	1281	5	2105
1536	0	2303	1529	5	2107
1792	0	2303	1781	6	2106
2048	0	2303	2030	6	2101
2303	0	2303	2299	7	2100
2559	0	2303	2552	7	2101
2815	0	2303	2805	8	2100
3071	0	2303	3056	8	2100
3327	0	2303	3299	9	2101
3583	0	2303	3554	9	2096
3839	0	2303	3813	10	2096
4095	0	2303	4067	10	2096
0	256	2303	0	260	2120
256	256	2303	256	260	2109
512	256	2303	516	262	2109
768	256	2303	768	261	2105
1024	256	2303	1019	262	2104
1280	256	2303	1276	262	2103
1536	256	2303	1523	263	2104
1792	256	2303	1776	263	2103
2048	256	2303	2025	263	2100
2303	256	2303	2294	263	2099
2559	256	2303	2545	264	2098
2815	256	2303	2802	265	2101
3071	256	2303	3047	264	2098
3327	256	2303	3290	265	2098
3583	256	2303	3548	265	2096
3839	256	2303	3808	266	2097
4095	256	2303	4059	265	2094
0	512	2303	0	513	2116
256	512	2303	254	513	2106
512	512	2303	512	513	2104
768	512	2303	765	513	2102
1024	512	2303	1016	514	2102
1280	512	2303	1272	514	2100
1536	512	2303	1518	514	2100
1792	512	2303	1771	515	2100
2048	512	2303	2022	515	2099
2303	512	2303	2293	516	2099
2559	512	2303	2544	516	2098
2815	512	2303	2797	516	2099
3071	512	2303	3046	516	2097
3327	512	2303	3284	516	2095
3583	512	2303	3542	516	2093
3839	512	2303	3801	516	2094
4095	512	2303	4057	517	2094
0	768	2303	0	755	2111
256	768	2303	253	755	2102
512	768	2303	511	755	2100
768	768	2303	763	755	2099
1024	768	2303	1013	755	2098
1280	768	2303	1270	756	2097
1536	768	2303	1515	756	2097
1792	768	2303	1766	756	2096
2048	768	2303	2018	756	2095
2303	768	2303	2288	757	2095
2559	768	2303	2539	757	2095
2815	768	2303	2793	759	2096
3071	768	2303	3039	757	2094
3327	768	2303	3277	757	2091
3583	768	2303	3536	756	2090
3839	768	2303	3795	757	2090
4095	768	2303	4053	758	2091
0	1024	2303	0	998	2109
256	1024	2303	252	997	2101
512	1024	2303	510	998	2100
768	1024	2303	762	998	2098
1024	1024	2303	1012	997	2097
1280	1024	2303	1269	998	2097
1536	1024	2303	1515	999	2096
1792	1024	2303	1765	998	2094
2048	1024	2303	2014	997	2092
2303	1024	2303	2284	998	2092
2559	1024	2303	2534	997	2091
2815	1024	2303	2787	998	2093
3071	1024	2303	3037	999	2092
3327	1024	2303	3277	998	2090
3583	1024	2303	3537	999	2090
3839	1024	2303	3793	998	2088
4095	1024	2303	4046	997	2088
0	1280	2303	0	1248	2106
256	1280	2303	250	1247	2098
512	1280	2303	508	1248	2097
768	1280	2303	761	1250	2097
1024	1280	2303	1010	1249	2095
1280	1280	2303	1267	1248	2094
1536	1280	2303	1513	1249	2095
1792	1280	2303	1761	1248	2092
2048	1280	2303	2011	1247	2091
2303	1280	2303	2281	1248	2090
2559	1280	2303	2532	1248	2090
2815	1280	2303	2785	1250	2092
3071	1280	2303	3032	1248	2089
3327	1280	2303	3275	1249	2090
3583	1280	2303	3531	1248	2088
3839	1280	2303	3791	1249	2088
4095	1280	2303	4041	1246	2086
0	1536	2303	0	1484	2102
256	1536	2303	250	1483	2095
512	1536	2303	506	1483	2093
768	1536	2303	758	1484	2093
1024	1536	2303	1008	1483	2091
1280	1536	2303	1265	1484	2091
1536	1536	2303	1509	1484	2090
1792	1536	2303	1759	1483	2089
2048	1536	2303	2008	1483	2088
2303	1536	2303	2278	1483	2088
2559	1536	2303	2528	1484	2088
2815	1536	2303	2781	1485	2088
3071	1536	2303	3030	1485	2088
3327	1536	2303	3269	1483	2087
3583	1536	2303	3528	1483	2086
3839	1536	2303	3785	1483	2085
4095	1536	2303	4038	1482	2084
0	1792	2303	0	1719	2099
256	1792	2303	249	1720	2093
512	1792	2303	505	1718	2090
768	1792	2303	757	1720	2090
1024	1792	2303	1005	1718	2088
1280	1792	2303	1263	1720	2088
1536	1792	2303	1508	1722	2089
1792	1792	2303	1756	1718	2087
2048	1792	2303	2007	1719	2086
2303	1792	2303	2274	1718	2085
2559	1792	2303	2524	1719	2086
2815	1792	2303	2775	1719	2085
3071	1792	2303	3025	1720	2085
3327	1792	2303	3266	1720	2085
3583	1792	2303	3523	1718	2083
3839	1792	2303	3779	1717	2082
4095	1792	2303	4036	1719	2082
0	2048	2303	0	1964	2100
256	2048	2303	248	1963	2092
512	2048	2303	504	1963	2090
768	2048	2303	755	1962	2089
1024	2048	2303	1005	1963	2088
1280	2048	2303	1262	1964	2088
1536	2048	2303	1506	1964	2088
1792	2048	2303	1754	1961	2086
2048	2048	2303	2006	1962	2087
2303	2048	2303	2274	1963	2086
2559	2048	2303	2524	1962	2086
2815	2048	2303	2776	1963	2086
3071	2048	2303	3026	1964	2086
3327	2048	2303	3262	1960	2083
3583	2048	2303	3521	1960	2082
3839	2048	2303	3778	1959	2081
4095	2048	2303	4034	1960	2082
0	2303	2303	0	2226	2101
256	2303	2303	247	2222	2092
512	2303	2303	503	2221	2089
768	2303	2303	755	2223	2090
1024	2303	2303	1003	2221	2088
1280	2303	2303	1261	2223	2088
1536	2303	2303	1504	2222	2088
1792	2303	2303	1755	2223	2087
2048	2303	2303	2007	2225	2088
2303	2303	2303	2274	2223	2087
2559	2303	2303	2524	2223	2087
2815	2303	2303	2777	2224	2088
3071	2303	2303	3021	2220	2084
3327	2303	2303	3261	2219	2083
3583	2303	2303	3520	2219	2082
3839	2303	2303	3778	2219	2082
4095	2303	2303	4031	2217	2080
0	2559	2303	0	2466	2099
256	2559	2303	247	2465	2092
512	2559	2303	502	2461	2088
768	2559	2303	754	2465	2089
1024	2559	2303	1002	2462	2088
1280	2559	2303	1259	2464	2087
1536	2559	2303	1503	2464	2087
1792	2559	2303	1755	2466	2088
2048	2559	2303	2004	2463	2085
2303	2559	2303	2271	2462	2085
2559	2559	2303	2522	2463	2085
2815	2559	2303	2773	2463	2085
3071	2559	2303	3021	2462	2084
3327	2559	2303	3260	2461	2082
3583	2559	2303	3516	2458	2080
3839	2559	2303	3778	2462	2082
4095	2559	2303	4030	2459	2080
0	2815	2303	0	2699	2095
256	2815	2303	246	2699	2089
512	2815	2303	500	2695	2086
768	2815	2303	752	2698	2087
1024	2815	2303	1000	2697	2085
1280	2815	2303	1256	2698	2084
1536	2815	2303	1502	2701	2086
1792	2815	2303	1750	2697	2082
2048	2815	2303	2000	2696	2081
2303	2815	2303	2267	2695	2081
2559	2815	2303	2516	2695	2080
2815	2815	2303	2767	2695	2080
3071	2815	2303	3019	2698	2082
3327	2815	2303	3256	2695	2079
3583	2815	2303	3511	2691	2076
3839	2815	2303	3771	2693	2077
4095	2815	2303	4025	2692	2077
0	3071	2303	0	2937	2094
256	3071	2303	244	2934	2087
512	3071	2303	500	2934	2085
768	3071	2303	751	2937	2086
1024	3071	2303	998	2934	2084
1280	3071	2303	1254	2935	2083
1536	3071	2303	1500	2940	2085
1792	3071	2303	1747	2933	2080
2048	3071	2303	1996	2930	2078
2303	3071	2303	2263	2931	2077
2559	3071	2303	2513	2932	2078
2815	3071	2303	2766	2934	2080
3071	3071	2303	3014	2933	2078
3327	3071	2303	3251	2930	2076
3583	3071	2303	3510	2930	2076
3839	3071	2303	3769	2931	2077
4095	3071	2303	4019	2927	2073
0	3327	2303	0	3171	2091
256	3327	2303	243	3168	2084
512	3327	2303	498	3168	2082
768	3327	2303	748	3169	2081
1024	3327	2303	996	3168	2080
1280	3327	2303	1252	3169	2080
1536	3327	2303	1496	3172	2080
1792	3327	2303	1745	3169	2079
2048	3327	2303	1995	3168	2078
2303	3327	2303	2261	3166	2077
2559	3327	2303	2511	3167	2077
2815	3327	2303	2764	3170	2078
3071	3327	2303	3011	3169	2077
3327	3327	2303	3247	3165	2074
3583	3327	2303	3506	3164	2074
3839	3327	2303	3765	3166	2074
4095	3327	2303	4018	3164	2074
0	3583	2303	0	3417	2091
256	3583	2303	243	3415	2084
512	3583	2303	498	3414	2082
768	3583	2303	747	3414	2081
1024	3583	2303	995	3413	2080
1280	3583	2303	1250	3413	2079
1536	3583	2303	1495	3416	2080
1792	3583	2303	1743	3412	2077
2048	3583	2303	1993	3412	2076
2303	3583	2303	2259	3411	2076
2559	3583	2303	2509	3412	2076
2815	3583	2303	2761	3414	2076
3071	3583	2303	3008	3412	2075
3327	3583	2303	3249	3414	2077
3583	3583	2303	3506	3411	2074
3839	3583	2303	3760	3407	2071
4095	3583	2303	4015	3407	2071
0	3839	2303	0	3662	2089
256	3839	2303	242	3660	2082
512	3839	2303	496	3659	2080
768	3839	2303	747	3661	2081
1024	3839	2303	995	3662	2081
1280	3839	2303	1249	3658	2078
1536	3839	2303	1493	3661	2078
1792	3839	2303	1741	3658	2077
2048	3839	2303	1992	3658	2076
2303	3839	2303	2258	3657	2075
2559	3839	2303	2508	3658	2076
2815	3839	2303	2761	3662	2078
3071	3839	2303	3008	3660	2076
3327	3839	2303	3249	3661	2075
3583	3839	2303	3504	3656	2073
3839	3839	2303	3759	3653	2072
4095	3839	2303	4013	3653	2071
0	4095	2303	0	3903	2090
256	4095	2303	242	3900	2082
512	4095	2303	496	3899	2081
768	4095	2303	747	3903	2081
1024	4095	2303	994	3901	2079
1280	4095	2303	1249	3899	2078
1536	4095	2303	1492	3901	2078
1792	4095	2303	1742	3901	2078
2048	4095	2303	1991	3899	2076
2303	4095	2303	2258	3899	2075
2559	4095	2303	2508	3899	2075
2815	4095	2303	2762	3905	2078
3071	4095	2303	3008	3902	2076
3327	4095	2303	3247	3901	2075
3583	4095	2303	3506	3900	2075
3839	4095	2303	3760	3896	2072
4095	4095	2303	4016	3897	2072
0	0	2559	0	2	2372
256	0	2559	259	3	2361
512	0	2559	518	3	2358
768	0	2559	772	4	2356
1024	0	2559	1021	4	2349
1280	0	2559	1283	5	2355
1536	0	2559	1530	5	2352
1792	0	2559	1779	6	2348
2048	0	2559	2031	6	2346
2303	0	2559	2301	7	2345
2559	0	2559	2553	7	2345
2815	0	2559	2805	8	2345
3071	0	2559	3059	8	2347
3327	0	2559	3300	9	2345
3583	0	2559	3554	9	2340
3839	0	2559	3813	10	2340
4095	0	2559	4070	10	2340
0	256	2559	0	261	2364
256	256	2559	256	261	2355
512	256	2559	514	261	2352
768	256	2559	768	261	2350
1024	256	2559	1019	262	2348
1280	256	2559	1277	263	2348
1536	256	2559	1522	263	2348
1792	256	2559	1775	263	2347
2048	256	2559	2030	264	2347
2303	256	2559	2299	265	2346
2559	256	2559	2550	265	2345
2815	256	2559	2802	265	2345
3071	256	2559	3050	265	2343
3327	256	2559	3293	266	2343
3583	256	2559	3551	266	2340
3839	256	2559	3809	266	2340
4095	256	2559	4067	267	2341
0	512	2559	0	513	2361
256	512	2559	254	514	2351
512	512	2559	512	514	2348
768	512	2559	765	514	2347
1024	512	2559	1016	515	2346
1280	512	2559	1273	514	2345
1536	512	2559	1518	515	2344
1792	512	2559	1771	516	2344
2048	512	2559	2024	516	2344
2303	512	2559	2295	517	2344
2559	512	2559	2545	516	2343
2815	512	2559	2797	517	2342
3071	512	2559	3047	517	2341
3327	512	2559	3286	517	2339
3583	512	2559	3544	516	2337
3839	512	2559	3804	517	2338
4095	512	2559	4060	517	2338
0	768	2559	0	756	2355
256	768	2559	252	756	2347
512	768	2559	510	756	2344
768	768	2559	763	756	2343
1024	768	2559	1013	756	2342
1280	768	2559	1270	756	2341
1536	768	2559	1517	758	2343
1792	768	2559	1766	757	2340
2048	768	2559	2019	757	2340
2303	768	2559	2290	758	2340
2559	768	2559	2541	758	2340
2815	768	2559	2791	758	2338
3071	768	2559	3041	758	2337
3327	768	2559	3280	758	2335
3583	768	2559	3541	758	2335
3839	768	2559	3797	758	2334
4095	768	2559	4054	758	2335
0	1024	2559	0	1000	2355
256	1024	2559	252	999	2347
512	1024	2559	510	1000	2344
768	1024	2559	763	999	2343
1024	1024	2559	1013	1000	2343
1280	1024	2559	1270	1000	2342
1536	1024	2559	1515	1000	2341
1792	1024	2559	1765	999	2339
2048	1024	2559	2016	998	2337
2303	1024	2559	2288	1000	2339
2559	1024	2559	2536	998	2336
2815	1024	2559	2791	1001	2338
3071	1024	2559	3039	1000	2336
3327	1024	2559	3282	1001	2337
3583	1024	2559	3539	999	2334
3839	1024	2559	3799	1000	2335
4095	1024	2559	4049	999	2333
0	1280	2559	0	1250	2351
256	1280	2559	250	1248	2343
512	1280	2559	507	1248	2340
768	1280	2559	760	1250	2340
1024	1280	2559	1011	1250	2340
1280	1280	2559	1268	1251	2339
1536	1280	2559	1514	1252	2341
1792	1280	2559	1762	1249	2336
2048	1280	2559	2013	1249	2335
2303	1280	2559	2284	1250	2336
2559	1280	2559	2534	1250	2335
2815	1280	2559	2791	1254	2339
3071	1280	2559	3037	1251	2336
3327	1280	2559	3276	1250	2334
3583	1280	2559	3535	1250	2333
3839	1280	2559	3794	1250	2333
4095	1280	2559	4046	1249	2331
0	1536	2559	0	1485	2347
256	1536	2559	249	1484	2339
512	1536	2559	506	1484	2337
768	1536	2559	758	1485	2336
1024	1536	2559	1008	1485	2335
1280	1536	2559	1266	1486	2335
1536	1536	2559	1510	1487	2336
1792	1536	2559	1759	1483	2332
2048	1536	2559	2009	1484	2332
2303	1536	2559	2280	1485	2333
2559	1536	2559	2530	1485	2332
2815	1536	2559	2784	1488	2334
3071	1536	2559	3033	1487	2333
3327	1536	2559	3268	1483	2328
3583	1536	2559	3528	1484	2328
3839	1536	2559	3788	1485	2329
4095	1536	2559	4041	1483	2328
0	1792	2559	0	1724	2347
256	1792	2559	249	1723	2339
512	1792	2559	505	1723	2336
768	1792	2559	757	1723	2335
1024	1792	2559	1006	1721	2333
1280	1792	2559	1264	1724	2334
1536	1792	2559	1509	1724	2334
1792	1792	2559	1756	1720	2330
2048	1792	2559	2006	1719	2329
2303	1792	2559	2275	1721	2329
2559	1792	2559	2528	1723	2331
2815	1792	2559	2778	1722	2329
3071	1792	2559	3028	1722	2329
3327	1792	2559	3269	1722	2329
3583	1792	2559	3527	1721	2328
3839	1792	2559	3782	1719	2325
4095	1792	2559	4039	1720	2326
0	2048	2559	0	1967	2346
256	2048	2559	248	1965	2336
512	2048	2559	505	1967	2336
768	2048	2559	756	1966	2334
1024	2048	2559	1005	1964	2332
1280	2048	2559	1264	1968	2334
1536	2048	2559	1506	1966	2332
1792	2048	2559	1756	1964	2330
2048	2048	2559	2007	1965	2332
2303	2048	2559	2276	1965	2330
2559	2048	2559	2527	1965	2330
2815	2048	2559	2778	1966	2330
3071	2048	2559	3029	1966	2331
3327	2048	2559	3266	1964	2327
3583	2048	2559	3524	1963	2327
3839	2048	2559	3780	1962	2325
4095	2048	2559	4037	1962	2325
0	2303	2559	0	2226	2345
256	2303	2559	246	2224	2336
512	2303	2559	503	2223	2334
768	2303	2559	754	2224	2334
1024	2303	2559	1003	2222	2331
1280	2303	2559	1262	2227	2334
1536	2303	2559	1505	2224	2331
1792	2303	2559	1755	2224	2330
2048	2303	2559	2007	2225	2331
2303	2303	2559	2274	2224	2330
2559	2303	2559	2527	2226	2332
2815	2303	2559	2779	2227	2332
3071	2303	2559	3026	2225	2330
3327	2303	2559	3263	2221	2326
3583	2303	2559	3521	2220	2325
3839	2303	2559	3779	2220	2325
4095	2303	2559	4036	2221	2326
0	2559	2559	0	2467	2343
256	2559	2559	246	2465	2334
512	2559	2559	501	2463	2332
768	2559	2559	753	2465	2333
1024	2559	2559	1002	2463	2330
1280	2559	2559	1260	2467	2331
1536	2559	2559	1505	2469	2333
1792	2559	2559	1753	2464	2328
2048	2559	2559	2004	2463	2327
2303	2559	2559	2272	2464	2328
2559	2559	2559	2525	2468	2330
2815	2559	2559	2775	2466	2328
3071	2559	2559	3024	2465	2328
3327	2559	2559	3262	2463	2326
3583	2559	2559	3519	2460	2324
3839	2559	2559	3776	2460	2322
4095	2559	2559	4036	2464	2326
0	2815	2559	0	2701	2339
256	2815	2559	246	2704	2335
512	2815	2559	500	2699	2330
768	2815	2559	752	2702	2332
1024	2815	2559	1000	2699	2329
1280	2815	2559	1258	2703	2330
1536	2815	2559	1503	2705	2330
1792	2815	2559	1750	2699	2326
2048	2815	2559	2000	2697	2324
2303	2815	2559	2269	2699	2325
2559	2815	2559	2519	2699	2324
2815	2815	2559	2770	2699	2324
3071	2815	2559	3020	2701	2326
3327	2815	2559	3259	2698	2323
3583	2815	2559	3515	2696	2321
3839	2815	2559	3770	2693	2319
4095	2815	2559	4030	2696	2321
0	3071	2559	0	2942	2341
256	3071	2559	244	2939	2331
512	3071	2559	500	2937	2329
768	3071	2559	750	2938	2328
1024	3071	2559	999	2938	2328
1280	3071	2559	1256	2939	2327
1536	3071	2559	1501	2942	2329
1792	3071	2559	1748	2936	2324
2048	3071	2559	1999	2937	2324
2303	3071	2559	2267	2938	2324
2559	3071	2559	2516	2937	2324
2815	3071	2559	2768	2938	2324
3071	3071	2559	3018	2939	2325
3327	3071	2559	3253	2933	2319
3583	3071	2559	3512	2933	2320
3839	3071	2559	3771	2934	2321
4095	3071	2559	4024	2931	2317
0	3327	2559	0	3176	2336
256	3327	2559	243	3174	2329
512	3327	2559	498	3172	2326
768	3327	2559	748	3171	2324
1024	3327	2559	997	3172	2324
1280	3327	2559	1253	3173	2324
1536	3327	2559	1497	3174	2324
1792	3327	2559	1748	3175	2325
2048	3327	2559	1996	3171	2321
2303	3327	2559	2264	3173	2321
2559	3327	2559	2514	3172	2321
2815	3327	2559	2767	3176	2323
3071	3327	2559	3014	3174	2321
3327	3327	2559	3250	3169	2318
3583	3327	2559	3508	3167	2317
3839	3327	2559	3768	3169	2317
4095	3327	2559	4022	3169	2318
0	3583	2559	0	3420	2336
256	3583	2559	243	3419	2328
512	3583	2559	498	3419	2327
768	3583	2559	747	3417	2325
1024	3583	2559	995	3417	2324
1280	3583	2559	1251	3418	2323
1536	3583	2559	1494	3418	2323
1792	3583	2559	1746	3420	2323
2048	3583	2559	1995	3416	2321
2303	3583	2559	2261	3415	2319
2559	3583	2559	2513	3419	2322
2815	3583	2559	2764	3419	2321
3071	3583	2559	3012	3418	2320
3327	3583	2559	3250	3416	2319
3583	3583	2559	3509	3415	2319
3839	3583	2559	3763	3411	2315
4095	3583	2559	4019	3412	2315
0	3839	2559	0	3666	2334
256	3839	2559	242	3664	2327
512	3839	2559	496	3663	2324
768	3839	2559	746	3663	2323
1024	3839	2559	994	3663	2322
1280	3839	2559	1250	3663	2322
1536	3839	2559	1494	3665	2322
1792	3839	2559	1743	3663	2320
2048	3839	2559	1993	3663	2320
2303	3839	2559	2260	3662	2319
2559	3839	2559	2512	3665	2320
2815	3839	2559	2761	3663	2319
3071	3839	2559	3010	3664	2319
3327	3839	2559	3249	3662	2318
3583	3839	2559	3507	3660	2315
3839	3839	2559	3762	3658	2316
4095	3839	2559	4017	3657	2314
0	4095	2559	0	3908	2335
256	4095	2559	241	3906	2327
512	4095	2559	496	3903	2324
768	4095	2559	747	3908	2327
1024	4095	2559	994	3903	2322
1280	4095	2559	1250	3905	2322
1536	4095	2559	1493	3905	2321
1792	4095	2559	1742	3904	2321
2048	4095	2559	1994	3906	2321
2303	4095	2559	2261	3906	2321
2559	4095	2559	2511	3906	2321
2815	4095	2559	2762	3906	2321
3071	4095	2559	3008	3903	2317
3327	4095	2559	3250	3905	2320
3583	4095	2559	3504	3899	2315
3839	4095	2559	3763	3900	2315
4095	4095	2559	4016	3898	2314
0	0	2815	0	2	2600
256	0	2815	259	3	2587
512	0	2815	519	4	2583
768	0	2815	773	4	2581
1024	0	2815	1024	5	2580
1280	0	2815	1283	5	2578
1536	0	2815	1530	6	2578
1792	0	2815	1784	6	2577
2048	0	2815	2035	7	2574
2303	0	2815	2303	7	2571
2559	0	2815	2556	8	2571
2815	0	2815	2808	8	2571
3071	0	2815	3065	9	2575
3327	0	2815	3304	9	2573
3583	0	2815	3561	10	2568
3839	0	2815	3817	10	2565
4095	0	2815	4074	10	2565
0	256	2815	0	262	2592
256	256	2815	255	262	2581
512	256	2815	515	262	2577
768	256	2815	769	263	2576
1024	256	2815	1021	263	2575
1280	256	2815	1278	264	2574
1536	256	2815	1525	264	2574
1792	256	2815	1778	264	2573
2048	256	2815	2034	266	2576
2303	256	2815	2304	266	2574
2559	256	2815	2556	266	2574
2815	256	2815	2808	266	2573
3071	256	2815	3057	266	2571
3327	256	2815	3299	267	2571
3583	256	2815	3554	266	2566
3839	256	2815	3813	267	2565
4095	256	2815	4072	267	2567
0	512	2815	0	515	2586
256	512	2815	254	515	2577
512	512	2815	512	515	2573
768	512	2815	766	515	2572
1024	512	2815	1017	516	2572
1280	512	2815	1275	516	2572
1536	512	2815	1520	516	2569
1792	512	2815	1773	517	2569
2048	512	2815	2026	517	2569
2303	512	2815	2298	518	2570
2559	512	2815	2547	517	2567
2815	512	2815	2801	518	2568
3071	512	2815	3050	518	2567
3327	512	2815	3289	518	2564
3583	512	2815	3548	518	2562
3839	512	2815	3807	518	2562
4095	512	2815	4065	519	2564
0	768	2815	0	758	2580
256	768	2815	253	759	2576
512	768	2815	510	758	2569
768	768	2815	763	757	2568
1024	768	2815	1016	759	2570
1280	768	2815	1272	759	2567
1536	768	2815	1519	760	2569
1792	768	2815	1768	758	2564
2048	768	2815	2022	759	2565
2303	768	2815	2292	760	2565
2559	768	2815	2544	760	2565
2815	768	2815	2795	760	2564
3071	768	2815	3045	760	2563
3327	768	2815	3289	762	2564
3583	768	2815	3541	758	2557
3839	768	2815	3802	760	2559
4095	768	2815	4059	760	2560
0	1024	2815	0	1003	2582
256	1024	2815	252	1002	2575
512	1024	2815	510	1002	2570
768	1024	2815	763	1001	2568
1024	1024	2815	1014	1002	2568
1280	1024	2815	1273	1004	2570
1536	1024	2815	1517	1003	2567
1792	1024	2815	1768	1001	2565
2048	1024	2815	2022	1003	2567
2303	1024	2815	2290	1002	2564
2559	1024	2815	2542	1002	2563
2815	1024	2815	2795	1004	2565
3071	1024	2815	3046	1003	2564
3327	1024	2815	3283	1002	2560
3583	1024	2815	3542	1002	2559
3839	1024	2815	3803	1003	2561
4095	1024	2815	4054	1001	2556
0	1280	2815	0	1252	2577
256	1280	2815	250	1251	2568
512	1280	2815	507	1251	2565
768	1280	2815	761	1253	2565
1024	1280	2815	1012	1253	2565
1280	1280	2815	1269	1253	2564
1536	1280	2815	1515	1254	2565
1792	1280	2815	1763	1251	2561
2048	1280	2815	2016	1252	2561
2303	1280	2815	2286	1252	2560
2559	1280	2815	2537	1253	2560
2815	1280	2815	2790	1254	2561
3071	1280	2815	3040	1253	2560
3327	1280	2815	3275	1250	2554
3583	1280	2815	3536	1251	2555
3839	1280	2815	3797	1252	2556
4095	1280	2815	4051	1252	2555
0	1536	2815	0	1488	2572
256	1536	2815	249	1486	2563
512	1536	2815	506	1487	2561
768	1536	2815	759	1488	2561
1024	1536	2815	1009	1488	2560
1280	1536	2815	1267	1489	2560
1536	1536	2815	1514	1491	2562
1792	1536	2815	1761	1487	2556
2048	1536	2815	2012	1487	2556
2303	1536	2815	2282	1488	2556
2559	1536	2815	2532	1488	2555
2815	1536	2815	2785	1489	2556
3071	1536	2815	3036	1489	2556
3327	1536	2815	3274	1487	2554
3583	1536	2815	3531	1486	2551
3839	1536	2815	3791	1487	2551
4095	1536	2815	4045	1486	2550
0	1792	2815	0	1729	2575
256	1792	2815	248	1725	2562
512	1792	2815	505	1725	2561
768	1792	2815	758	1726	2560
1024	1792	2815	1008	1726	2559
1280	1792	2815	1265	1726	2558
1536	1792	2815	1510	1727	2559
1792	1792	2815	1761	1726	2558
2048	1792	2815	2009	1723	2553
2303	1792	2815	2277	1723	2552
2559	1792	2815	2529	1724	2553
2815	1792	2815	2780	1724	2552
3071	1792	2815	3030	1724	2551
3327	1792	2815	3271	1724	2552
3583	1792	2815	3530	1724	2551
3839	1792	2815	3785	1721	2547
4095	1792	2815	4041	1722	2548
0	2048	2815	0	1970	2570
256	2048	2815	247	1967	2560
512	2048	2815	504	1968	2559
768	2048	2815	756	1968	2558
1024	2048	2815	1006	1969	2558
1280	2048	2815	1263	1968	2556
1536	2048	2815	1507	1968	2556
1792	2048	2815	1758	1968	2554
2048	2048	2815	2008	1966	2553
2303	2048	2815	2279	1969	2556
2559	2048	2815	2528	1967	2553
2815	2048	2815	2780	1968	2554
3071	2048	2815	3030	1968	2553
3327	2048	2815	3270	1967	2552
3583	2048	2815	3527	1965	2549
3839	2048	2815	3782	1963	2547
4095	2048	2815	4040	1965	2548
0	2303	2815	0	2231	2572
256	2303	2815	246	2228	2562
512	2303	2815	503	2227	2559
768	2303	2815	754	2227	2557
1024	2303	2815	1004	2227	2556
1280	2303	2815	1261	2227	2555
1536	2303	2815	1506	2228	2555
1792	2303	2815	1757	2228	2555
2048	2303	2815	2007	2227	2555
2303	2303	2815	2278	2229	2555
2559	2303	2815	2529	2229	2556
2815	2303	2815	2780	2229	2554
3071	2303	2815	3029	2229	2553
3327	2303	2815	3266	2225	2549
3583	2303	2815	3525	2224	2549
3839	2303	2815	3782	2223	2548
4095	2303	2815	4040	2225	2549
0	2559	2815	0	2473	2570
256	2559	2815	246	2471	2561
512	2559	2815	503	2470	2559
768	2559	2815	755	2471	2559
1024	2559	2815	1003	2469	2556
1280	2559	2815	1262	2473	2558
1536	2559	2815	1507	2472	2557
1792	2559	2815	1757	2471	2554
2048	2559	2815	2006	2468	2551
2303	2559	2815	2275	2469	2552
2559	2559	2815	2525	2468	2551
2815	2559	2815	2777	2469	2551
3071	2559	2815	3028	2469	2555
3327	2559	2815	3265	2467	2551
3583	2559	2815	3526	2467	2551
3839	2559	2815	3779	2463	2546
4095	2559	2815	4036	2464	2546
0	2815	2815	0	2708	2568
256	2815	2815	245	2706	2558
512	2815	2815	502	2708	2558
768	2815	2815	753	2707	2556
1024	2815	2815	1003	2707	2555
1280	2815	2815	1260	2708	2555
1536	2815	2815	1504	2708	2554
1792	2815	2815	1756	2709	2554
2048	2815	2815	2003	2702	2548
2303	2815	2815	2270	2702	2547
2559	2815	2815	2520	2702	2547
2815	2815	2815	2773	2703	2548
3071	2815	2815	3026	2706	2551
3327	2815	2815	3261	2702	2546
3583	2815	2815	3522	2703	2547
3839	2815	2815	3774	2697	2541
4095	2815	2815	4029	2696	2542
0	3071	2815	0	2945	2564
256	3071	2815	244	2942	2553
512	3071	2815	500	2943	2552
768	3071	2815	751	2942	2550
1024	3071	2815	1000	2943	2550
1280	3071	2815	1257	2943	2550
1536	3071	2815	1500	2943	2549
1792	3071	2815	1751	2942	2547
2048	3071	2815	2000	2940	2547
2303	3071	2815	2271	2943	2550
2559	3071	2815	2519	2942	2548
2815	3071	2815	2770	2942	2547
3071	3071	2815	3022	2945	2548
3327	3071	2815	3256	2937	2542
3583	3071	2815	3517	2938	2542
3839	3071	2815	3773	2937	2543
4095	3071	2815	4028	2935	2542
0	3327	2815	0	3181	2562
256	3327	2815	243	3176	2551
512	3327	2815	498	3176	2549
768	3327	2815	749	3175	2548
1024	3327	2815	997	3176	2547
1280	3327	2815	1253	3177	2546
1536	3327	2815	1499	3181	2551
1792	3327	2815	1748	3177	2546
2048	3327	2815	1998	3175	2543
2303	3327	2815	2266	3177	2542
2559	3327	2815	2516	3177	2543
2815	3327	2815	2766	3176	2543
3071	3327	2815	3017	3178	2544
3327	3327	2815	3255	3175	2543
3583	3327	2815	3515	3175	2543
3839	3327	2815	3771	3172	2540
4095	3327	2815	4026	3172	2540
0	3583	2815	0	3425	2560
256	3583	2815	242	3422	2551
512	3583	2815	497	3422	2550
768	3583	2815	748	3421	2548
1024	3583	2815	996	3420	2546
1280	3583	2815	1252	3423	2547
1536	3583	2815	1496	3423	2545
1792	3583	2815	1746	3422	2545
2048	3583	2815	1997	3421	2544
2303	3583	2815	2264	3421	2544
2559	3583	2815	2515	3422	2544
2815	3583	2815	2765	3422	2544
3071	3583	2815	3012	3419	2540
3327	3583	2815	3256	3423	2544
3583	3583	2815	3513	3420	2541
3839	3583	2815	3768	3417	2539
4095	3583	2815	4022	3415	2537
0	3839	2815	0	3669	2557
256	3839	2815	241	3670	2551
512	3839	2815	496	3666	2546
768	3839	2815	746	3666	2545
1024	3839	2815	995	3666	2545
1280	3839	2815	1251	3668	2544
1536	3839	2815	1495	3669	2546
1792	3839	2815	1743	3666	2541
2048	3839	2815	1994	3666	2541
2303	3839	2815	2263	3667	2541
2559	3839	2815	2512	3667	2541
2815	3839	2815	2763	3668	2541
3071	3839	2815	3011	3665	2541
3327	3839	2815	3252	3667	2540
3583	3839	2815	3509	3663	2537
3839	3839	2815	3766	3662	2537
4095	3839	2815	4019	3659	2536
0	4095	2815	0	3912	2560
256	4095	2815	241	3912	2551
512	4095	2815	495	3907	2547
768	4095	2815	746	3908	2547
1024	4095	2815	994	3907	2545
1280	4095	2815	1250	3908	2544
1536	4095	2815	1494	3910	2544
1792	4095	2815	1743	3907	2544
2048	4095	2815	1994	3908	2543
2303	4095	2815	2262	3909	2543
2559	4095	2815	2512	3909	2543
2815	4095	2815	2763	3909	2543
3071	4095	2815	3012	3909	2542
3327	4095	2815	3252	3909	2542
3583	4095	2815	3506	3903	2537
3839	4095	2815	3764	3902	2537
4095	4095	2815	4021	3904	2539
0	0	3071	0	2	2833
256	0	3071	259	3	2825
512	0	3071	518	4	2819
768	0	3071	773	4	2815
1024	0	3071	1024	5	2815
1280	0	3071	1286	6	2818
1536	0	3071	1530	6	2811
1792	0	3071	1786	6	2811
2048	0	3071	2036	7	2808
2303	0	3071	2308	8	2807
2559	0	3071	2560	8	2806
2815	0	3071	2815	8	2808
3071	0	3071	3066	9	2806
3327	0	3071	3308	9	2805
3583	0	3071	3563	10	2801
3839	0	3071	3824	10	2801
4095	0	3071	4076	11	2798
0	256	3071	0	262	2833
256	256	3071	255	262	2824
512	256	3071	514	262	2819
768	256	3071	769	263	2815
1024	256	3071	1021	264	2815
1280	256	3071	1279	264	2817
1536	256	3071	1527	265	2811
1792	256	3071	1779	265	2811
2048	256	3071	2033	266	2808
2303	256	3071	2302	266	2807
2559	256	3071	2553	266	2806
2815	256	3071	2807	266	2808
3071	256	3071	3060	267	2806
3327	256	3071	3297	267	2804
3583	256	3071	3555	267	2801
3839	256	3071	3816	268	2801
4095	256	3071	4077	268	2798
0	512	3071	0	515	2825
256	512	3071	253	516	2813
512	512	3071	512	516	2809
768	512	3071	766	516	2808
1024	512	3071	1017	516	2807
1280	512	3071	1275	517	2806
1536	512	3071	1524	519	2808
1792	512	3071	1775	518	2805
2048	512	3071	2028	518	2806
2303	512	3071	2298	519	2804
2559	512	3071	2550	519	2802
2815	512	3071	2801	519	2803
3071	512	3071	3053	519	2804
3327	512	3071	3295	520	2800
3583	512	3071	3550	519	2797
3839	512	3071	3810	519	2799
4095	512	3071	4071	520	2801
0	768	3071	0	760	2820
256	768	3071	252	760	2810
512	768	3071	511	760	2805
768	768	3071	764	760	2804
1024	768	3071	1014	759	2804
1280	768	3071	1274	761	2803
1536	768	3071	1519	761	2806
1792	768	3071	1770	760	2803
2048	768	3071	2023	760	2802
2303	768	3071	2293	761	2801
2559	768	3071	2545	761	2800
2815	768	3071	2802	763	2799
3071	768	3071	3049	762	2799
3327	768	3071	3290	763	2799
3583	768	3071	3544	760	2794
3839	768	3071	3804	761	2794
4095	768	3071	4061	761	2798
0	1024	3071	0	1004	2818
256	1024	3071	251	1002	2808
512	1024	3071	510	1003	2805
768	1024	3071	764	1003	2803
1024	1024	3071	1015	1003	2800
1280	1024	3071	1273	1004	2803
1536	1024	3071	1518	1004	2801
1792	1024	3071	1769	1003	2797
2048	1024	3071	2022	1003	2797
2303	1024	3071	2292	1004	2797
2559	1024	3071	2544	1004	2797
2815	1024	3071	2798	1005	2801
3071	1024	3071	3050	1006	2796
3327	1024	3071	3285	1003	2796
3583	1024	3071	3546	1004	2790
3839	1024	3071	3808	1005	2790
4095	1024	3071	4060	1004	2791
0	1280	3071	0	1254	2815
256	1280	3071	249	1252	2805
512	1280	3071	508	1253	2802
768	1280	3071	762	1255	2802
1024	1280	3071	1012	1254	2802
1280	1280	3071	1269	1255	2802
1536	1280	3071	1515	1255	2801
1792	1280	3071	1764	1253	2797
2048	1280	3071	2018	1254	2797
2303	1280	3071	2288	1254	2796
2559	1280	3071	2540	1255	2797
2815	1280	3071	2793	1256	2798
3071	1280	3071	3043	1256	2798
3327	1280	3071	3279	1253	2792
3583	1280	3071	3541	1254	2792
3839	1280	3071	3801	1254	2794
4095	1280	3071	4054	1253	2791
0	1536	3071	0	1493	2811
256	1536	3071	248	1489	2800
512	1536	3071	506	1490	2799
768	1536	3071	761	1493	2798
1024	1536	3071	1010	1491	2797
1280	1536	3071	1269	1494	2796
1536	1536	3071	1516	1496	2796
1792	1536	3071	1764	1491	2792
2048	1536	3071	2014	1490	2793
2303	1536	3071	2283	1490	2792
2559	1536	3071	2535	1490	2793
2815	1536	3071	2789	1492	2793
3071	1536	3071	3039	1492	2792
3327	1536	3071	3278	1491	2788
3583	1536	3071	3535	1489	2788
3839	1536	3071	3796	1490	2788
4095	1536	3071	4050	1489	2787
0	1792	3071	0	1730	2809
256	1792	3071	248	1728	2796
512	1792	3071	505	1729	2795
768	1792	3071	759	1730	2798
1024	1792	3071	1009	1730	2793
1280	1792	3071	1267	1731	2797
1536	1792	3071	1512	1730	2799
1792	1792	3071	1762	1730	2793
2048	1792	3071	2012	1728	2789
2303	1792	3071	2282	1728	2788
2559	1792	3071	2535	1730	2788
2815	1792	3071	2786	1730	2790
3071	1792	3071	3034	1728	2790
3327	1792	3071	3275	1728	2788
3583	1792	3071	3538	1730	2784
3839	1792	3071	3794	1728	2785
4095	1792	3071	4046	1726	2784
0	2048	3071	0	1973	2806
256	2048	3071	247	1974	2796
512	2048	3071	504	1971	2795
768	2048	3071	758	1974	2794
1024	2048	3071	1007	1972	2793
1280	2048	3071	1266	1974	2792
1536	2048	3071	1511	1974	2791
1792	2048	3071	1760	1971	2791
2048	2048	3071	2011	1971	2788
2303	2048	3071	2281	1972	2788
2559	2048	3071	2531	1971	2790
2815	2048	3071	2784	1972	2788
3071	2048	3071	3035	1973	2785
3327	2048	3071	3277	1973	2786
3583	2048	3071	3531	1969	2788
3839	2048	3071	3788	1967	2784
4095	2048	3071	4045	1968	2781
0	2303	3071	0	2233	2804
256	2303	3071	246	2233	2798
512	2303	3071	502	2230	2792
768	2303	3071	755	2232	2794
1024	2303	3071	1005	2232	2791
1280	2303	3071	1264	2234	2792
1536	2303	3071	1508	2232	2792
1792	2303	3071	1758	2231	2787
2048	2303	3071	2010	2231	2787
2303	2303	3071	2279	2232	2787
2559	2303	3071	2532	2233	2786
2815	2303	3071	2784	2233	2787
3071	2303	3071	3033	2232	2788
3327	2303	3071	3270	2229	2788
3583	2303	3071	3527	2227	2781
3839	2303	3071	3787	2227	2779
4095	2303	3071	4049	2231	2781
0	2559	3071	0	2478	2804
256	2559	3071	246	2476	2796
512	2559	3071	503	2476	2791
768	2559	3071	755	2476	2791
1024	2559	3071	1006	2476	2791
1280	2559	3071	1263	2477	2793
1536	2559	3071	1509	2477	2789
1792	2559	3071	1759	2475	2788
2048	2559	3071	2008	2473	2788
2303	2559	3071	2277	2472	2788
2559	2559	3071	2528	2473	2790
2815	2559	3071	2780	2473	2789
3071	2559	3071	3030	2473	2786
3327	2559	3071	3270	2471	2782
3583	2559	3071	3534	2475	2781
3839	2559	3071	3786	2470	2781
4095	2559	3071	4043	2470	2786
0	2815	3071	0	2713	2806
256	2815	3071	245	2711	2796
512	2815	3071	502	2712	2795
768	2815	3071	754	2714	2793
1024	2815	3071	1004	2712	2802
1280	2815	3071	1262	2714	2795
1536	2815	3071	1506	2713	2794
1792	2815	3071	1757	2712	2791
2048	2815	3071	2007	2710	2787
2303	2815	3071	2275	2709	2786
2559	2815	3071	2526	2709	2786
2815	2815	3071	2779	2712	2786
3071	2815	3071	3026	2708	2786
3327	2815	3071	3266	2707	2785
3583	2815	3071	3528	2709	2789
3839	2815	3071	3782	2704	2781
4095	2815	3071	4035	2702	2781
0	3071	3071	0	2949	2801
256	3071	3071	243	2947	2791
512	3071	3071	500	2948	2790
768	3071	3071	752	2948	2792
1024	3071	3071	1001	2948	2789
1280	3071	3071	1258	2948	2790
1536	3071	3071	1502	2948	2787
1792	3071	3071	1753	2947	2786
2048	3071	3071	2004	2947	2785
2303	3071	3071	2272	2946	2783
2559	3071	3071	2523	2948	2784
2815	3071	3071	2775	2948	2785
3071	3071	3071	3027	2951	2781
3327	3071	3071	3260	2943	2780
3583	3071	3071	3520	2942	2780
3839	3071	3071	3779	2943	2777
4095	3071	3071	4032	2939	2775
0	3327	3071	0	3185	2797
256	3327	3071	242	3183	2787
512	3327	3071	499	3184	2786
768	3327	3071	750	3185	2784
1024	3327	3071	998	3181	2784
1280	3327	3071	1256	3185	2782
1536	3327	3071	1500	3185	2782
1792	3327	3071	1749	3181	2780
2048	3327	3071	2000	3181	2780
2303	3327	3071	2267	3180	2779
2559	3327	3071	2521	3185	2781
2815	3327	3071	2770	3182	2780
3071	3327	3071	3022	3185	2784
3327	3327	3071	3259	3181	2775
3583	3327	3071	3518	3179	2774
3839	3327	3071	3775	3177	2776
4095	3327	3071	4031	3177	2774
0	3583	3071	0	3431	2796
256	3583	3071	242	3430	2786
512	3583	3071	498	3429	2785
768	3583	3071	749	3430	2786
1024	3583	3071	997	3427	2779
1280	3583	3071	1254	3428	2783
1536	3583	3071	1498	3429	2783
1792	3583	3071	1748	3428	2778
2048	3583	3071	2000	3428	2777
2303	3583	3071	2267	3428	2775
2559	3583	3071	2519	3430	2780
2815	3583	3071	2769	3428	2776
3071	3583	3071	3018	3428	2777
3327	3583	3071	3260	3430	2778
3583	3583	3071	3517	3425	2775
3839	3583	3071	3772	3422	2772
4095	3583	3071	4031	3425	2774
0	3839	3071	0	3679	2795
256	3839	3071	241	3678	2785
512	3839	3071	497	3676	2782
768	3839	3071	748	3676	2782
1024	3839	3071	995	3671	2780
1280	3839	3071	1252	3675	2779
1536	3839	3071	1498	3679	2779
1792	3839	3071	1747	3674	2779
2048	3839	3071	1997	3672	2779
2303	3839	3071	2266	3674	2779
2559	3839	3071	2516	3674	2777
2815	3839	3071	2767	3674	2778
3071	3839	3071	3016	3674	2777
3327	3839	3071	3257	3674	2778
3583	3839	3071	3517	3674	2774
3839	3839	3071	3770	3668	2772
4095	3839	3071	4030	3672	2775
0	4095	3071	0	3921	2794
256	4095	3071	241	3918	2785
512	4095	3071	497	3920	2783
768	4095	3071	747	3917	2782
1024	4095	3071	995	3913	2776
1280	4095	3071	1252	3916	2780
1536	4095	3071	1496	3918	2783
1792	4095	3071	1746	3916	2776
2048	4095	3071	1996	3914	2773
2303	4095	3071	2264	3915	2774
2559	4095	3071	2516	3917	2774
2815	4095	3071	2768	3918	2774
3071	4095	3071	3015	3916	2774
3327	4095	3071	3253	3912	2773
3583	4095	3071	3514	3914	2775
3839	4095	3071	3770	3910	2770
4095	4095	3071	4028	3913	2773
0	0	3327	0	3	3067
256	0	3327	258	3	3051
512	0	3327	519	4	3047
768	0	3327	774	5	3045
1024	0	3327	1025	5	3043
1280	0	3327	1286	6	3043
1536	0	3327	1533	6	3042
1792	0	3327	1786	7	3038
2048	0	3327	2039	7	3037
2303	0	3327	2312	8	3037
2559	0	3327	2565	8	3037
2815	0	3327	2819	9	3038
3071	0	3327	3073	9	3040
3327	0	3327	3310	10	3032
3583	0	3327	3568	10	3029
3839	0	3327	3829	10	3030
4095	0	3327	4085	11	3029
0	256	3327	0	264	3066
256	256	3327	256	264	3051
512	256	3327	516	264	3047
768	256	3327	771	265	3045
1024	256	3327	1022	265	3042
1280	256	3327	1282	265	3042
1536	256	3327	1531	266	3042
1792	256	3327	1781	266	3038
2048	256	3327	2035	266	3037
2303	256	3327	2306	267	3036
2559	256	3327	2559	267	3036
2815	256	3327	2812	267	3037
3071	256	3327	3063	268	3039
3327	256	3327	3305	268	3032
3583	256	3327	3565	268	3029
3839	256	3327	3820	268	3029
4095	256	3327	4079	269	3029
0	512	3327	0	518	3058
256	512	3327	254	518	3047
512	512	3327	514	519	3043
768	512	3327	768	518	3042
1024	512	3327	1019	518	3037
1280	512	3327	1278	519	3038
1536	512	3327	1527	521	3040
1792	512	3327	1778	520	3035
2048	512	3327	2030	520	3034
2303	512	3327	2300	520	3032
2559	512	3327	2552	520	3033
2815	512	3327	2809	521	3033
3071	512	3327	3057	521	3032
3327	512	3327	3299	521	3031
3583	512	3327	3561	522	3031
3839	512	3327	3823	523	3027
4095	512	3327	4072	521	3028
0	768	3327	0	763	3052
256	768	3327	252	762	3041
512	768	3327	512	762	3039
768	768	3327	766	763	3036
1024	768	3327	1018	763	3035
1280	768	3327	1277	764	3034
1536	768	3327	1523	764	3037
1792	768	3327	1777	765	3033
2048	768	3327	2027	763	3030
2303	768	3327	2299	764	3029
2559	768	3327	2553	765	3029
2815	768	3327	2806	765	3032
3071	768	3327	3057	766	3028
3327	768	3327	3293	764	3027
3583	768	3327	3555	764	3027
3839	768	3327	3812	764	3030
4095	768	3327	4065	763	3024
0	1024	3327	0	1005	3048
256	1024	3327	251	1004	3037
512	1024	3327	510	1005	3034
768	1024	3327	765	1007	3034
1024	1024	3327	1016	1005	3033
1280	1024	3327	1273	1006	3033
1536	1024	3327	1521	1007	3032
1792	1024	3327	1774	1007	3032
2048	1024	3327	2024	1005	3027
2303	1024	3327	2294	1006	3027
2559	1024	3327	2547	1006	3030
2815	1024	3327	2800	1007	3029
3071	1024	3327	3051	1007	3029
3327	1024	3327	3292	1007	3023
3583	1024	3327	3550	1006	3023
3839	1024	3327	3809	1006	3021
4095	1024	3327	4065	1006	3019
0	1280	3327	0	1258	3042
256	1280	3327	250	1257	3032
512	1280	3327	508	1257	3031
768	1280	3327	763	1258	3033
1024	1280	3327	1014	1258	3029
1280	1280	3327	1273	1260	3029
1536	1280	3327	1517	1258	3030
1792	1280	3327	1768	1256	3028
2048	1280	3327	2019	1256	3024
2303	1280	3327	2290	1257	3023
2559	1280	3327	2544	1258	3024
2815	1280	3327	2795	1258	3024
3071	1280	3327	3048	1259	3024
3327	1280	3327	3288	1258	3022
3583	1280	3327	3551	1259	3020
3839	1280	3327	3805	1257	3020
4095	1280	3327	4060	1257	3020
0	1536	3327	0	1496	3041
256	1536	3327	249	1494	3032
512	1536	3327	507	1495	3029
768	1536	3327	761	1496	3028
1024	1536	3327	1014	1498	3029
1280	1536	3327	1270	1497	3029
1536	1536	3327	1515	1496	3026
1792	1536	3327	1767	1496	3022
2048	1536	3327	2020	1496	3021
2303	1536	3327	2288	1495	3020
2559	1536	3327	2540	1495	3022
2815	1536	3327	2794	1496	3021
3071	1536	3327	3042	1494	3022
3327	1536	3327	3284	1495	3020
3583	1536	3327	3544	1494	3021
3839	1536	3327	3802	1494	3017
4095	1536	3327	4055	1493	3016
0	1792	3327	0	1735	3037
256	1792	3327	248	1732	3027
512	1792	3327	506	1732	3025
768	1792	3327	759	1733	3025
1024	1792	3327	1011	1734	3027
1280	1792	3327	1268	1733	3023
1536	1792	3327	1512	1732	3023
1792	1792	3327	1764	1732	3022
2048	1792	3327	2017	1733	3022
2303	1792	3327	2286	1733	3019
2559	1792	3327	2538	1733	3019
2815	1792	3327	2790	1734	3020
3071	1792	3327	3039	1732	3016
3327	1792	3327	3278	1730	3016
3583	1792	3327	3539	1731	3014
3839	1792	3327	3797	1731	3015
4095	1792	3327	4054	1730	3012
0	2048	3327	0	1978	3036
256	2048	3327	247	1978	3025
512	2048	3327	506	1978	3023
768	2048	3327	758	1977	3022
1024	2048	3327	1009	1977	3020
1280	2048	3327	1267	1978	3020
1536	2048	3327	1512	1978	3018
1792	2048	3327	1763	1977	3018
2048	2048	3327	2015	1977	3018
2303	2048	3327	2285	1977	3017
2559	2048	3327	2537	1977	3017
2815	2048	3327	2789	1978	3017
3071	2048	3327	3040	1978	3015
3327	2048	3327	3276	1974	3011
3583	2048	3327	3541	1977	3013
3839	2048	3327	3796	1974	3011
4095	2048	3327	4049	1971	3011
0	2303	3327	0	2241	3035
256	2303	3327	246	2239	3026
512	2303	3327	504	2238	3024
768	2303	3327	757	2239	3022
1024	2303	3327	1008	2238	3021
1280	2303	3327	1268	2242	3021
1536	2303	3327	1514	2242	3020
1792	2303	3327	1762	2238	3019
2048	2303	3327	2012	2235	3017
2303	2303	3327	2282	2235	3016
2559	2303	3327	2533	2236	3017
2815	2303	3327	2786	2236	3017
3071	2303	3327	3038	2238	3017
3327	2303	3327	3275	2234	3012
3583	2303	3327	3538	2236	3016
3839	2303	3327	3793	2233	3012
4095	2303	3327	4048	2231	3008
0	2559	3327	0	2482	3037
256	2559	3327	246	2480	3026
512	2559	3327	503	2479	3024
768	2559	3327	756	2480	3023
1024	2559	3327	1007	2480	3021
1280	2559	3327	1265	2482	3025
1536	2559	3327	1511	2482	3024
1792	2559	3327	1761	2481	3019
2048	2559	3327	2011	2478	3015
2303	2559	3327	2280	2478	3014
2559	2559	3327	2532	2478	3014
2815	2559	3327	2784	2478	3015
3071	2559	3327	3037	2480	3016
3327	2559	3327	3272	2475	3012
3583	2559	3327	3534	2476	3013
3839	2559	3327	3793	2476	3009
4095	2559	3327	4048	2475	3010
0	2815	3327	0	2717	3032
256	2815	3327	245	2716	3022
512	2815	3327	502	2718	3021
768	2815	3327	754	2716	3020
1024	2815	3327	1004	2715	3020
1280	2815	3327	1262	2716	3018
1536	2815	3327	1507	2717	3018
1792	2815	3327	1758	2715	3017
2048	2815	3327	2009	2715	3015
2303	2815	3327	2278	2715	3014
2559	2815	3327	2529	2714	3013
2815	2815	3327	2783	2717	3014
3071	2815	3327	3032	2715	3015
3327	2815	3327	3267	2709	3008
3583	2815	3327	3529	2711	3009
3839	2815	3327	3789	2712	3010
4095	2815	3327	4044	2710	3009
0	3071	3327	0	2952	3028
256	3071	3327	244	2958	3019
512	3071	3327	501	2955	3020
768	3071	3327	753	2955	3016
1024	3071	3327	1001	2951	3014
1280	3071	3327	1260	2955	3014
1536	3071	3327	1505	2955	3014
1792	3071	3327	1755	2953	3011
2048	3071	3327	2006	2951	3011
2303	3071	3327	2274	2951	3010
2559	3071	3327	2525	2951	3010
2815	3071	3327	2778	2952	3013
3071	3071	3327	3028	2952	3010
3327	3071	3327	3267	2950	3005
3583	3071	3327	3524	2946	3006
3839	3071	3327	3784	2948	3006
4095	3071	3327	4040	2947	3005
0	3327	3327	0	3191	3023
256	3327	3327	243	3196	3021
512	3327	3327	499	3192	3015
768	3327	3327	751	3189	3014
1024	3327	3327	999	3187	3010
1280	3327	3327	1257	3190	3013
1536	3327	3327	1502	3190	3012
1792	3327	3327	1753	3190	3009
2048	3327	3327	2005	3189	3007
2303	3327	3327	2273	3189	3006
2559	3327	3327	2524	3190	3006
2815	3327	3327	2776	3190	3006
3071	3327	3327	3026	3190	3008
3327	3327	3327	3264	3187	3006
3583	3327	3327	3522	3184	3001
3839	3327	3327	3781	3184	3003
4095	3327	3327	4037	3183	3003
0	3583	3327	0	3437	3025
256	3583	3327	242	3437	3018
512	3583	3327	498	3436	3014
768	3583	3327	749	3434	3010
1024	3583	3327	998	3433	3009
1280	3583	3327	1255	3434	3009
1536	3583	3327	1501	3437	3009
1792	3583	3327	1751	3434	3008
2048	3583	3327	2003	3435	3008
2303	3583	3327	2271	3435	3007
2559	3583	3327	2522	3435	3008
2815	3583	3327	2774	3436	3008
3071	3583	3327	3024	3437	3007
3327	3583	3327	3262	3433	3004
3583	3583	3327	3520	3429	3002
3839	3583	3327	3779	3430	3002
4095	3583	3327	4034	3428	3001
0	3839	3327	0	3686	3022
256	3839	3327	241	3682	3011
512	3839	3327	497	3682	3010
768	3839	3327	748	3682	3009
1024	3839	3327	997	3681	3008
1280	3839	3327	1255	3685	3008
1536	3839	3327	1499	3684	3010
1792	3839	3327	1750	3682	3005
2048	3839	3327	2002	3683	3006
2303	3839	3327	2269	3681	3004
2559	3839	3327	2521	3683	3005
2815	3839	3327	2771	3682	3005
3071	3839	3327	3022	3683	3006
3327	3839	3327	3261	3680	3003
3583	3839	3327	3518	3676	3000
3839	3839	3327	3778	3677	3000
4095	3839	3327	4034	3677	2999
0	4095	3327	0	3930	3024
256	4095	3327	241	3928	3012
512	4095	3327	497	3926	3010
768	4095	3327	749	3926	3009
1024	4095	3327	997	3925	3008
1280	4095	3327	1255	3928	3012
1536	4095	3327	1499	3926	3007
1792	4095	3327	1748	3923	3007
2048	4095	3327	2001	3924	3006
2303	4095	3327	2268	3923	3004
2559	4095	3327	2520	3925	3005
2815	4095	3327	2771	3924	3004
3071	4095	3327	3022	3926	3005
3327	4095	3327	3260	3922	3002
3583	4095	3327	3520	3921	3000
3839	4095	3327	3775	3917	3000
4095	4095	3327	4035	3921	3002
0	0	3583	0	3	3297
256	0	3583	258	4	3281
512	0	3583	519	4	3282
768	0	3583	774	5	3274
1024	0	3583	1026	5	3273
1280	0	3583	1287	6	3273
1536	0	3583	1534	6	3272
1792	0	3583	1787	7	3269
2048	0	3583	2041	7	3267
2303	0	3583	2313	8	3267
2559	0	3583	2568	8	3267
2815	0	3583	2820	9	3267
3071	0	3583	3077	9	3272
3327	0	3583	3311	10	3261
3583	0	3583	3572	10	3261
3839	0	3583	3833	11	3262
4095	0	3583	4095	11	3266
0	256	3583	0	264	3295
256	256	3583	255	264	3279
512	256	3583	515	264	3279
768	256	3583	770	265	3273
1024	256	3583	1023	265	3272
1280	256	3583	1282	266	3271
1536	256	3583	1531	267	3272
1792	256	3583	1782	267	3268
2048	256	3583	2036	267	3267
2303	256	3583	2306	267	3266
2559	256	3583	2560	267	3266
2815	256	3583	2813	268	3266
3071	256	3583	3067	269	3270
3327	256	3583	3309	269	3261
3583	256	3583	3565	269	3261
3839	256	3583	3824	269	3261
4095	256	3583	4083	269	3264
0	512	3583	0	519	3285
256	512	3583	253	519	3274
512	512	3583	514	520	3271
768	512	3583	769	521	3269
1024	512	3583	1020	520	3267
1280	512	3583	1280	520	3266
1536	512	3583	1528	521	3270
1792	512	3583	1779	520	3264
2048	512	3583	2032	521	3263
2303	512	3583	2301	520	3261
2559	512	3583	2553	520	3261
2815	512	3583	2809	522	3262
3071	512	3583	3060	522	3263
3327	512	3583	3306	523	3263
3583	512	3583	3563	522	3258
3839	512	3583	3821	522	3257
4095	512	3583	4077	522	3258
0	768	3583	0	764	3282
256	768	3583	252	763	3272
512	768	3583	512	764	3269
768	768	3583	767	764	3269
1024	768	3583	1018	764	3265
1280	768	3583	1278	765	3266
1536	768	3583	1524	765	3266
1792	768	3583	1778	765	3262
2048	768	3583	2028	764	3260
2303	768	3583	2299	764	3257
2559	768	3583	2550	764	3257
2815	768	3583	2804	765	3259
3071	768	3583	3056	765	3258
3327	768	3583	3298	766	3261
3583	768	3583	3558	765	3257
3839	768	3583	3816	765	3255
4095	768	3583	4071	765	3254
0	1024	3583	0	1007	3279
256	1024	3583	251	1007	3267
512	1024	3583	510	1007	3264
768	1024	3583	765	1008	3264
1024	1024	3583	1016	1007	3263
1280	1024	3583	1274	1007	3263
1536	1024	3583	1521	1008	3261
1792	1024	3583	1775	1008	3262
2048	1024	3583	2026	1007	3257
2303	1024	3583	2300	1010	3256
2559	1024	3583	2549	1008	3255
2815	1024	3583	2805	1010	3256
3071	1024	3583	3055	1009	3256
3327	1024	3583	3297	1009	3255
3583	1024	3583	3553	1007	3252
3839	1024	3583	3811	1007	3252
4095	1024	3583	4068	1007	3250
0	1280	3583	0	1259	3274
256	1280	3583	249	1258	3265
512	1280	3583	508	1259	3261
768	1280	3583	764	1261	3261
1024	1280	3583	1014	1259	3259
1280	1280	3583	1272	1259	3258
1536	1280	3583	1519	1261	3258
1792	1280	3583	1768	1258	3258
2048	1280	3583	2022	1259	3254
2303	1280	3583	2293	1259	3257
2559	1280	3583	2544	1259	3254
2815	1280	3583	2799	1260	3257
3071	1280	3583	3051	1261	3255
3327	1280	3583	3291	1260	3253
3583	1280	3583	3552	1260	3250
3839	1280	3583	3807	1258	3248
4095	1280	3583	4062	1258	3249
0	1536	3583	0	1498	3270
256	1536	3583	248	1497	3259
512	1536	3583	507	1498	3259
768	1536	3583	762	1499	3260
1024	1536	3583	1014	1499	3256
1280	1536	3583	1271	1499	3256
1536	1536	3583	1518	1500	3258
1792	1536	3583	1768	1497	3251
2048	1536	3583	2019	1496	3251
2303	1536	3583	2289	1496	3250
2559	1536	3583	2541	1496	3250
2815	1536	3583	2794	1497	3251
3071	1536	3583	3045	1497	3252
3327	1536	3583	3286	1496	3249
3583	1536	3583	3546	1496	3249
3839	1536	3583	3803	1495	3245
4095	1536	3583	4059	1495	3245
0	1792	3583	0	1736	3268
256	1792	3583	248	1735	3257
512	1792	3583	506	1734	3256
768	1792	3583	760	1735	3255
1024	1792	3583	1011	1735	3255
1280	1792	3583	1269	1736	3254
1536	1792	3583	1514	1736	3256
1792	1792	3583	1765	1735	3251
2048	1792	3583	2017	1735	3248
2303	1792	3583	2287	1735	3247
2559	1792	3583	2538	1734	3247
2815	1792	3583	2792	1735	3247
3071	1792	3583	3043	1736	3247
3327	1792	3583	3282	1733	3245
3583	1792	3583	3542	1733	3244
3839	1792	3583	3801	1733	3242
4095	1792	3583	4057	1734	3243
0	2048	3583	0	1982	3265
256	2048	3583	247	1980	3255
512	2048	3583	506	1981	3253
768	2048	3583	760	1983	3252
1024	2048	3583	1010	1980	3250
1280	2048	3583	1268	1980	3249
1536	2048	3583	1515	1984	3250
1792	2048	3583	1764	1980	3248
2048	2048	3583	2016	1978	3246
2303	2048	3583	2286	1978	3246
2559	2048	3583	2539	1980	3246
2815	2048	3583	2790	1979	3246
3071	2048	3583	3043	1981	3247
3327	2048	3583	3281	1978	3243
3583	2048	3583	3543	1979	3242
3839	2048	3583	3800	1977	3242
4095	2048	3583	4054	1975	3242
0	2303	3583	0	2242	3266
256	2303	3583	246	2241	3256
512	2303	3583	503	2239	3254
768	2303	3583	758	2242	3256
1024	2303	3583	1007	2239	3250
1280	2303	3583	1266	2240	3249
1536	2303	3583	1514	2243	3255
1792	2303	3583	1763	2240	3249
2048	2303	3583	2014	2238	3246
2303	2303	3583	2283	2238	3245
2559	2303	3583	2534	2237	3247
2815	2303	3583	2786	2237	3245
3071	2303	3583	3039	2239	3247
3327	2303	3583	3280	2239	3244
3583	2303	3583	3538	2236	3244
3839	2303	3583	3797	2236	3242
4095	2303	3583	4053	2235	3239
0	2559	3583	0	2485	3264
256	2559	3583	245	2483	3255
512	2559	3583	503	2483	3250
768	2559	3583	756	2483	3252
1024	2559	3583	1006	2481	3248
1280	2559	3583	1265	2484	3249
1536	2559	3583	1511	2484	3250
1792	2559	3583	1761	2482	3247
2048	2559	3583	2013	2481	3245
2303	2559	3583	2283	2481	3245
2559	2559	3583	2534	2481	3243
2815	2559	3583	2787	2482	3243
3071	2559	3583	3039	2483	3244
3327	2559	3583	3277	2480	3243
3583	2559	3583	3538	2479	3240
3839	2559	3583	3795	2478	3239
4095	2559	3583	4053	2478	3240
0	2815	3583	0	2720	3262
256	2815	3583	244	2720	3252
512	2815	3583	502	2720	3251
768	2815	3583	755	2720	3249
1024	2815	3583	1004	2717	3246
1280	2815	3583	1262	2718	3247
1536	2815	3583	1508	2720	3247
1792	2815	3583	1759	2718	3245
2048	2815	3583	2011	2719	3244
2303	2815	3583	2281	2719	3244
2559	2815	3583	2532	2719	3244
2815	2815	3583	2785	2720	3245
3071	2815	3583	3035	2718	3244
3327	2815	3583	3273	2715	3240
3583	2815	3583	3534	2715	3241
3839	2815	3583	3791	2714	3238
4095	2815	3583	4049	2714	3239
0	3071	3583	0	2956	3257
256	3071	3583	243	2958	3249
512	3071	3583	501	2958	3247
768	3071	3583	753	2957	3245
1024	3071	3583	1002	2957	3243
1280	3071	3583	1259	2956	3241
1536	3071	3583	1506	2960	3244
1792	3071	3583	1757	2957	3240
2048	3071	3583	2007	2955	3240
2303	3071	3583	2279	2959	3242
2559	3071	3583	2527	2955	3240
2815	3071	3583	2780	2956	3241
3071	3071	3583	3030	2955	3239
3327	3071	3583	3271	2954	3236
3583	3071	3583	3529	2952	3236
3839	3071	3583	3791	2955	3236
4095	3071	3583	4044	2951	3236
0	3327	3583	0	3197	3255
256	3327	3583	242	3196	3246
512	3327	3583	499	3195	3245
768	3327	3583	751	3195	3242
1024	3327	3583	1001	3194	3242
1280	3327	3583	1258	3195	3241
1536	3327	3583	1505	3198	3243
1792	3327	3583	1756	3197	3240
2048	3327	3583	2005	3191	3236
2303	3327	3583	2275	3193	3240
2559	3327	3583	2524	3191	3236
2815	3327	3583	2779	3195	3237
3071	3327	3583	3027	3192	3236
3327	3327	3583	3269	3193	3236
3583	3327	3583	3527	3190	3234
3839	3327	3583	3788	3191	3236
4095	3327	3583	4043	3190	3234
0	3583	3583	0	3443	3257
256	3583	3583	241	3441	3245
512	3583	3583	498	3438	3242
768	3583	3583	749	3438	3241
1024	3583	3583	999	3438	3240
1280	3583	3583	1256	3438	3240
1536	3583	3583	1501	3440	3241
1792	3583	3583	1753	3440	3240
2048	3583	3583	2004	3438	3235
2303	3583	3583	2273	3439	3235
2559	3583	3583	2524	3440	3235
2815	3583	3583	2778	3442	3238
3071	3583	3583	3025	3439	3235
3327	3583	3583	3265	3437	3235
3583	3583	3583	3525	3436	3234
3839	3583	3583	3783	3434	3233
4095	3583	3583	4040	3435	3235
0	3839	3583	0	3689	3252
256	3839	3583	240	3687	3242
512	3839	3583	497	3686	3238
768	3839	3583	748	3685	3237
1024	3839	3583	998	3687	3238
1280	3839	3583	1255	3686	3236
1536	3839	3583	1499	3687	3236
1792	3839	3583	1751	3686	3235
2048	3839	3583	2002	3685	3235
2303	3839	3583	2271	3687	3235
2559	3839	3583	2523	3688	3236
2815	3839	3583	2775	3689	3236
3071	3839	3583	3025	3688	3235
3327	3839	3583	3262	3682	3232
3583	3839	3583	3525	3685	3233
3839	3839	3583	3781	3682	3231
4095	3839	3583	4036	3679	3230
0	4095	3583	0	3931	3252
256	4095	3583	240	3930	3242
512	4095	3583	496	3927	3240
768	4095	3583	748	3927	3238
1024	4095	3583	998	3931	3240
1280	4095	3583	1254	3928	3238
1536	4095	3583	1500	3931	3237
1792	4095	3583	1749	3927	3235
2048	4095	3583	2001	3926	3233
2303	4095	3583	2270	3929	3234
2559	4095	3583	2522	3929	3235
2815	4095	3583	2774	3930	3235
3071	4095	3583	3024	3930	3235
3327	4095	3583	3263	3927	3232
3583	4095	3583	3522	3925	3234
3839	4095	3583	3779	3923	3232
4095	4095	3583	4035	3921	3229
0	0	3839	0	3	3533
256	0	3839	258	4	3519
512	0	3839	519	5	3516
768	0	3839	775	5	3514
1024	0	3839	1026	6	3510
1280	0	3839	1287	6	3509
1536	0	3839	1534	6	3508
1792	0	3839	1786	7	3504
2048	0	3839	2040	7	3502
2303	0	3839	2312	8	3499
2559	0	3839	2566	8	3500
2815	0	3839	2820	9	3500
3071	0	3839	3072	9	3501
3327	0	3839	3314	10	3497
3583	0	3839	3574	10	3497
3839	0	3839	3835	11	3496
4095	0	3839	4092	11	3497
0	256	3839	0	264	3530
256	256	3839	255	265	3517
512	256	3839	515	265	3514
768	256	3839	770	265	3511
1024	256	3839	1023	266	3508
1280	256	3839	1282	266	3507
1536	256	3839	1532	267	3507
1792	256	3839	1783	267	3502
2048	256	3839	2038	268	3502
2303	256	3839	2309	268	3499
2559	256	3839	2562	268	3500
2815	256	3839	2817	269	3500
3071	256	3839	3067	269	3500
3327	256	3839	3308	269	3497
3583	256	3839	3567	269	3496
3839	256	3839	3827	270	3495
4095	256	3839	4081	269	3495
0	512	3839	0	519	3521
256	512	3839	252	520	3509
512	512	3839	513	520	3505
768	512	3839	768	520	3503
1024	512	3839	1020	520	3502
1280	512	3839	1278	520	3500
1536	512	3839	1526	521	3504
1792	512	3839	1778	521	3498
2048	512	3839	2035	522	3499
2303	512	3839	2303	522	3497
2559	512	3839	2558	522	3498
2815	512	3839	2811	523	3498
3071	512	3839	3061	522	3496
3327	512	3839	3303	523	3494
3583	512	3839	3563	523	3492
3839	512	3839	3820	523	3491
4095	512	3839	4080	523	3490
0	768	3839	0	764	3514
256	768	3839	251	763	3504
512	768	3839	511	764	3500
768	768	3839	766	764	3499
1024	768	3839	1018	765	3498
1280	768	3839	1276	765	3497
1536	768	3839	1523	765	3497
1792	768	3839	1776	765	3494
2048	768	3839	2029	765	3496
2303	768	3839	2300	766	3492
2559	768	3839	2551	765	3494
2815	768	3839	2805	766	3493
3071	768	3839	3057	766	3492
3327	768	3839	3299	766	3490
3583	768	3839	3558	766	3489
3839	768	3839	3816	766	3487
4095	768	3839	4073	766	3489
0	1024	3839	0	1008	3511
256	1024	3839	250	1007	3498
512	1024	3839	510	1008	3497
768	1024	3839	765	1009	3496
1024	1024	3839	1017	1009	3496
1280	1024	3839	1274	1008	3494
1536	1024	3839	1520	1008	3493
1792	1024	3839	1774	1009	3492
2048	1024	3839	2024	1007	3489
2303	1024	3839	2299	1010	3491
2559	1024	3839	2550	1009	3489
2815	1024	3839	2805	1010	3490
3071	1024	3839	3054	1009	3489
3327	1024	3839	3295	1009	3488
3583	1024	3839	3555	1009	3486
3839	1024	3839	3814	1009	3485
4095	1024	3839	4072	1009	3485
0	1280	3839	0	1260	3508
256	1280	3839	248	1258	3497
512	1280	3839	508	1259	3495
768	1280	3839	763	1262	3495
1024	1280	3839	1014	1260	3494
1280	1280	3839	1271	1260	3491
1536	1280	3839	1519	1262	3492
1792	1280	3839	1770	1260	3491
2048	1280	3839	2022	1260	3485
2303	1280	3839	2293	1260	3489
2559	1280	3839	2545	1260	3488
2815	1280	3839	2799	1261	3489
3071	1280	3839	3051	1262	3487
3327	1280	3839	3291	1261	3484
3583	1280	3839	3550	1260	3483
3839	1280	3839	3808	1260	3483
4095	1280	3839	4066	1260	3484
0	1536	3839	0	1498	3503
256	1536	3839	248	1497	3492
512	1536	3839	506	1497	3490
768	1536	3839	762	1500	3492
1024	1536	3839	1012	1498	3488
1280	1536	3839	1269	1498	3488
1536	1536	3839	1515	1499	3491
1792	1536	3839	1769	1499	3487
2048	1536	3839	2018	1496	3483
2303	1536	3839	2291	1498	3484
2559	1536	3839	2540	1497	3483
2815	1536	3839	2794	1498	3483
3071	1536	3839	3045	1498	3484
3327	1536	3839	3288	1499	3482
3583	1536	3839	3545	1496	3480
3839	1536	3839	3803	1496	3480
4095	1536	3839	4061	1496	3480
0	1792	3839	0	1738	3499
256	1792	3839	247	1736	3490
512	1792	3839	506	1737	3488
768	1792	3839	760	1738	3488
1024	1792	3839	1010	1737	3485
1280	1792	3839	1269	1737	3485
1536	1792	3839	1513	1736	3484
1792	1792	3839	1764	1735	3484
2048	1792	3839	2016	1734	3479
2303	1792	3839	2288	1736	3482
2559	1792	3839	2538	1735	3480
2815	1792	3839	2791	1736	3481
3071	1792	3839	3042	1736	3480
3327	1792	3839	3283	1735	3481
3583	1792	3839	3544	1735	3477
3839	1792	3839	3799	1733	3475
4095	1792	3839	4055	1732	3476
0	2048	3839	0	1980	3498
256	2048	3839	246	1979	3488
512	2048	3839	504	1980	3487
768	2048	3839	758	1982	3486
1024	2048	3839	1009	1980	3483
1280	2048	3839	1267	1980	3482
1536	2048	3839	1514	1983	3483
1792	2048	3839	1763	1979	3480
2048	2048	3839	2015	1978	3479
2303	2048	3839	2285	1979	3480
2559	2048	3839	2537	1979	3479
2815	2048	3839	2790	1980	3480
3071	2048	3839	3042	1981	3480
3327	2048	3839	3280	1978	3477
3583	2048	3839	3541	1978	3477
3839	2048	3839	3800	1978	3474
4095	2048	3839	4054	1977	3474
0	2303	3839	0	2241	3496
256	2303	3839	245	2242	3487
512	2303	3839	503	2240	3484
768	2303	3839	758	2244	3486
1024	2303	3839	1007	2240	3482
1280	2303	3839	1266	2241	3481
1536	2303	3839	1512	2243	3485
1792	2303	3839	1761	2240	3481
2048	2303	3839	2014	2239	3479
2303	2303	3839	2284	2240	3479
2559	2303	3839	2535	2239	3480
2815	2303	3839	2788	2240	3479
3071	2303	3839	3040	2241	3481
3327	2303	3839	3279	2238	3476
3583	2303	3839	3539	2237	3475
3839	2303	3839	3797	2236	3475
4095	2303	3839	4054	2237	3474
0	2559	3839	0	2484	3499
256	2559	3839	244	2483	3488
512	2559	3839	502	2482	3484
768	2559	3839	756	2485	3487
1024	2559	3839	1005	2482	3482
1280	2559	3839	1264	2483	3482
1536	2559	3839	1511	2485	3483
1792	2559	3839	1761	2482	3481
2048	2559	3839	2013	2482	3480
2303	2559	3839	2282	2482	3480
2559	2559	3839	2533	2481	3479
2815	2559	3839	2787	2482	3479
3071	2559	3839	3038	2483	3480
3327	2559	3839	3277	2481	3477
3583	2559	3839	3537	2479	3475
3839	2559	3839	3795	2478	3473
4095	2559	3839	4052	2478	3474
0	2815	3839	0	2722	3500
256	2815	3839	243	2721	3487
512	2815	3839	501	2721	3484
768	2815	3839	754	2721	3485
1024	2815	3839	1003	2717	3481
1280	2815	3839	1262	2721	3481
1536	2815	3839	1509	2723	3482
1792	2815	3839	1759	2719	3479
2048	2815	3839	2009	2718	3478
2303	2815	3839	2279	2718	3477
2559	2815	3839	2530	2717	3477
2815	2815	3839	2783	2718	3477
3071	2815	3839	3034	2718	3478
3327	2815	3839	3274	2717	3475
3583	2815	3839	3535	2716	3474
3839	2815	3839	3791	2714	3473
4095	2815	3839	4048	2713	3472
0	3071	3839	0	2960	3493
256	3071	3839	242	2959	3483
512	3071	3839	500	2959	3481
768	3071	3839	752	2958	3481
1024	3071	3839	1002	2959	3478
1280	3071	3839	1261	2961	3480
1536	3071	3839	1505	2960	3479
1792	3071	3839	1757	2959	3476
2048	3071	3839	2007	2956	3474
2303	3071	3839	2278	2959	3474
2559	3071	3839	2527	2956	3473
2815	3071	3839	2780	2957	3474
3071	3071	3839	3029	2955	3473
3327	3071	3839	3271	2955	3472
3583	3071	3839	3530	2954	3472
3839	3071	3839	3793	2957	3471
4095	3071	3839	4044	2951	3469
0	3327	3839	0	3198	3489
256	3327	3839	241	3196	3480
512	3327	3839	498	3193	3477
768	3327	3839	750	3195	3477
1024	3327	3839	1000	3195	3478
1280	3327	3839	1257	3195	3477
1536	3327	3839	1502	3195	3475
1792	3327	3839	1755	3196	3474
2048	3327	3839	2005	3193	3471
2303	3327	3839	2275	3195	3473
2559	3327	3839	2525	3193	3471
2815	3327	3839	2779	3195	3472
3071	3327	3839	3026	3192	3470
3327	3327	3839	3269	3194	3470
3583	3327	3839	3526	3190	3468
3839	3327	3839	3787	3191	3472
4095	3327	3839	4043	3190	3467
0	3583	3839	0	3444	3488
256	3583	3839	240	3443	3479
512	3583	3839	497	3440	3474
768	3583	3839	749	3441	3475
1024	3583	3839	999	3441	3474
1280	3583	3839	1256	3441	3473
1536	3583	3839	1501	3442	3473
1792	3583	3839	1752	3441	3472
2048	3583	3839	2003	3438	3469
2303	3583	3839	2272	3439	3470
2559	3583	3839	2525	3443	3471
2815	3583	3839	2778	3443	3472
3071	3583	3839	3025	3440	3469
3327	3583	3839	3268	3441	3470
3583	3583	3839	3525	3437	3467
3839	3583	3839	3784	3436	3466
4095	3583	3839	4040	3435	3467
0	3839	3839	0	3691	3487
256	3839	3839	239	3688	3477
512	3839	3839	496	3687	3474
768	3839	3839	748	3687	3473
1024	3839	3839	998	3690	3474
1280	3839	3839	1255	3688	3473
1536	3839	3839	1500	3690	3473
1792	3839	3839	1751	3689	3470
2048	3839	3839	2002	3686	3468
2303	3839	3839	2271	3687	3467
2559	3839	3839	2523	3689	3471
2815	3839	3839	2775	3689	3471
3071	3839	3839	3024	3688	3469
3327	3839	3839	3266	3688	3469
3583	3839	3839	3525	3685	3467
3839	3839	3839	3783	3684	3466
4095	3839	3839	4038	3682	3464
0	4095	3839	0	3933	3486
256	4095	3839	239	3931	3475
512	4095	3839	496	3929	3472
768	4095	3839	747	3929	3472
1024	4095	3839	999	3935	3475
1280	4095	3839	1254	3931	3471
1536	4095	3839	1499	3933	3473
1792	4095	3839	1750	3931	3470
2048	4095	3839	2002	3930	3468
2303	4095	3839	2271	3931	3468
2559	4095	3839	2522	3931	3468
2815	4095	3839	2776	3935	3470
3071	4095	3839	3025	3932	3469
3327	4095	3839	3264	3929	3467
3583	4095	3839	3523	3926	3466
3839	4095	3839	3781	3925	3465
4095	4095	3839	4037	3923	3464
0	0	4095	0	3	3768
256	0	4095	257	4	3752
512	0	4095	518	5	3747
768	0	4095	774	5	3748
1024	0	4095	1025	6	3744
1280	0	4095	1286	6	3742
1536	0	4095	1533	7	3741
1792	0	4095	1787	7	3738
2048	0	4095	2040	8	3736
2303	0	4095	2312	8	3733
2559	0	4095	2566	9	3734
2815	0	4095	2820	9	3734
3071	0	4095	3071	10	3734
3327	0	4095	3317	10	3733
3583	0	4095	3575	11	3730
3839	0	4095	3835	11	3730
4095	0	4095	4090	11	3728
0	256	4095	0	265	3764
256	256	4095	254	265	3749
512	256	4095	515	266	3745
768	256	4095	770	266	3745
1024	256	4095	1024	267	3742
1280	256	4095	1283	267	3741
1536	256	4095	1531	268	3740
1792	256	4095	1783	267	3736
2048	256	4095	2037	268	3734
2303	256	4095	2308	268	3733
2559	256	4095	2561	268	3733
2815	256	4095	2816	269	3733
3071	256	4095	3068	269	3734
3327	256	4095	3310	270	3732
3583	256	4095	3570	270	3731
3839	256	4095	3827	270	3729
4095	256	4095	4082	270	3727
0	512	4095	0	519	3756
256	512	4095	252	520	3743
512	512	4095	512	520	3739
768	512	4095	767	520	3738
1024	512	4095	1020	521	3737
1280	512	4095	1278	521	3737
1536	512	4095	1526	522	3736
1792	512	4095	1779	522	3732
2048	512	4095	2034	523	3732
2303	512	4095	2304	523	3730
2559	512	4095	2559	523	3731
2815	512	4095	2814	524	3732
3071	512	4095	3060	523	3732
3327	512	4095	3303	523	3729
3583	512	4095	3565	524	3729
3839	512	4095	3823	523	3726
4095	512	4095	4082	524	3726
0	768	4095	0	764	3748
256	768	4095	250	764	3737
512	768	4095	511	765	3734
768	768	4095	765	765	3732
1024	768	4095	1018	765	3732
1280	768	4095	1276	766	3731
1536	768	4095	1522	765	3730
1792	768	4095	1775	765	3729
2048	768	4095	2028	765	3729
2303	768	4095	2300	766	3727
2559	768	4095	2553	766	3729
2815	768	4095	2807	767	3730
3071	768	4095	3059	768	3726
3327	768	4095	3302	768	3726
3583	768	4095	3558	766	3725
3839	768	4095	3818	767	3724
4095	768	4095	4075	767	3725
0	1024	4095	0	1009	3744
256	1024	4095	250	1009	3733
512	1024	4095	510	1010	3732
768	1024	4095	765	1010	3730
1024	1024	4095	1016	1009	3728
1280	1024	4095	1275	1010	3729
1536	1024	4095	1521	1010	3727
1792	1024	4095	1773	1009	3726
2048	1024	4095	2025	1008	3724
2303	1024	4095	2299	1011	3726
2559	1024	4095	2550	1010	3725
2815	1024	4095	2804	1010	3725
3071	1024	4095	3054	1010	3724
3327	1024	4095	3296	1010	3724
3583	1024	4095	3556	1010	3720
3839	1024	4095	3813	1009	3720
4095	1024	4095	4072	1009	3721
0	1280	4095	0	1262	3742
256	1280	4095	248	1260	3732
512	1280	4095	508	1263	3731
768	1280	4095	763	1263	3730
1024	1280	4095	1013	1261	3726
1280	1280	4095	1272	1263	3727
1536	1280	4095	1519	1263	3727
1792	1280	4095	1771	1262	3724
2048	1280	4095	2021	1260	3721
2303	1280	4095	2293	1261	3724
2559	1280	4095	2545	1261	3722
2815	1280	4095	2798	1261	3722
3071	1280	4095	3051	1262	3721
3327	1280	4095	3292	1262	3719
3583	1280	4095	3552	1261	3719
3839	1280	4095	3810	1261	3718
4095	1280	4095	4066	1261	3718
0	1536	4095	0	1499	3738
256	1536	4095	247	1499	3727
512	1536	4095	507	1501	3728
768	1536	4095	761	1501	3726
1024	1536	4095	1013	1501	3725
1280	1536	4095	1270	1500	3724
1536	1536	4095	1515	1500	3725
1792	1536	4095	1768	1500	3722
2048	1536	4095	2019	1498	3718
2303	1536	4095	2292	1501	3719
2559	1536	4095	2542	1499	3718
2815	1536	4095	2796	1499	3718
3071	1536	4095	3048	1500	3719
3327	1536	4095	3288	1499	3717
3583	1536	4095	3547	1498	3716
3839	1536	4095	3807	1499	3715
4095	1536	4095	4065	1499	3715
0	1792	4095	0	1738	3733
256	1792	4095	246	1737	3725
512	1792	4095	505	1738	3725
768	1792	4095	759	1739	3724
1024	1792	4095	1010	1738	3722
1280	1792	4095	1269	1739	3720
1536	1792	4095	1514	1739	3720
1792	1792	4095	1765	1737	3718
2048	1792	4095	2017	1737	3715
2303	1792	4095	2290	1738	3718
2559	1792	4095	2539	1736	3715
2815	1792	4095	2792	1737	3716
3071	1792	4095	3044	1737	3716
3327	1792	4095	3285	1737	3714
3583	1792	4095	3544	1735	3712
3839	1792	4095	3805	1736	3713
4095	1792	4095	4060	1735	3713
0	2048	4095	0	1982	3731
256	2048	4095	245	1981	3722
512	2048	4095	504	1983	3722
768	2048	4095	758	1983	3720
1024	2048	4095	1009	1982	3718
1280	2048	4095	1267	1982	3718
1536	2048	4095	1513	1983	3719
1792	2048	4095	1764	1981	3715
2048	2048	4095	2016	1981	3714
2303	2048	4095	2287	1981	3716
2559	2048	4095	2540	1983	3716
2815	2048	4095	2792	1982	3715
3071	2048	4095	3043	1982	3714
3327	2048	4095	3281	1979	3712
3583	2048	4095	3543	1979	3711
3839	2048	4095	3802	1980	3711
4095	2048	4095	4055	1978	3709
0	2303	4095	0	2245	3733
256	2303	4095	244	2242	3722
512	2303	4095	503	2243	3721
768	2303	4095	757	2244	3721
1024	2303	4095	1007	2242	3717
1280	2303	4095	1266	2243	3717
1536	2303	4095	1513	2245	3719
1792	2303	4095	1763	2243	3717
2048	2303	4095	2015	2241	3715
2303	2303	4095	2284	2240	3713
2559	2303	4095	2536	2241	3716
2815	2303	4095	2788	2241	3714
3071	2303	4095	3040	2242	3715
3327	2303	4095	3281	2240	3711
3583	2303	4095	3541	2240	3711
3839	2303	4095	3798	2237	3709
4095	2303	4095	4054	2237	3708
0	2559	4095	0	2486	3734
256	2559	4095	244	2485	3722
512	2559	4095	502	2485	3720
768	2559	4095	756	2487	3721
1024	2559	4095	1005	2484	3717
1280	2559	4095	1264	2484	3717
1536	2559	4095	1511	2488	3719
1792	2559	4095	1761	2485	3717
2048	2559	4095	2013	2484	3715
2303	2559	4095	2283	2484	3713
2559	2559	4095	2535	2484	3712
2815	2559	4095	2788	2484	3713
3071	2559	4095	3038	2484	3713
3327	2559	4095	3278	2482	3711
3583	2559	4095	3538	2480	3710
3839	2559	4095	3796	2479	3707
4095	2559	4095	4054	2480	3708
0	2815	4095	0	2723	3731
256	2815	4095	243	2722	3721
512	2815	4095	501	2724	3720
768	2815	4095	754	2724	3720
1024	2815	4095	1003	2720	3714
1280	2815	4095	1262	2722	3715
1536	2815	4095	1508	2723	3716
1792	2815	4095	1759	2721	3713
2048	2815	4095	2010	2720	3712
2303	2815	4095	2280	2720	3711
2559	2815	4095	2534	2723	3713
2815	2815	4095	2784	2721	3712
3071	2815	4095	3034	2720	3711
3327	2815	4095	3276	2719	3709
3583	2815	4095	3537	2719	3709
3839	2815	4095	3793	2716	3706
4095	2815	4095	4050	2716	3707
0	3071	4095	0	2963	3727
256	3071	4095	242	2962	3717
512	3071	4095	500	2962	3717
768	3071	4095	753	2963	3716
1024	3071	4095	1003	2962	3713
1280	3071	4095	1261	2963	3714
1536	3071	4095	1506	2962	3712
1792	3071	4095	1756	2959	3709
2048	3071	4095	2007	2958	3708
2303	3071	4095	2278	2959	3707
2559	3071	4095	2530	2960	3710
2815	3071	4095	2781	2960	3708
3071	3071	4095	3031	2958	3707
3327	3071	4095	3272	2958	3707
3583	3071	4095	3534	2958	3707
3839	3071	4095	3790	2955	3704
4095	3071	4095	4045	2953	3703
0	3327	4095	0	3200	3725
256	3327	4095	241	3199	3714
512	3327	4095	498	3196	3712
768	3327	4095	750	3197	3711
1024	3327	4095	1000	3197	3712
1280	3327	4095	1258	3198	3711
1536	3327	4095	1502	3197	3709
1792	3327	4095	1754	3197	3706
2048	3327	4095	2006	3195	3705
2303	3327	4095	2275	3196	3705
2559	3327	4095	2526	3196	3706
2815	3327	4095	2779	3197	3707
3071	3327	4095	3029	3197	3706
3327	3327	4095	3268	3194	3704
3583	3327	4095	3529	3193	3703
3839	3327	4095	3787	3192	3702
4095	3327	4095	4044	3191	3701
0	3583	4095	0	3445	3723
256	3583	4095	240	3443	3711
512	3583	4095	496	3442	3708
768	3583	4095	749	3444	3709
1024	3583	4095	999	3444	3708
1280	3583	4095	1256	3442	3706
1536	3583	4095	1502	3447	3708
1792	3583	4095	1753	3443	3706
2048	3583	4095	2004	3441	3703
2303	3583	4095	2273	3442	3704
2559	3583	4095	2524	3442	3704
2815	3583	4095	2777	3444	3705
3071	3583	4095	3027	3442	3704
3327	3583	4095	3268	3441	3703
3583	3583	4095	3526	3438	3701
3839	3583	4095	3786	3439	3701
4095	3583	4095	4042	3437	3701
0	3839	4095	0	3693	3721
256	3839	4095	239	3690	3709
512	3839	4095	496	3690	3708
768	3839	4095	748	3691	3708
1024	3839	4095	998	3692	3708
1280	3839	4095	1255	3692	3706
1536	3839	4095	1502	3697	3711
1792	3839	4095	1751	3691	3704
2048	3839	4095	2003	3691	3703
2303	3839	4095	2272	3691	3703
2559	3839	4095	2523	3690	3703
2815	3839	4095	2776	3691	3704
3071	3839	4095	3027	3691	3704
3327	3839	4095	3267	3689	3703
3583	3839	4095	3525	3686	3700
3839	3839	4095	3785	3687	3701
4095	3839	4095	4041	3686	3700
0	4095	4095	0	3937	3722
256	4095	4095	239	3934	3710
512	4095	4095	496	3935	3709
768	4095	4095	748	3934	3707
1024	4095	4095	999	3939	3710
1280	4095	4095	1255	3935	3707
1536	4095	4095	1500	3937	3709
1792	4095	4095	1750	3932	3704
2048	4095	4095	2003	3934	3704
2303	4095	4095	2271	3932	3702
2559	4095	4095	2522	3932	3702
2815	4095	4095	2777	3937	3705
3071	4095	4095	3026	3935	3704
3327	4095	4095	3265	3931	3701
3583	4095	4095	3525	3930	3701
3839	4095	4095	3783	3928	3700
4095	4095	4095	4040	3927	3700
