0	0	0	0	0	0
256	0	0	248	1	0
512	0	0	491	1	0
768	0	0	734	2	0
1024	0	0	979	2	0
1280	0	0	1225	3	0
1536	0	0	1470	4	0
1792	0	0	1714	4	0
2048	0	0	1959	5	0
2303	0	0	2208	5	0
2559	0	0	2460	6	0
2815	0	0	2707	7	0
3071	0	0	2953	7	0
3327	0	0	3194	8	0
3583	0	0	3439	9	0
3839	0	0	3686	9	0
4095	0	0	3934	10	0
0	256	0	0	239	0
256	256	0	248	240	0
512	256	0	490	240	0
768	256	0	734	241	0
1024	256	0	978	241	0
1280	256	0	1224	242	0
1536	256	0	1471	244	0
1792	256	0	1714	244	0
2048	256	0	1958	245	0
2303	256	0	2207	246	0
2559	256	0	2459	247	0
2815	256	0	2707	248	0
3071	256	0	2952	248	0
3327	256	0	3194	249	0
3583	256	0	3436	249	0
3839	256	0	3684	249	0
4095	256	0	3932	249	0
0	512	0	0	473	0
256	512	0	249	473	0
512	512	0	489	473	0
768	512	0	735	475	0
1024	512	0	977	475	0
1280	512	0	1227	478	0
1536	512	0	1471	477	0
1792	512	0	1715	478	0
2048	512	0	1959	480	0
2303	512	0	2209	480	0
2559	512	0	2460	481	0
2815	512	0	2708	482	0
3071	512	0	2953	482	0
3327	512	0	3194	483	0
3583	512	0	3436	483	0
3839	512	0	3684	483	0
4095	512	0	3931	482	0
0	768	0	0	710	0
256	768	0	249	709	0
512	768	0	490	710	0
768	768	0	735	712	0
1024	768	0	977	711	0
1280	768	0	1227	714	0
1536	768	0	1472	714	0
1792	768	0	1716	715	0
2048	768	0	1958	716	0
2303	768	0	2207	717	0
2559	768	0	2460	719	0
2815	768	0	2706	718	0
3071	768	0	2952	718	0
3327	768	0	3193	720	0
3583	768	0	3437	720	0
3839	768	0	3684	720	0
4095	768	0	3933	720	0
0	1024	0	0	948	0
256	1024	0	249	947	0
512	1024	0	491	948	0
768	1024	0	734	948	0
1024	1024	0	978	949	0
1280	1024	0	1225	950	0
1536	1024	0	1472	951	0
1792	1024	0	1716	953	0
2048	1024	0	1959	953	0
2303	1024	0	2208	954	0
2559	1024	0	2460	956	0
2815	1024	0	2708	956	0
3071	1024	0	2953	956	0
3327	1024	0	3194	957	0
3583	1024	0	3438	957	0
3839	1024	0	3685	957	0
4095	1024	0	3934	956	1
0	1280	0	0	1189	0
256	1280	0	249	1189	0
512	1280	0	491	1190	0
768	1280	0	734	1189	0
1024	1280	0	978	1191	0
1280	1280	0	1226	1192	0
1536	1280	0	1472	1193	0
1792	1280	0	1716	1194	0
2048	1280	0	1959	1195	0
2303	1280	0	2209	1197	0
2559	1280	0	2459	1197	0
2815	1280	0	2708	1198	0
3071	1280	0	2952	1199	0
3327	1280	0	3195	1199	0
3583	1280	0	3437	1199	0
3839	1280	0	3684	1200	1
4095	1280	0	3933	1199	1
0	1536	0	0	1424	0
256	1536	0	249	1426	0
512	1536	0	490	1427	0
768	1536	0	735	1427	0
1024	1536	0	978	1429	0
1280	1536	0	1226	1429	0
1536	1536	0	1470	1428	0
1792	1536	0	1717	1432	0
2048	1536	0	1960	1432	0
2303	1536	0	2209	1433	0
2559	1536	0	2460	1434	0
2815	1536	0	2708	1435	0
3071	1536	0	2953	1436	0
3327	1536	0	3195	1436	0
3583	1536	0	3437	1436	1
3839	1536	0	3685	1436	1
4095	1536	0	3933	1436	1
0	1792	0	0	1661	0
256	1792	0	249	1661	0
512	1792	0	491	1663	0
768	1792	0	736	1663	0
1024	1792	0	979	1664	0
1280	1792	0	1227	1664	0
1536	1792	0	1472	1664	0
1792	1792	0	1717	1666	0
2048	1792	0	1960	1666	0
2303	1792	0	2208	1668	0
2559	1792	0	2461	1668	0
2815	1792	0	2707	1668	0
3071	1792	0	2953	1670	0
3327	1792	0	3195	1671	1
3583	1792	0	3438	1672	1
3839	1792	0	3684	1671	2
4095	1792	0	3933	1671	2
0	2048	0	0	1898	0
256	2048	0	249	1899	0
512	2048	0	491	1899	0
768	2048	0	736	1900	0
1024	2048	0	979	1901	0
1280	2048	0	1227	1901	0
1536	2048	0	1473	1902	0
1792	2048	0	1716	1904	0
2048	2048	0	1960	1904	0
2303	2048	0	2209	1906	0
2559	2048	0	2461	1906	0
2815	2048	0	2708	1906	1
3071	2048	0	2954	1908	1
3327	2048	0	3196	1909	1
3583	2048	0	3439	1910	2
3839	2048	0	3685	1909	2
4095	2048	0	3934	1909	2
0	2303	0	1	2136	0
256	2303	0	250	2136	0
512	2303	0	492	2135	0
768	2303	0	736	2137	0
1024	2303	0	981	2139	0
1280	2303	0	1228	2138	0
1536	2303	0	1474	2139	0
1792	2303	0	1718	2141	0
2048	2303	0	1960	2140	0
2303	2303	0	2209	2141	0
2559	2303	0	2462	2143	1
2815	2303	0	2710	2144	1
3071	2303	0	2955	2146	1
3327	2303	0	3198	2146	2
3583	2303	0	3440	2147	2
3839	2303	0	3688	2146	2
4095	2303	0	3935	2146	3
0	2559	0	1	2381	0
256	2559	0	250	2381	0
512	2559	0	491	2380	0
768	2559	0	737	2381	0
1024	2559	0	981	2383	0
1280	2559	0	1229	2382	0
1536	2559	0	1474	2383	0
1792	2559	0	1719	2384	0
2048	2559	0	1961	2384	0
2303	2559	0	2210	2385	1
2559	2559	0	2462	2386	1
2815	2559	0	2711	2388	1
3071	2559	0	2956	2388	1
3327	2559	0	3199	2390	2
3583	2559	0	3441	2391	2
3839	2559	0	3689	2390	3
4095	2559	0	3936	2390	3
0	2815	0	1	2625	0
256	2815	0	249	2625	0
512	2815	0	491	2626	0
768	2815	0	737	2628	0
1024	2815	0	979	2628	0
1280	2815	0	1227	2627	0
1536	2815	0	1473	2629	0
1792	2815	0	1718	2629	1
2048	2815	0	1961	2631	1
2303	2815	0	2209	2632	1
2559	2815	0	2461	2631	2
2815	2815	0	2708	2632	2
3071	2815	0	2955	2633	2
3327	2815	0	3197	2635	3
3583	2815	0	3440	2636	3
3839	2815	0	3687	2634	3
4095	2815	0	3936	2635	4
0	3071	0	1	2863	0
256	3071	0	247	2861	0
512	3071	0	491	2864	0
768	3071	0	735	2865	0
1024	3071	0	979	2865	0
1280	3071	0	1226	2865	0
1536	3071	0	1473	2867	1
1792	3071	0	1717	2867	1
2048	3071	0	1961	2868	1
2303	3071	0	2209	2869	2
2559	3071	0	2462	2869	2
2815	3071	0	2709	2870	2
3071	3071	0	2955	2871	3
3327	3071	0	3197	2872	3
3583	3071	0	3440	2873	3
3839	3071	0	3687	2872	4
4095	3071	0	3936	2872	4
0	3327	0	1	3098	0
256	3327	0	248	3097	0
512	3327	0	491	3098	0
768	3327	0	736	3099	0
1024	3327	0	980	3101	0
1280	3327	0	1227	3101	1
1536	3327	0	1474	3102	1
1792	3327	0	1719	3103	1
2048	3327	0	1962	3104	2
2303	3327	0	2211	3104	2
2559	3327	0	2463	3105	2
2815	3327	0	2711	3106	3
3071	3327	0	2956	3105	3
3327	3327	0	3198	3106	3
3583	3327	0	3440	3106	4
3839	3327	0	3689	3107	4
4095	3327	0	3936	3108	4
0	3583	0	2	3329	0
256	3583	0	248	3326	0
512	3583	0	490	3327	0
768	3583	0	735	3328	0
1024	3583	0	978	3328	1
1280	3583	0	1227	3330	1
1536	3583	0	1474	3330	1
1792	3583	0	1718	3331	2
2048	3583	0	1961	3332	2
2303	3583	0	2211	3332	2
2559	3583	0	2463	3334	3
2815	3583	0	2713	3336	3
3071	3583	0	2958	3336	3
3327	3583	0	3200	3336	4
3583	3583	0	3442	3336	4
3839	3583	0	3690	3337	4
4095	3583	0	3938	3337	5
0	3839	0	1	3576	0
256	3839	0	247	3571	0
512	3839	0	488	3572	1
768	3839	0	733	3573	1
1024	3839	0	977	3573	1
1280	3839	0	1225	3573	2
1536	3839	0	1471	3574	2
1792	3839	0	1715	3574	2
2048	3839	0	1960	3576	3
2303	3839	0	2210	3576	3
2559	3839	0	2461	3577	3
2815	3839	0	2710	3577	4
3071	3839	0	2956	3579	4
3327	3839	0	3198	3580	4
3583	3839	0	3441	3579	5
3839	3839	0	3688	3580	5
4095	3839	0	3937	3579	5
0	4095	0	2	3815	0
256	4095	0	245	3811	1
512	4095	0	487	3812	1
768	4095	0	731	3812	1
1024	4095	0	976	3814	2
1280	4095	0	1223	3813	2
1536	4095	0	1469	3813	2
1792	4095	0	1714	3814	3
2048	4095	0	1958	3815	3
2303	4095	0	2208	3817	3
2559	4095	0	2462	3818	4
2815	4095	0	2709	3818	4
3071	4095	0	2955	3818	4
3327	4095	0	3197	3819	5
3583	4095	0	3441	3819	5
3839	4095	0	3689	3820	5
4095	4095	0	3938	3819	6
0	0	256	10	0	229
256	0	256	258	0	229
512	0	256	500	1	228
768	0	256	746	1	228
1024	0	256	990	2	228
1280	0	256	1238	3	227
1536	0	256	1484	3	227
1792	0	256	1728	4	226
2048	0	256	1972	4	226
2303	0	256	2221	5	225
2559	0	256	2472	6	225
2815	0	256	2720	6	224
3071	0	256	2964	7	224
3327	0	256	3205	8	223
3583	0	256	3448	8	223
3839	0	256	3695	9	220
4095	0	256	3943	9	218
0	256	256	9	241	229
256	256	256	258	242	228
512	256	256	500	243	227
768	256	256	746	243	227
1024	256	256	990	244	227
1280	256	256	1238	245	227
1536	256	256	1483	245	226
1792	256	256	1727	246	226
2048	256	256	1968	246	225
2303	256	256	2217	247	225
2559	256	256	2468	248	224
2815	256	256	2715	248	223
3071	256	256	2961	249	223
3327	256	256	3201	249	222
3583	256	256	3444	250	222
3839	256	256	3689	250	220
4095	256	256	3938	249	219
0	512	256	9	476	228
256	512	256	259	478	227
512	512	256	501	479	227
768	512	256	746	479	226
1024	512	256	990	480	226
1280	512	256	1239	481	226
1536	512	256	1484	482	226
1792	512	256	1727	482	225
2048	512	256	1969	481	223
2303	512	256	2218	483	223
2559	512	256	2471	484	222
2815	512	256	2718	484	222
3071	512	256	2963	485	221
3327	512	256	3204	485	221
3583	512	256	3446	485	220
3839	512	256	3691	486	220
4095	512	256	3941	484	217
0	768	256	9	715	227
256	768	256	259	717	227
512	768	256	503	718	226
768	768	256	747	718	225
1024	768	256	992	719	225
1280	768	256	1241	720	225
1536	768	256	1486	721	225
1792	768	256	1729	721	224
2048	768	256	1972	720	223
2303	768	256	2219	721	222
2559	768	256	2471	722	223
2815	768	256	2720	724	222
3071	768	256	2964	724	222
3327	768	256	3205	723	221
3583	768	256	3447	724	220
3839	768	256	3693	723	219
4095	768	256	3941	723	217
0	1024	256	9	953	226
256	1024	256	259	955	227
512	1024	256	502	955	226
768	1024	256	749	957	226
1024	1024	256	992	958	225
1280	1024	256	1241	958	225
1536	1024	256	1485	959	224
1792	1024	256	1729	959	224
2048	1024	256	1972	959	223
2303	1024	256	2221	960	223
2559	1024	256	2472	960	222
2815	1024	256	2720	962	221
3071	1024	256	2964	962	222
3327	1024	256	3205	962	220
3583	1024	256	3447	963	220
3839	1024	256	3694	962	218
4095	1024	256	3941	961	217
0	1280	256	8	1197	226
256	1280	256	260	1198	225
512	1280	256	502	1198	226
768	1280	256	749	1200	225
1024	1280	256	991	1200	225
1280	1280	256	1240	1200	224
1536	1280	256	1486	1202	224
1792	1280	256	1729	1201	223
2048	1280	256	1972	1202	222
2303	1280	256	2222	1203	222
2559	1280	256	2472	1203	221
2815	1280	256	2719	1204	221
3071	1280	256	2964	1205	220
3327	1280	256	3205	1206	220
3583	1280	256	3448	1207	219
3839	1280	256	3694	1206	219
4095	1280	256	3942	1205	217
0	1536	256	8	1434	226
256	1536	256	260	1436	226
512	1536	256	502	1435	225
768	1536	256	748	1437	224
1024	1536	256	991	1436	224
1280	1536	256	1239	1437	223
1536	1536	256	1485	1438	223
1792	1536	256	1729	1438	222
2048	1536	256	1972	1439	222
2303	1536	256	2221	1441	221
2559	1536	256	2473	1441	221
2815	1536	256	2720	1442	220
3071	1536	256	2965	1442	221
3327	1536	256	3206	1443	220
3583	1536	256	3448	1444	219
3839	1536	256	3694	1443	218
4095	1536	256	3943	1443	216
0	1792	256	8	1670	225
256	1792	256	259	1670	225
512	1792	256	502	1670	224
768	1792	256	747	1672	224
1024	1792	256	991	1670	223
1280	1792	256	1240	1673	223
1536	1792	256	1486	1674	222
1792	1792	256	1729	1674	222
2048	1792	256	1972	1674	221
2303	1792	256	2221	1675	222
2559	1792	256	2473	1676	221
2815	1792	256	2720	1677	220
3071	1792	256	2965	1678	220
3327	1792	256	3207	1680	219
3583	1792	256	3448	1680	219
3839	1792	256	3695	1679	218
4095	1792	256	3943	1679	216
0	2048	256	8	1907	225
256	2048	256	258	1905	224
512	2048	256	500	1907	224
768	2048	256	747	1908	223
1024	2048	256	990	1908	223
1280	2048	256	1240	1910	222
1536	2048	256	1484	1911	223
1792	2048	256	1730	1912	222
2048	2048	256	1972	1912	221
2303	2048	256	2221	1912	221
2559	2048	256	2473	1914	220
2815	2048	256	2721	1916	221
3071	2048	256	2966	1917	220
3327	2048	256	3208	1918	220
3583	2048	256	3449	1917	219
3839	2048	256	3696	1918	218
4095	2048	256	3943	1918	216
0	2303	256	8	2145	224
256	2303	256	259	2142	224
512	2303	256	501	2143	222
768	2303	256	747	2144	222
1024	2303	256	991	2145	222
1280	2303	256	1240	2146	221
1536	2303	256	1484	2145	221
1792	2303	256	1731	2148	221
2048	2303	256	1974	2149	221
2303	2303	256	2223	2149	220
2559	2303	256	2474	2151	221
2815	2303	256	2722	2153	220
3071	2303	256	2968	2154	220
3327	2303	256	3208	2155	219
3583	2303	256	3450	2154	219
3839	2303	256	3696	2155	217
4095	2303	256	3944	2155	215
0	2559	256	8	2390	223
256	2559	256	259	2387	223
512	2559	256	502	2387	222
768	2559	256	747	2388	222
1024	2559	256	992	2389	221
1280	2559	256	1240	2391	221
1536	2559	256	1486	2390	220
1792	2559	256	1731	2392	221
2048	2559	256	1976	2394	221
2303	2559	256	2224	2394	221
2559	2559	256	2475	2394	220
2815	2559	256	2722	2395	220
3071	2559	256	2968	2397	219
3327	2559	256	3208	2398	218
3583	2559	256	3451	2398	218
3839	2559	256	3697	2399	216
4095	2559	256	3945	2399	215
0	2815	256	7	2636	224
256	2815	256	258	2634	222
512	2815	256	501	2633	222
768	2815	256	747	2635	221
1024	2815	256	991	2635	221
1280	2815	256	1240	2637	221
1536	2815	256	1486	2637	221
1792	2815	256	1730	2638	220
2048	2815	256	1976	2640	220
2303	2815	256	2224	2640	220
2559	2815	256	2474	2640	219
2815	2815	256	2722	2640	220
3071	2815	256	2966	2641	219
3327	2815	256	3208	2643	219
3583	2815	256	3450	2644	217
3839	2815	256	3697	2644	217
4095	2815	256	3944	2643	214
0	3071	256	7	2874	222
256	3071	256	257	2870	222
512	3071	256	500	2871	221
768	3071	256	747	2872	220
1024	3071	256	990	2873	221
1280	3071	256	1240	2874	220
1536	3071	256	1485	2874	220
1792	3071	256	1731	2876	220
2048	3071	256	1974	2876	220
2303	3071	256	2225	2878	219
2559	3071	256	2475	2878	219
2815	3071	256	2722	2878	219
3071	3071	256	2966	2879	218
3327	3071	256	3208	2880	217
3583	3071	256	3450	2881	218
3839	3071	256	3697	2882	216
4095	3071	256	3945	2881	213
0	3327	256	7	3107	221
256	3327	256	257	3104	221
512	3327	256	500	3106	220
768	3327	256	747	3107	220
1024	3327	256	990	3107	219
1280	3327	256	1239	3108	220
1536	3327	256	1485	3108	219
1792	3327	256	1731	3110	219
2048	3327	256	1974	3110	219
2303	3327	256	2225	3112	219
2559	3327	256	2476	3113	219
2815	3327	256	2723	3113	219
3071	3327	256	2968	3114	218
3327	3327	256	3208	3113	217
3583	3327	256	3451	3114	216
3839	3327	256	3697	3115	215
4095	3327	256	3946	3115	213
0	3583	256	8	3338	221
256	3583	256	258	3334	220
512	3583	256	501	3335	220
768	3583	256	747	3335	219
1024	3583	256	992	3337	220
1280	3583	256	1240	3337	219
1536	3583	256	1487	3338	219
1792	3583	256	1731	3339	219
2048	3583	256	1976	3339	218
2303	3583	256	2225	3341	218
2559	3583	256	2477	3340	217
2815	3583	256	2724	3341	218
3071	3583	256	2970	3343	217
3327	3583	256	3210	3343	217
3583	3583	256	3453	3344	215
3839	3583	256	3699	3345	215
4095	3583	256	3948	3344	212
0	3839	256	7	3583	220
256	3839	256	256	3579	220
512	3839	256	499	3580	219
768	3839	256	745	3580	218
1024	3839	256	989	3581	218
1280	3839	256	1237	3580	217
1536	3839	256	1486	3582	218
1792	3839	256	1730	3582	217
2048	3839	256	1975	3583	218
2303	3839	256	2224	3584	217
2559	3839	256	2477	3584	217
2815	3839	256	2724	3585	217
3071	3839	256	2969	3587	217
3327	3839	256	3210	3586	215
3583	3839	256	3451	3587	215
3839	3839	256	3699	3587	214
4095	3839	256	3946	3587	210
0	4095	256	7	3823	218
256	4095	256	255	3818	218
512	4095	256	496	3817	216
768	4095	256	743	3819	217
1024	4095	256	986	3820	216
1280	4095	256	1237	3820	217
1536	4095	256	1483	3821	216
1792	4095	256	1728	3820	216
2048	4095	256	1973	3823	216
2303	4095	256	2224	3824	216
2559	4095	256	2476	3824	215
2815	4095	256	2724	3825	215
3071	4095	256	2969	3826	215
3327	4095	256	3211	3826	214
3583	4095	256	3452	3827	213
3839	4095	256	3699	3826	211
4095	4095	256	3947	3826	210
0	0	512	19	0	446
256	0	512	267	0	446
512	0	512	510	0	445
768	0	512	757	1	446
1024	0	512	1002	2	445
1280	0	512	1249	2	444
1536	0	512	1496	3	444
1792	0	512	1741	4	444
2048	0	512	1985	5	444
2303	0	512	2234	6	443
2559	0	512	2485	6	442
2815	0	512	2733	7	442
3071	0	512	2979	8	442
3327	0	512	3219	9	440
3583	0	512	3462	10	439
3839	0	512	3708	10	437
4095	0	512	3956	10	434
0	256	512	19	243	446
256	256	512	267	245	445
512	256	512	511	245	445
768	256	512	757	246	445
1024	256	512	1003	248	444
1280	256	512	1252	248	444
1536	256	512	1497	249	443
1792	256	512	1740	248	443
2048	256	512	1982	249	443
2303	256	512	2232	250	443
2559	256	512	2484	250	442
2815	256	512	2730	251	441
3071	256	512	2975	251	441
3327	256	512	3216	252	440
3583	256	512	3458	253	439
3839	256	512	3704	252	437
4095	256	512	3952	251	435
0	512	512	19	480	445
256	512	512	268	482	445
512	512	512	512	482	445
768	512	512	759	484	444
1024	512	512	1003	484	444
1280	512	512	1252	485	444
1536	512	512	1497	486	444
1792	512	512	1741	486	443
2048	512	512	1983	486	442
2303	512	512	2233	487	441
2559	512	512	2484	487	440
2815	512	512	2732	488	440
3071	512	512	2976	488	439
3327	512	512	3218	489	439
3583	512	512	3460	490	438
3839	512	512	3706	489	437
4095	512	512	3955	488	434
0	768	512	18	720	444
256	768	512	269	722	445
512	768	512	513	723	444
768	768	512	759	724	444
1024	768	512	1004	724	444
1280	768	512	1253	725	443
1536	768	512	1498	726	443
1792	768	512	1743	726	442
2048	768	512	1985	726	441
2303	768	512	2234	726	440
2559	768	512	2485	727	440
2815	768	512	2732	729	440
3071	768	512	2978	728	440
3327	768	512	3218	729	438
3583	768	512	3461	729	438
3839	768	512	3707	729	436
4095	768	512	3955	728	435
0	1024	512	18	959	444
256	1024	512	269	960	444
512	1024	512	512	961	443
768	1024	512	758	962	444
1024	1024	512	1004	963	443
1280	1024	512	1252	964	443
1536	1024	512	1498	964	442
1792	1024	512	1742	965	442
2048	1024	512	1985	965	441
2303	1024	512	2234	966	441
2559	1024	512	2486	967	440
2815	1024	512	2732	967	440
3071	1024	512	2978	968	440
3327	1024	512	3219	969	438
3583	1024	512	3462	968	438
3839	1024	512	3707	968	436
4095	1024	512	3956	967	434
0	1280	512	18	1203	444
256	1280	512	268	1204	443
512	1280	512	513	1205	443
768	1280	512	760	1207	442
1024	1280	512	1004	1206	443
1280	1280	512	1252	1208	442
1536	1280	512	1499	1208	442
1792	1280	512	1742	1208	441
2048	1280	512	1986	1209	440
2303	1280	512	2235	1210	440
2559	1280	512	2487	1211	439
2815	1280	512	2733	1210	439
3071	1280	512	2977	1211	438
3327	1280	512	3219	1212	438
3583	1280	512	3461	1212	437
3839	1280	512	3707	1211	436
4095	1280	512	3955	1211	433
0	1536	512	18	1442	443
256	1536	512	269	1443	444
512	1536	512	513	1443	443
768	1536	512	760	1444	443
1024	1536	512	1003	1444	442
1280	1536	512	1252	1445	441
1536	1536	512	1497	1445	441
1792	1536	512	1742	1446	440
2048	1536	512	1984	1446	440
2303	1536	512	2235	1447	439
2559	1536	512	2486	1448	439
2815	1536	512	2733	1448	438
3071	1536	512	2978	1449	438
3327	1536	512	3219	1450	437
3583	1536	512	3461	1450	437
3839	1536	512	3708	1449	435
4095	1536	512	3956	1448	433
0	1792	512	17	1677	443
256	1792	512	268	1677	443
512	1792	512	512	1678	442
768	1792	512	760	1679	442
1024	1792	512	1003	1679	441
1280	1792	512	1252	1680	441
1536	1792	512	1498	1680	440
1792	1792	512	1743	1681	440
2048	1792	512	1984	1680	439
2303	1792	512	2235	1682	439
2559	1792	512	2486	1684	439
2815	1792	512	2732	1684	439
3071	1792	512	2978	1685	438
3327	1792	512	3219	1686	437
3583	1792	512	3462	1686	436
3839	1792	512	3707	1686	434
4095	1792	512	3956	1685	432
0	2048	512	17	1914	442
256	2048	512	268	1913	441
512	2048	512	511	1916	441
768	2048	512	758	1916	441
1024	2048	512	1003	1917	441
1280	2048	512	1252	1919	440
1536	2048	512	1498	1918	440
1792	2048	512	1742	1920	440
2048	2048	512	1985	1919	440
2303	2048	512	2235	1921	439
2559	2048	512	2487	1922	439
2815	2048	512	2733	1922	439
3071	2048	512	2979	1924	438
3327	2048	512	3220	1925	438
3583	2048	512	3463	1925	436
3839	2048	512	3708	1926	435
4095	2048	512	3957	1924	432
0	2303	512	17	2151	441
256	2303	512	267	2149	441
512	2303	512	512	2153	440
768	2303	512	758	2151	440
1024	2303	512	1003	2153	439
1280	2303	512	1253	2154	439
1536	2303	512	1499	2155	439
1792	2303	512	1743	2156	439
2048	2303	512	1987	2156	439
2303	2303	512	2236	2157	438
2559	2303	512	2488	2159	439
2815	2303	512	2735	2159	438
3071	2303	512	2979	2161	438
3327	2303	512	3220	2161	437
3583	2303	512	3463	2162	437
3839	2303	512	3709	2162	435
4095	2303	512	3957	2161	432
0	2559	512	17	2396	440
256	2559	512	268	2393	439
512	2559	512	512	2396	439
768	2559	512	758	2395	439
1024	2559	512	1003	2397	439
1280	2559	512	1253	2398	439
1536	2559	512	1499	2399	439
1792	2559	512	1744	2400	439
2048	2559	512	1987	2400	438
2303	2559	512	2237	2402	438
2559	2559	512	2488	2402	438
2815	2559	512	2735	2402	438
3071	2559	512	2979	2404	437
3327	2559	512	3221	2405	436
3583	2559	512	3463	2406	435
3839	2559	512	3709	2406	433
4095	2559	512	3957	2405	431
0	2815	512	16	2643	440
256	2815	512	267	2640	439
512	2815	512	511	2642	439
768	2815	512	758	2642	439
1024	2815	512	1003	2644	439
1280	2815	512	1253	2644	439
1536	2815	512	1499	2646	439
1792	2815	512	1744	2647	438
2048	2815	512	1987	2647	439
2303	2815	512	2238	2649	438
2559	2815	512	2488	2648	438
2815	2815	512	2734	2648	437
3071	2815	512	2979	2650	436
3327	2815	512	3220	2651	436
3583	2815	512	3464	2653	435
3839	2815	512	3709	2652	434
4095	2815	512	3957	2651	430
0	3071	512	16	2881	440
256	3071	512	267	2879	439
512	3071	512	511	2880	439
768	3071	512	757	2880	439
1024	3071	512	1002	2882	438
1280	3071	512	1252	2882	438
1536	3071	512	1499	2883	438
1792	3071	512	1743	2883	437
2048	3071	512	1987	2885	438
2303	3071	512	2237	2887	437
2559	3071	512	2488	2886	437
2815	3071	512	2734	2886	436
3071	3071	512	2980	2887	437
3327	3071	512	3221	2888	435
3583	3071	512	3464	2890	435
3839	3071	512	3710	2890	433
4095	3071	512	3959	2890	430
0	3327	512	16	3118	439
256	3327	512	267	3114	438
512	3327	512	511	3114	437
768	3327	512	757	3115	437
1024	3327	512	1001	3115	436
1280	3327	512	1251	3115	437
1536	3327	512	1498	3116	436
1792	3327	512	1742	3117	436
2048	3327	512	1987	3118	436
2303	3327	512	2237	3120	437
2559	3327	512	2489	3120	436
2815	3327	512	2736	3121	436
3071	3327	512	2980	3120	435
3327	3327	512	3221	3121	435
3583	3327	512	3463	3122	434
3839	3327	512	3710	3123	432
4095	3327	512	3958	3123	429
0	3583	512	17	3346	438
256	3583	512	267	3342	436
512	3583	512	511	3343	437
768	3583	512	758	3344	436
1024	3583	512	1001	3344	436
1280	3583	512	1252	3345	436
1536	3583	512	1498	3346	436
1792	3583	512	1743	3346	435
2048	3583	512	1987	3347	436
2303	3583	512	2238	3348	435
2559	3583	512	2489	3348	435
2815	3583	512	2737	3349	435
3071	3583	512	2980	3348	434
3327	3583	512	3221	3349	433
3583	3583	512	3464	3351	432
3839	3583	512	3711	3352	431
4095	3583	512	3959	3352	427
0	3839	512	15	3591	436
256	3839	512	266	3586	436
512	3839	512	509	3587	435
768	3839	512	756	3588	435
1024	3839	512	999	3588	434
1280	3839	512	1249	3589	433
1536	3839	512	1497	3590	434
1792	3839	512	1742	3590	434
2048	3839	512	1986	3591	434
2303	3839	512	2238	3592	434
2559	3839	512	2489	3593	434
2815	3839	512	2736	3593	433
3071	3839	512	2981	3593	433
3327	3839	512	3222	3594	432
3583	3839	512	3464	3594	431
3839	3839	512	3710	3595	429
4095	3839	512	3959	3595	426
0	4095	512	15	3831	433
256	4095	512	264	3825	433
512	4095	512	507	3827	432
768	4095	512	753	3827	433
1024	4095	512	997	3827	432
1280	4095	512	1248	3829	432
1536	4095	512	1495	3828	432
1792	4095	512	1740	3829	432
2048	4095	512	1986	3831	432
2303	4095	512	2236	3831	432
2559	4095	512	2488	3832	431
2815	4095	512	2736	3833	432
3071	4095	512	2981	3833	430
3327	4095	512	3222	3834	430
3583	4095	512	3464	3833	428
3839	4095	512	3710	3833	426
4095	4095	512	3960	3833	424
0	0	768	29	0	670
256	0	768	276	0	670
512	0	768	521	0	669
768	0	768	767	1	669
1024	0	768	1011	1	669
1280	0	768	1260	3	667
1536	0	768	1506	3	668
1792	0	768	1751	4	667
2048	0	768	1995	5	667
2303	0	768	2246	5	666
2559	0	768	2496	6	666
2815	0	768	2744	8	665
3071	0	768	2988	8	665
3327	0	768	3229	9	663
3583	0	768	3472	9	662
3839	0	768	3718	10	659
4095	0	768	3966	11	656
0	256	768	28	244	671
256	256	768	277	245	668
512	256	768	521	246	668
768	256	768	768	248	668
1024	256	768	1013	248	667
1280	256	768	1263	249	668
1536	256	768	1507	249	666
1792	256	768	1751	250	667
2048	256	768	1992	250	665
2303	256	768	2243	251	666
2559	256	768	2493	252	665
2815	256	768	2740	251	665
3071	256	768	2985	253	664
3327	256	768	3225	254	663
3583	256	768	3468	253	662
3839	256	768	3714	254	660
4095	256	768	3963	252	657
0	512	768	28	482	668
256	512	768	278	483	668
512	512	768	522	484	669
768	512	768	769	485	668
1024	512	768	1014	486	668
1280	512	768	1262	487	668
1536	512	768	1508	487	668
1792	512	768	1752	488	667
2048	512	768	1994	487	666
2303	512	768	2243	488	664
2559	512	768	2495	489	663
2815	512	768	2741	489	663
3071	512	768	2986	490	662
3327	512	768	3226	491	662
3583	512	768	3470	491	660
3839	512	768	3715	491	660
4095	512	768	3964	489	657
0	768	768	28	722	668
256	768	768	277	723	668
512	768	768	523	725	668
768	768	768	769	725	667
1024	768	768	1013	726	667
1280	768	768	1262	727	668
1536	768	768	1507	726	666
1792	768	768	1751	727	665
2048	768	768	1995	727	665
2303	768	768	2245	729	664
2559	768	768	2496	730	664
2815	768	768	2742	729	663
3071	768	768	2986	730	662
3327	768	768	3227	730	661
3583	768	768	3469	731	661
3839	768	768	3715	731	659
4095	768	768	3963	729	657
0	1024	768	28	960	668
256	1024	768	277	962	667
512	1024	768	523	964	667
768	1024	768	769	964	667
1024	1024	768	1013	965	666
1280	1024	768	1262	965	666
1536	1024	768	1507	966	665
1792	1024	768	1752	967	665
2048	1024	768	1995	968	664
2303	1024	768	2246	969	665
2559	1024	768	2495	969	663
2815	1024	768	2742	969	663
3071	1024	768	2986	970	662
3327	1024	768	3228	971	662
3583	1024	768	3470	971	661
3839	1024	768	3716	971	658
4095	1024	768	3964	968	656
0	1280	768	27	1205	667
256	1280	768	278	1206	666
512	1280	768	522	1208	667
768	1280	768	769	1207	666
1024	1280	768	1013	1208	666
1280	1280	768	1263	1209	665
1536	1280	768	1508	1210	666
1792	1280	768	1753	1211	664
2048	1280	768	1996	1211	664
2303	1280	768	2247	1214	664
2559	1280	768	2496	1213	663
2815	1280	768	2743	1213	662
3071	1280	768	2987	1214	661
3327	1280	768	3228	1215	662
3583	1280	768	3471	1216	660
3839	1280	768	3716	1214	659
4095	1280	768	3965	1213	655
0	1536	768	27	1444	667
256	1536	768	278	1445	667
512	1536	768	523	1445	666
768	1536	768	770	1446	666
1024	1536	768	1014	1447	665
1280	1536	768	1262	1447	665
1536	1536	768	1508	1448	665
1792	1536	768	1753	1450	664
2048	1536	768	1996	1449	663
2303	1536	768	2246	1451	663
2559	1536	768	2497	1451	663
2815	1536	768	2743	1452	662
3071	1536	768	2988	1453	662
3327	1536	768	3228	1453	660
3583	1536	768	3471	1453	660
3839	1536	768	3716	1452	658
4095	1536	768	3965	1451	655
0	1792	768	27	1679	667
256	1792	768	277	1679	666
512	1792	768	522	1680	665
768	1792	768	769	1681	665
1024	1792	768	1014	1683	665
1280	1792	768	1262	1682	665
1536	1792	768	1509	1684	664
1792	1792	768	1753	1684	664
2048	1792	768	1996	1684	663
2303	1792	768	2245	1686	663
2559	1792	768	2496	1686	662
2815	1792	768	2743	1687	662
3071	1792	768	2987	1687	661
3327	1792	768	3228	1688	661
3583	1792	768	3470	1689	659
3839	1792	768	3716	1688	657
4095	1792	768	3964	1688	655
0	2048	768	27	1917	665
256	2048	768	277	1916	664
512	2048	768	522	1918	665
768	2048	768	768	1919	664
1024	2048	768	1013	1919	664
1280	2048	768	1263	1921	664
1536	2048	768	1509	1922	664
1792	2048	768	1753	1922	663
2048	2048	768	1995	1922	663
2303	2048	768	2245	1923	662
2559	2048	768	2496	1924	661
2815	2048	768	2743	1925	661
3071	2048	768	2987	1925	660
3327	2048	768	3228	1927	660
3583	2048	768	3470	1927	658
3839	2048	768	3717	1926	657
4095	2048	768	3965	1926	654
0	2303	768	26	2154	664
256	2303	768	277	2153	664
512	2303	768	521	2155	663
768	2303	768	769	2156	664
1024	2303	768	1014	2156	663
1280	2303	768	1265	2158	664
1536	2303	768	1510	2159	663
1792	2303	768	1754	2158	662
2048	2303	768	1997	2159	662
2303	2303	768	2247	2160	661
2559	2303	768	2498	2161	662
2815	2303	768	2745	2162	661
3071	2303	768	2988	2161	660
3327	2303	768	3229	2163	659
3583	2303	768	3472	2164	659
3839	2303	768	3717	2163	656
4095	2303	768	3966	2163	654
0	2559	768	26	2399	665
256	2559	768	277	2396	663
512	2559	768	521	2397	662
768	2559	768	769	2399	663
1024	2559	768	1014	2400	662
1280	2559	768	1264	2401	663
1536	2559	768	1510	2403	662
1792	2559	768	1754	2402	662
2048	2559	768	1998	2404	662
2303	2559	768	2247	2404	662
2559	2559	768	2498	2405	661
2815	2559	768	2744	2406	661
3071	2559	768	2989	2406	660
3327	2559	768	3230	2407	660
3583	2559	768	3473	2408	658
3839	2559	768	3718	2408	656
4095	2559	768	3967	2408	653
0	2815	768	26	2646	664
256	2815	768	276	2641	662
512	2815	768	521	2643	662
768	2815	768	767	2645	661
1024	2815	768	1015	2647	663
1280	2815	768	1264	2648	662
1536	2815	768	1510	2649	662
1792	2815	768	1754	2649	662
2048	2815	768	1997	2649	662
2303	2815	768	2247	2650	661
2559	2815	768	2498	2650	661
2815	2815	768	2744	2651	660
3071	2815	768	2988	2652	659
3327	2815	768	3230	2654	660
3583	2815	768	3472	2654	658
3839	2815	768	3718	2654	657
4095	2815	768	3965	2654	653
0	3071	768	26	2884	662
256	3071	768	276	2880	662
512	3071	768	521	2882	661
768	3071	768	767	2882	661
1024	3071	768	1013	2884	661
1280	3071	768	1264	2885	662
1536	3071	768	1510	2886	661
1792	3071	768	1755	2887	661
2048	3071	768	1997	2888	661
2303	3071	768	2247	2887	660
2559	3071	768	2497	2888	660
2815	3071	768	2744	2888	659
3071	3071	768	2989	2890	660
3327	3071	768	3230	2892	659
3583	3071	768	3473	2892	658
3839	3071	768	3719	2893	656
4095	3071	768	3966	2892	653
0	3327	768	25	3119	662
256	3327	768	276	3116	661
512	3327	768	520	3117	661
768	3327	768	768	3117	661
1024	3327	768	1013	3118	660
1280	3327	768	1263	3119	660
1536	3327	768	1509	3119	659
1792	3327	768	1755	3121	660
2048	3327	768	1998	3122	659
2303	3327	768	2248	3122	660
2559	3327	768	2498	3122	659
2815	3327	768	2746	3123	659
3071	3327	768	2990	3123	658
3327	3327	768	3229	3124	658
3583	3327	768	3473	3124	656
3839	3327	768	3718	3126	654
4095	3327	768	3967	3125	651
0	3583	768	25	3348	661
256	3583	768	277	3343	659
512	3583	768	521	3345	660
768	3583	768	769	3345	659
1024	3583	768	1013	3346	659
1280	3583	768	1263	3348	659
1536	3583	768	1509	3347	659
1792	3583	768	1754	3348	658
2048	3583	768	1998	3348	658
2303	3583	768	2247	3350	658
2559	3583	768	2499	3351	658
2815	3583	768	2745	3350	657
3071	3583	768	2990	3351	656
3327	3583	768	3230	3352	656
3583	3583	768	3473	3352	654
3839	3583	768	3719	3353	653
4095	3583	768	3967	3353	649
0	3839	768	25	3591	658
256	3839	768	274	3587	658
512	3839	768	519	3588	657
768	3839	768	765	3588	657
1024	3839	768	1011	3589	657
1280	3839	768	1260	3590	657
1536	3839	768	1508	3591	657
1792	3839	768	1752	3592	656
2048	3839	768	1997	3592	657
2303	3839	768	2247	3594	656
2559	3839	768	2499	3595	657
2815	3839	768	2745	3594	655
3071	3839	768	2990	3595	655
3327	3839	768	3231	3596	654
3583	3839	768	3473	3596	654
3839	3839	768	3720	3597	651
4095	3839	768	3968	3597	648
0	4095	768	25	3832	656
256	4095	768	273	3827	655
512	4095	768	517	3828	655
768	4095	768	764	3828	655
1024	4095	768	1008	3829	654
1280	4095	768	1259	3830	654
1536	4095	768	1506	3831	654
1792	4095	768	1753	3832	655
2048	4095	768	1996	3832	654
2303	4095	768	2247	3833	654
2559	4095	768	2499	3833	654
2815	4095	768	2746	3834	654
3071	4095	768	2991	3835	652
3327	4095	768	3232	3835	652
3583	4095	768	3474	3835	650
3839	4095	768	3720	3835	648
4095	4095	768	3968	3834	645
0	0	1024	38	0	896
256	0	1024	286	0	896
512	0	1024	530	0	894
768	0	1024	777	0	895
1024	0	1024	1021	2	895
1280	0	1024	1270	2	895
1536	0	1024	1516	3	894
1792	0	1024	1761	4	893
2048	0	1024	2005	4	893
2303	0	1024	2256	6	893
2559	0	1024	2508	6	893
2815	0	1024	2754	7	891
3071	0	1024	2999	8	891
3327	0	1024	3239	8	889
3583	0	1024	3483	9	888
3839	0	1024	3729	10	885
4095	0	1024	3977	10	882
0	256	1024	38	244	897
256	256	1024	286	245	895
512	256	1024	532	247	896
768	256	1024	778	247	894
1024	256	1024	1023	248	894
1280	256	1024	1272	249	894
1536	256	1024	1518	250	893
1792	256	1024	1760	250	892
2048	256	1024	2004	250	892
2303	256	1024	2253	251	892
2559	256	1024	2505	251	892
2815	256	1024	2751	252	892
3071	256	1024	2997	253	890
3327	256	1024	3236	253	889
3583	256	1024	3478	254	888
3839	256	1024	3725	253	886
4095	256	1024	3973	252	883
0	512	1024	38	482	895
256	512	1024	287	484	894
512	512	1024	532	485	895
768	512	1024	778	486	894
1024	512	1024	1024	487	895
1280	512	1024	1273	488	894
1536	512	1024	1518	489	894
1792	512	1024	1762	488	893
2048	512	1024	2004	488	891
2303	512	1024	2254	490	891
2559	512	1024	2505	490	891
2815	512	1024	2752	490	890
3071	512	1024	2996	492	889
3327	512	1024	3237	492	889
3583	512	1024	3480	492	887
3839	512	1024	3726	491	886
4095	512	1024	3974	490	882
0	768	1024	37	723	894
256	768	1024	287	724	894
512	768	1024	532	726	894
768	768	1024	780	727	894
1024	768	1024	1023	727	893
1280	768	1024	1274	728	894
1536	768	1024	1518	728	893
1792	768	1024	1763	729	892
2048	768	1024	2006	730	892
2303	768	1024	2257	731	890
2559	768	1024	2507	731	891
2815	768	1024	2753	731	890
3071	768	1024	2997	731	889
3327	768	1024	3237	732	889
3583	768	1024	3480	732	888
3839	768	1024	3725	731	885
4095	768	1024	3974	730	883
0	1024	1024	37	962	894
256	1024	1024	287	964	894
512	1024	1024	532	965	895
768	1024	1024	780	966	894
1024	1024	1024	1024	967	893
1280	1024	1024	1273	967	893
1536	1024	1024	1519	968	892
1792	1024	1024	1763	969	892
2048	1024	1024	2007	970	891
2303	1024	1024	2256	971	892
2559	1024	1024	2506	970	890
2815	1024	1024	2752	971	890
3071	1024	1024	2997	971	889
3327	1024	1024	3237	972	889
3583	1024	1024	3481	972	887
3839	1024	1024	3726	972	886
4095	1024	1024	3975	970	882
0	1280	1024	38	1206	893
256	1280	1024	287	1208	893
512	1280	1024	533	1209	893
768	1280	1024	779	1210	893
1024	1280	1024	1023	1209	892
1280	1280	1024	1273	1211	892
1536	1280	1024	1519	1212	892
1792	1280	1024	1763	1213	891
2048	1280	1024	2007	1214	891
2303	1280	1024	2258	1215	891
2559	1280	1024	2508	1216	891
2815	1280	1024	2754	1216	889
3071	1280	1024	2998	1216	888
3327	1280	1024	3238	1217	888
3583	1280	1024	3481	1217	887
3839	1280	1024	3727	1216	885
4095	1280	1024	3974	1215	881
0	1536	1024	38	1445	893
256	1536	1024	287	1446	893
512	1536	1024	533	1447	892
768	1536	1024	779	1448	892
1024	1536	1024	1024	1448	891
1280	1536	1024	1273	1449	891
1536	1536	1024	1518	1449	891
1792	1536	1024	1764	1451	890
2048	1536	1024	2007	1452	890
2303	1536	1024	2258	1453	890
2559	1536	1024	2508	1454	890
2815	1536	1024	2755	1456	890
3071	1536	1024	2998	1455	889
3327	1536	1024	3238	1455	887
3583	1536	1024	3481	1455	887
3839	1536	1024	3727	1454	884
4095	1536	1024	3975	1453	881
0	1792	1024	37	1681	893
256	1792	1024	287	1681	892
512	1792	1024	531	1682	892
768	1792	1024	779	1683	891
1024	1792	1024	1023	1684	890
1280	1792	1024	1274	1685	891
1536	1792	1024	1519	1685	890
1792	1792	1024	1764	1687	891
2048	1792	1024	2007	1688	890
2303	1792	1024	2257	1688	890
2559	1792	1024	2507	1689	889
2815	1792	1024	2754	1689	889
3071	1792	1024	2998	1690	888
3327	1792	1024	3238	1691	888
3583	1792	1024	3481	1690	886
3839	1792	1024	3726	1690	885
4095	1792	1024	3975	1690	881
0	2048	1024	37	1919	891
256	2048	1024	286	1918	890
512	2048	1024	531	1920	891
768	2048	1024	779	1921	891
1024	2048	1024	1024	1922	890
1280	2048	1024	1274	1924	890
1536	2048	1024	1520	1924	890
1792	2048	1024	1763	1925	890
2048	2048	1024	2007	1925	890
2303	2048	1024	2256	1925	888
2559	2048	1024	2507	1926	888
2815	2048	1024	2753	1927	888
3071	2048	1024	2998	1928	887
3327	2048	1024	3238	1929	887
3583	2048	1024	3481	1928	885
3839	2048	1024	3726	1929	884
4095	2048	1024	3976	1927	880
0	2303	1024	37	2156	890
256	2303	1024	286	2155	890
512	2303	1024	532	2157	890
768	2303	1024	779	2158	891
1024	2303	1024	1024	2158	889
1280	2303	1024	1275	2161	890
1536	2303	1024	1521	2161	890
1792	2303	1024	1764	2161	890
2048	2303	1024	2008	2162	889
2303	2303	1024	2257	2162	888
2559	2303	1024	2508	2163	888
2815	2303	1024	2755	2164	887
3071	2303	1024	2999	2164	887
3327	2303	1024	3239	2166	886
3583	2303	1024	3482	2166	886
3839	2303	1024	3728	2166	883
4095	2303	1024	3976	2165	881
0	2559	1024	37	2401	891
256	2559	1024	286	2398	889
512	2559	1024	532	2400	890
768	2559	1024	779	2401	889
1024	2559	1024	1025	2402	889
1280	2559	1024	1275	2404	889
1536	2559	1024	1520	2404	888
1792	2559	1024	1765	2405	889
2048	2559	1024	2008	2405	888
2303	2559	1024	2258	2406	889
2559	2559	1024	2508	2407	888
2815	2559	1024	2756	2408	888
3071	2559	1024	2999	2408	887
3327	2559	1024	3240	2409	886
3583	2559	1024	3483	2410	885
3839	2559	1024	3729	2411	884
4095	2559	1024	3976	2410	880
0	2815	1024	36	2647	890
256	2815	1024	286	2644	888
512	2815	1024	530	2645	889
768	2815	1024	778	2647	889
1024	2815	1024	1024	2649	889
1280	2815	1024	1275	2649	889
1536	2815	1024	1520	2650	889
1792	2815	1024	1765	2651	888
2048	2815	1024	2007	2651	888
2303	2815	1024	2258	2652	887
2559	2815	1024	2508	2653	888
2815	2815	1024	2755	2653	887
3071	2815	1024	2999	2654	886
3327	2815	1024	3239	2655	886
3583	2815	1024	3483	2656	884
3839	2815	1024	3727	2656	883
4095	2815	1024	3976	2655	879
0	3071	1024	36	2885	889
256	3071	1024	286	2883	888
512	3071	1024	530	2884	888
768	3071	1024	778	2884	888
1024	3071	1024	1024	2886	888
1280	3071	1024	1274	2887	889
1536	3071	1024	1521	2888	888
1792	3071	1024	1764	2889	888
2048	3071	1024	2008	2889	887
2303	3071	1024	2256	2889	886
2559	3071	1024	2508	2889	886
2815	3071	1024	2754	2890	886
3071	3071	1024	3000	2892	886
3327	3071	1024	3240	2893	885
3583	3071	1024	3483	2894	885
3839	3071	1024	3728	2895	882
4095	3071	1024	3976	2893	879
0	3327	1024	36	3120	888
256	3327	1024	285	3118	887
512	3327	1024	531	3118	888
768	3327	1024	779	3120	888
1024	3327	1024	1025	3121	887
1280	3327	1024	1274	3121	887
1536	3327	1024	1520	3121	886
1792	3327	1024	1765	3123	887
2048	3327	1024	2009	3123	886
2303	3327	1024	2258	3124	886
2559	3327	1024	2509	3123	885
2815	3327	1024	2756	3125	886
3071	3327	1024	3000	3125	885
3327	3327	1024	3240	3126	885
3583	3327	1024	3482	3126	883
3839	3327	1024	3728	3127	882
4095	3327	1024	3976	3127	878
0	3583	1024	36	3349	887
256	3583	1024	286	3346	885
512	3583	1024	531	3347	886
768	3583	1024	779	3348	885
1024	3583	1024	1024	3349	886
1280	3583	1024	1275	3349	885
1536	3583	1024	1519	3349	885
1792	3583	1024	1765	3350	885
2048	3583	1024	2008	3351	885
2303	3583	1024	2258	3352	884
2559	3583	1024	2509	3352	885
2815	3583	1024	2756	3353	884
3071	3583	1024	3000	3353	883
3327	3583	1024	3240	3353	883
3583	3583	1024	3483	3354	881
3839	3583	1024	3729	3354	880
4095	3583	1024	3977	3355	876
0	3839	1024	34	3593	884
256	3839	1024	284	3589	884
512	3839	1024	528	3589	883
768	3839	1024	776	3590	885
1024	3839	1024	1022	3592	884
1280	3839	1024	1272	3592	884
1536	3839	1024	1518	3593	883
1792	3839	1024	1764	3593	884
2048	3839	1024	2006	3594	882
2303	3839	1024	2258	3596	882
2559	3839	1024	2509	3596	883
2815	3839	1024	2756	3596	882
3071	3839	1024	3000	3596	882
3327	3839	1024	3241	3597	881
3583	3839	1024	3483	3598	880
3839	3839	1024	3729	3598	877
4095	3839	1024	3977	3598	875
0	4095	1024	34	3834	882
256	4095	1024	283	3829	880
512	4095	1024	527	3829	882
768	4095	1024	776	3831	881
1024	4095	1024	1020	3830	880
1280	4095	1024	1270	3832	880
1536	4095	1024	1517	3832	880
1792	4095	1024	1763	3833	881
2048	4095	1024	2007	3833	880
2303	4095	1024	2257	3834	880
2559	4095	1024	2510	3835	880
2815	4095	1024	2756	3835	879
3071	4095	1024	3001	3835	879
3327	4095	1024	3242	3837	879
3583	4095	1024	3485	3837	877
3839	4095	1024	3730	3836	875
4095	4095	1024	3978	3836	872
0	0	1280	48	0	1125
256	0	1280	295	0	1125
512	0	1280	541	1	1124
768	0	1280	787	1	1123
1024	0	1280	1032	1	1123
1280	0	1280	1282	2	1123
1536	0	1280	1527	3	1123
1792	0	1280	1773	4	1122
2048	0	1280	2016	5	1122
2303	0	1280	2268	5	1121
2559	0	1280	2519	6	1121
2815	0	1280	2766	7	1120
3071	0	1280	3010	7	1120
3327	0	1280	3251	9	1118
3583	0	1280	3495	10	1117
3839	0	1280	3741	10	1114
4095	0	1280	3988	11	1111
0	256	1280	47	245	1126
256	256	1280	296	246	1124
512	256	1280	541	247	1125
768	256	1280	789	248	1123
1024	256	1280	1033	248	1122
1280	256	1280	1283	249	1122
1536	256	1280	1528	251	1122
1792	256	1280	1772	250	1121
2048	256	1280	2016	251	1121
2303	256	1280	2267	251	1121
2559	256	1280	2517	252	1120
2815	256	1280	2764	253	1120
3071	256	1280	3008	253	1119
3327	256	1280	3248	254	1118
3583	256	1280	3491	254	1117
3839	256	1280	3737	254	1115
4095	256	1280	3986	253	1111
0	512	1280	48	484	1124
256	512	1280	297	485	1123
512	512	1280	542	486	1123
768	512	1280	789	487	1122
1024	512	1280	1034	488	1122
1280	512	1280	1285	489	1122
1536	512	1280	1530	489	1122
1792	512	1280	1773	489	1121
2048	512	1280	2016	490	1120
2303	512	1280	2266	490	1119
2559	512	1280	2518	491	1120
2815	512	1280	2763	492	1119
3071	512	1280	3009	492	1119
3327	512	1280	3249	493	1118
3583	512	1280	3492	493	1115
3839	512	1280	3737	492	1114
4095	512	1280	3986	491	1110
0	768	1280	48	724	1122
256	768	1280	296	726	1123
512	768	1280	543	728	1123
768	768	1280	789	729	1122
1024	768	1280	1034	729	1122
1280	768	1280	1284	730	1122
1536	768	1280	1530	730	1121
1792	768	1280	1775	731	1122
2048	768	1280	2018	732	1121
2303	768	1280	2268	732	1119
2559	768	1280	2519	733	1120
2815	768	1280	2765	733	1119
3071	768	1280	3010	734	1119
3327	768	1280	3249	735	1118
3583	768	1280	3492	734	1117
3839	768	1280	3737	733	1114
4095	768	1280	3986	731	1111
0	1024	1280	48	964	1122
256	1024	1280	296	965	1122
512	1024	1280	543	967	1123
768	1024	1280	790	968	1122
1024	1024	1280	1035	969	1122
1280	1024	1280	1284	969	1121
1536	1024	1280	1530	970	1120
1792	1024	1280	1775	971	1121
2048	1024	1280	2018	971	1120
2303	1024	1280	2268	972	1120
2559	1024	1280	2518	973	1119
2815	1024	1280	2765	973	1119
3071	1024	1280	3008	974	1118
3327	1024	1280	3249	975	1118
3583	1024	1280	3492	974	1116
3839	1024	1280	3738	974	1115
4095	1024	1280	3986	971	1110
0	1280	1280	47	1208	1121
256	1280	1280	296	1209	1120
512	1280	1280	542	1211	1121
768	1280	1280	790	1211	1120
1024	1280	1280	1033	1212	1120
1280	1280	1280	1284	1213	1120
1536	1280	1280	1530	1214	1120
1792	1280	1280	1775	1215	1119
2048	1280	1280	2018	1215	1119
2303	1280	1280	2269	1217	1119
2559	1280	1280	2520	1218	1119
2815	1280	1280	2766	1218	1118
3071	1280	1280	3009	1218	1118
3327	1280	1280	3250	1218	1116
3583	1280	1280	3493	1218	1115
3839	1280	1280	3738	1218	1113
4095	1280	1280	3987	1216	1110
0	1536	1280	47	1446	1120
256	1536	1280	297	1448	1121
512	1536	1280	542	1449	1120
768	1536	1280	790	1450	1120
1024	1536	1280	1033	1450	1119
1280	1536	1280	1285	1452	1120
1536	1536	1280	1529	1452	1119
1792	1536	1280	1774	1454	1120
2048	1536	1280	2019	1455	1119
2303	1536	1280	2268	1455	1118
2559	1536	1280	2520	1457	1118
2815	1536	1280	2766	1457	1118
3071	1536	1280	3010	1457	1117
3327	1536	1280	3249	1457	1116
3583	1536	1280	3493	1457	1115
3839	1536	1280	3738	1457	1112
4095	1536	1280	3987	1455	1110
0	1792	1280	47	1682	1121
256	1792	1280	295	1683	1119
512	1792	1280	542	1685	1120
768	1792	1280	789	1685	1119
1024	1792	1280	1034	1686	1119
1280	1792	1280	1285	1688	1120
1536	1792	1280	1529	1687	1118
1792	1792	1280	1775	1690	1119
2048	1792	1280	2018	1690	1118
2303	1792	1280	2268	1691	1118
2559	1792	1280	2519	1691	1117
2815	1792	1280	2765	1692	1117
3071	1792	1280	3009	1693	1116
3327	1792	1280	3249	1693	1116
3583	1792	1280	3492	1693	1115
3839	1792	1280	3738	1692	1113
4095	1792	1280	3987	1691	1109
0	2048	1280	47	1921	1120
256	2048	1280	295	1921	1118
512	2048	1280	542	1922	1119
768	2048	1280	789	1924	1119
1024	2048	1280	1034	1925	1119
1280	2048	1280	1286	1927	1119
1536	2048	1280	1530	1927	1119
1792	2048	1280	1775	1929	1118
2048	2048	1280	2017	1928	1118
2303	2048	1280	2268	1929	1117
2559	2048	1280	2518	1929	1117
2815	2048	1280	2765	1930	1116
3071	2048	1280	3009	1931	1117
3327	2048	1280	3250	1932	1115
3583	2048	1280	3493	1933	1114
3839	2048	1280	3739	1932	1113
4095	2048	1280	3987	1931	1109
0	2303	1280	46	2159	1119
256	2303	1280	296	2159	1118
512	2303	1280	541	2159	1118
768	2303	1280	790	2161	1119
1024	2303	1280	1034	2162	1118
1280	2303	1280	1286	2163	1118
1536	2303	1280	1532	2164	1118
1792	2303	1280	1777	2165	1119
2048	2303	1280	2019	2165	1118
2303	2303	1280	2270	2166	1117
2559	2303	1280	2519	2165	1116
2815	2303	1280	2767	2167	1116
3071	2303	1280	3011	2168	1116
3327	2303	1280	3251	2168	1114
3583	2303	1280	3494	2169	1114
3839	2303	1280	3739	2169	1112
4095	2303	1280	3988	2168	1109
0	2559	1280	46	2403	1119
256	2559	1280	296	2401	1116
512	2559	1280	541	2402	1118
768	2559	1280	790	2404	1118
1024	2559	1280	1035	2406	1118
1280	2559	1280	1285	2405	1117
1536	2559	1280	1532	2407	1116
1792	2559	1280	1776	2407	1117
2048	2559	1280	2019	2409	1116
2303	2559	1280	2269	2410	1117
2559	2559	1280	2520	2409	1116
2815	2559	1280	2767	2411	1117
3071	2559	1280	3011	2411	1115
3327	2559	1280	3251	2412	1115
3583	2559	1280	3495	2413	1114
3839	2559	1280	3739	2412	1112
4095	2559	1280	3988	2412	1108
0	2815	1280	46	2650	1118
256	2815	1280	294	2647	1116
512	2815	1280	541	2648	1117
768	2815	1280	789	2650	1117
1024	2815	1280	1034	2651	1117
1280	2815	1280	1284	2651	1117
1536	2815	1280	1531	2653	1117
1792	2815	1280	1775	2653	1116
2048	2815	1280	2019	2654	1117
2303	2815	1280	2268	2655	1116
2559	2815	1280	2520	2656	1116
2815	2815	1280	2766	2657	1115
3071	2815	1280	3011	2656	1115
3327	2815	1280	3250	2658	1114
3583	2815	1280	3493	2659	1113
3839	2815	1280	3739	2659	1112
4095	2815	1280	3987	2659	1108
0	3071	1280	46	2889	1117
256	3071	1280	295	2887	1117
512	3071	1280	541	2887	1117
768	3071	1280	789	2888	1117
1024	3071	1280	1035	2889	1117
1280	3071	1280	1285	2890	1117
1536	3071	1280	1531	2891	1116
1792	3071	1280	1775	2891	1117
2048	3071	1280	2018	2892	1116
2303	3071	1280	2269	2892	1116
2559	3071	1280	2519	2893	1115
2815	3071	1280	2766	2893	1114
3071	3071	1280	3010	2894	1114
3327	3071	1280	3251	2895	1114
3583	3071	1280	3494	2896	1113
3839	3071	1280	3740	2897	1111
4095	3071	1280	3988	2897	1108
0	3327	1280	45	3124	1117
256	3327	1280	295	3121	1115
512	3327	1280	540	3122	1115
768	3327	1280	789	3122	1116
1024	3327	1280	1034	3123	1115
1280	3327	1280	1285	3124	1115
1536	3327	1280	1530	3124	1114
1792	3327	1280	1776	3125	1115
2048	3327	1280	2019	3126	1115
2303	3327	1280	2270	3126	1114
2559	3327	1280	2521	3127	1114
2815	3327	1280	2767	3128	1114
3071	3327	1280	3011	3128	1113
3327	3327	1280	3252	3130	1113
3583	3327	1280	3494	3129	1111
3839	3327	1280	3739	3130	1110
4095	3327	1280	3988	3130	1107
0	3583	1280	45	3352	1115
256	3583	1280	295	3349	1113
512	3583	1280	540	3350	1114
768	3583	1280	789	3351	1113
1024	3583	1280	1033	3350	1114
1280	3583	1280	1285	3352	1113
1536	3583	1280	1531	3352	1113
1792	3583	1280	1776	3354	1113
2048	3583	1280	2020	3354	1113
2303	3583	1280	2270	3354	1112
2559	3583	1280	2521	3356	1113
2815	3583	1280	2768	3356	1112
3071	3583	1280	3013	3357	1113
3327	3583	1280	3251	3357	1111
3583	3583	1280	3495	3357	1109
3839	3583	1280	3740	3358	1108
4095	3583	1280	3989	3359	1104
0	3839	1280	45	3597	1112
256	3839	1280	293	3593	1111
512	3839	1280	539	3594	1111
768	3839	1280	786	3593	1112
1024	3839	1280	1033	3595	1112
1280	3839	1280	1283	3596	1112
1536	3839	1280	1529	3596	1111
1792	3839	1280	1774	3597	1112
2048	3839	1280	2018	3598	1111
2303	3839	1280	2269	3599	1111
2559	3839	1280	2520	3599	1111
2815	3839	1280	2767	3599	1110
3071	3839	1280	3012	3600	1110
3327	3839	1280	3251	3600	1109
3583	3839	1280	3495	3600	1109
3839	3839	1280	3740	3601	1105
4095	3839	1280	3988	3600	1103
0	4095	1280	44	3837	1110
256	4095	1280	292	3831	1108
512	4095	1280	537	3832	1109
768	4095	1280	785	3833	1108
1024	4095	1280	1031	3834	1109
1280	4095	1280	1281	3835	1108
1536	4095	1280	1527	3835	1108
1792	4095	1280	1774	3836	1109
2048	4095	1280	2017	3836	1107
2303	4095	1280	2269	3837	1108
2559	4095	1280	2520	3838	1107
2815	4095	1280	2767	3838	1108
3071	4095	1280	3012	3839	1107
3327	4095	1280	3253	3840	1107
3583	4095	1280	3496	3840	1105
3839	4095	1280	3742	3840	1103
4095	4095	1280	3989	3839	1101
0	0	1536	57	0	1353
256	0	1536	305	1	1352
512	0	1536	551	1	1351
768	0	1536	798	1	1351
1024	0	1536	1043	1	1350
1280	0	1536	1294	3	1350
1536	0	1536	1540	3	1350
1792	0	1536	1784	4	1349
2048	0	1536	2028	4	1348
2303	0	1536	2279	6	1349
2559	0	1536	2530	6	1348
2815	0	1536	2777	7	1347
3071	0	1536	3022	8	1347
3327	0	1536	3262	9	1345
3583	0	1536	3507	9	1344
3839	0	1536	3752	10	1342
4095	0	1536	4000	10	1338
0	256	1536	57	245	1353
256	256	1536	305	246	1351
512	256	1536	552	248	1351
768	256	1536	798	248	1350
1024	256	1536	1044	249	1350
1280	256	1536	1293	250	1349
1536	256	1536	1540	250	1349
1792	256	1536	1782	251	1348
2048	256	1536	2026	251	1347
2303	256	1536	2278	252	1348
2559	256	1536	2528	253	1347
2815	256	1536	2774	253	1346
3071	256	1536	3020	254	1346
3327	256	1536	3259	254	1345
3583	256	1536	3503	255	1344
3839	256	1536	3748	255	1342
4095	256	1536	3997	253	1339
0	512	1536	58	485	1351
256	512	1536	306	487	1351
512	512	1536	552	487	1349
768	512	1536	799	488	1349
1024	512	1536	1045	489	1349
1280	512	1536	1294	489	1348
1536	512	1536	1541	490	1349
1792	512	1536	1783	490	1347
2048	512	1536	2026	490	1346
2303	512	1536	2278	491	1346
2559	512	1536	2527	491	1346
2815	512	1536	2775	492	1345
3071	512	1536	3019	493	1345
3327	512	1536	3259	493	1344
3583	512	1536	3502	493	1343
3839	512	1536	3748	493	1341
4095	512	1536	3997	491	1337
0	768	1536	57	724	1348
256	768	1536	306	727	1349
512	768	1536	551	728	1348
768	768	1536	799	728	1349
1024	768	1536	1044	729	1348
1280	768	1536	1294	729	1347
1536	768	1536	1539	731	1347
1792	768	1536	1784	731	1347
2048	768	1536	2027	732	1346
2303	768	1536	2278	733	1346
2559	768	1536	2529	733	1346
2815	768	1536	2776	734	1345
3071	768	1536	3019	735	1345
3327	768	1536	3260	735	1344
3583	768	1536	3503	735	1343
3839	768	1536	3748	734	1341
4095	768	1536	3997	732	1338
0	1024	1536	57	965	1348
256	1024	1536	306	967	1348
512	1024	1536	552	968	1348
768	1024	1536	800	969	1348
1024	1024	1536	1044	969	1347
1280	1024	1536	1294	970	1347
1536	1024	1536	1541	972	1347
1792	1024	1536	1784	972	1347
2048	1024	1536	2028	973	1346
2303	1024	1536	2279	974	1346
2559	1024	1536	2531	974	1346
2815	1024	1536	2776	975	1346
3071	1024	1536	3020	975	1345
3327	1024	1536	3259	975	1344
3583	1024	1536	3503	975	1342
3839	1024	1536	3748	974	1341
4095	1024	1536	3998	972	1337
0	1280	1536	57	1208	1346
256	1280	1536	305	1210	1347
512	1280	1536	552	1212	1347
768	1280	1536	798	1212	1346
1024	1280	1536	1044	1213	1346
1280	1280	1536	1293	1213	1345
1536	1280	1536	1540	1216	1346
1792	1280	1536	1785	1216	1346
2048	1280	1536	2029	1217	1346
2303	1280	1536	2279	1218	1344
2559	1280	1536	2530	1218	1345
2815	1280	1536	2776	1219	1344
3071	1280	1536	3020	1218	1344
3327	1280	1536	3259	1219	1342
3583	1280	1536	3504	1220	1342
3839	1280	1536	3749	1219	1340
4095	1280	1536	3998	1217	1336
0	1536	1536	57	1447	1346
256	1536	1536	305	1450	1347
512	1536	1536	552	1450	1346
768	1536	1536	799	1451	1346
1024	1536	1536	1044	1451	1345
1280	1536	1536	1294	1453	1346
1536	1536	1536	1541	1454	1345
1792	1536	1536	1785	1455	1346
2048	1536	1536	2028	1456	1345
2303	1536	1536	2280	1457	1345
2559	1536	1536	2529	1456	1344
2815	1536	1536	2776	1458	1343
3071	1536	1536	3019	1457	1343
3327	1536	1536	3260	1458	1342
3583	1536	1536	3503	1458	1341
3839	1536	1536	3749	1458	1339
4095	1536	1536	3998	1457	1337
0	1792	1536	56	1684	1347
256	1792	1536	305	1685	1345
512	1792	1536	551	1686	1346
768	1792	1536	799	1687	1345
1024	1792	1536	1044	1688	1346
1280	1792	1536	1296	1691	1347
1536	1792	1536	1540	1690	1344
1792	1792	1536	1786	1691	1346
2048	1792	1536	2028	1692	1344
2303	1792	1536	2280	1692	1345
2559	1792	1536	2529	1693	1343
2815	1792	1536	2776	1694	1344
3071	1792	1536	3019	1693	1342
3327	1792	1536	3260	1695	1342
3583	1792	1536	3503	1694	1341
3839	1792	1536	3748	1694	1340
4095	1792	1536	3998	1694	1336
0	2048	1536	56	1924	1347
256	2048	1536	305	1923	1346
512	2048	1536	551	1925	1346
768	2048	1536	799	1926	1346
1024	2048	1536	1044	1926	1346
1280	2048	1536	1296	1930	1346
1536	2048	1536	1541	1929	1346
1792	2048	1536	1785	1930	1345
2048	2048	1536	2028	1930	1345
2303	2048	1536	2279	1931	1344
2559	2048	1536	2530	1931	1344
2815	2048	1536	2775	1932	1343
3071	2048	1536	3020	1932	1343
3327	2048	1536	3260	1934	1342
3583	2048	1536	3505	1934	1342
3839	2048	1536	3749	1934	1340
4095	2048	1536	3998	1933	1336
0	2303	1536	56	2162	1346
256	2303	1536	305	2160	1344
512	2303	1536	551	2162	1344
768	2303	1536	799	2164	1345
1024	2303	1536	1046	2164	1345
1280	2303	1536	1295	2165	1344
1536	2303	1536	1543	2166	1345
1792	2303	1536	1787	2167	1345
2048	2303	1536	2030	2168	1345
2303	2303	1536	2280	2168	1344
2559	2303	1536	2531	2168	1343
2815	2303	1536	2777	2169	1342
3071	2303	1536	3021	2169	1342
3327	2303	1536	3261	2170	1341
3583	2303	1536	3505	2170	1340
3839	2303	1536	3750	2170	1338
4095	2303	1536	3998	2170	1336
0	2559	1536	56	2406	1346
256	2559	1536	305	2402	1342
512	2559	1536	551	2404	1344
768	2559	1536	799	2407	1345
1024	2559	1536	1046	2408	1345
1280	2559	1536	1295	2408	1343
1536	2559	1536	1543	2409	1344
1792	2559	1536	1787	2410	1344
2048	2559	1536	2029	2411	1343
2303	2559	1536	2280	2411	1343
2559	2559	1536	2530	2411	1343
2815	2559	1536	2777	2412	1343
3071	2559	1536	3020	2412	1341
3327	2559	1536	3261	2414	1342
3583	2559	1536	3504	2414	1341
3839	2559	1536	3750	2414	1339
4095	2559	1536	3998	2414	1336
0	2815	1536	55	2653	1345
256	2815	1536	304	2649	1343
512	2815	1536	550	2650	1344
768	2815	1536	799	2652	1344
1024	2815	1536	1045	2654	1344
1280	2815	1536	1295	2654	1343
1536	2815	1536	1541	2655	1344
1792	2815	1536	1786	2656	1343
2048	2815	1536	2028	2656	1343
2303	2815	1536	2280	2657	1343
2559	2815	1536	2530	2658	1343
2815	2815	1536	2777	2657	1341
3071	2815	1536	3020	2658	1341
3327	2815	1536	3261	2660	1341
3583	2815	1536	3504	2661	1341
3839	2815	1536	3749	2661	1339
4095	2815	1536	3998	2661	1336
0	3071	1536	55	2891	1344
256	3071	1536	305	2889	1344
512	3071	1536	550	2890	1343
768	3071	1536	799	2890	1344
1024	3071	1536	1045	2892	1343
1280	3071	1536	1296	2893	1344
1536	3071	1536	1542	2893	1342
1792	3071	1536	1786	2894	1344
2048	3071	1536	2029	2894	1343
2303	3071	1536	2280	2896	1343
2559	3071	1536	2530	2896	1342
2815	3071	1536	2775	2895	1341
3071	3071	1536	3020	2896	1341
3327	3071	1536	3260	2897	1340
3583	3071	1536	3505	2898	1340
3839	3071	1536	3750	2899	1338
4095	3071	1536	3999	2899	1336
0	3327	1536	55	3125	1343
256	3327	1536	304	3124	1341
512	3327	1536	550	3124	1341
768	3327	1536	798	3124	1341
1024	3327	1536	1044	3125	1341
1280	3327	1536	1295	3126	1341
1536	3327	1536	1541	3126	1342
1792	3327	1536	1787	3128	1342
2048	3327	1536	2031	3129	1341
2303	3327	1536	2281	3130	1342
2559	3327	1536	2532	3130	1341
2815	3327	1536	2777	3130	1341
3071	3327	1536	3022	3131	1340
3327	3327	1536	3261	3131	1339
3583	3327	1536	3505	3132	1338
3839	3327	1536	3750	3133	1338
4095	3327	1536	3998	3132	1334
0	3583	1536	55	3354	1341
256	3583	1536	304	3351	1341
512	3583	1536	550	3352	1340
768	3583	1536	798	3352	1339
1024	3583	1536	1044	3353	1340
1280	3583	1536	1294	3353	1339
1536	3583	1536	1541	3355	1339
1792	3583	1536	1787	3356	1339
2048	3583	1536	2030	3356	1340
2303	3583	1536	2282	3358	1339
2559	3583	1536	2532	3357	1339
2815	3583	1536	2778	3358	1338
3071	3583	1536	3023	3360	1339
3327	3583	1536	3262	3359	1338
3583	3583	1536	3505	3360	1337
3839	3583	1536	3751	3361	1335
4095	3583	1536	3999	3360	1332
0	3839	1536	54	3599	1338
256	3839	1536	303	3596	1337
512	3839	1536	548	3596	1336
768	3839	1536	796	3596	1337
1024	3839	1536	1042	3597	1337
1280	3839	1536	1293	3598	1337
1536	3839	1536	1538	3598	1337
1792	3839	1536	1785	3600	1339
2048	3839	1536	2028	3600	1338
2303	3839	1536	2280	3601	1338
2559	3839	1536	2531	3601	1337
2815	3839	1536	2777	3602	1337
3071	3839	1536	3022	3603	1338
3327	3839	1536	3262	3603	1336
3583	3839	1536	3505	3603	1336
3839	3839	1536	3751	3603	1333
4095	3839	1536	3999	3603	1330
0	4095	1536	53	3838	1336
256	4095	1536	301	3834	1334
512	4095	1536	546	3834	1335
768	4095	1536	794	3835	1334
1024	4095	1536	1040	3836	1335
1280	4095	1536	1291	3837	1335
1536	4095	1536	1538	3838	1335
1792	4095	1536	1785	3839	1335
2048	4095	1536	2029	3840	1334
2303	4095	1536	2279	3840	1335
2559	4095	1536	2530	3840	1334
2815	4095	1536	2777	3841	1334
3071	4095	1536	3024	3841	1334
3327	4095	1536	3263	3842	1334
3583	4095	1536	3508	3843	1332
3839	4095	1536	3752	3843	1331
4095	4095	1536	4001	3842	1327
0	0	1792	67	0	1577
256	0	1792	314	1	1577
512	0	1792	560	1	1575
768	0	1792	807	1	1575
1024	0	1792	1054	1	1574
1280	0	1792	1302	2	1573
1536	0	1792	1549	3	1573
1792	0	1792	1794	3	1572
2048	0	1792	2037	4	1571
2303	0	1792	2290	5	1572
2559	0	1792	2541	5	1572
2815	0	1792	2788	6	1573
3071	0	1792	3033	7	1571
3327	0	1792	3273	8	1569
3583	0	1792	3516	9	1568
3839	0	1792	3763	9	1566
4095	0	1792	4011	10	1563
0	256	1792	66	245	1576
256	256	1792	314	246	1575
512	256	1792	561	247	1575
768	256	1792	808	248	1574
1024	256	1792	1054	249	1574
1280	256	1792	1304	249	1573
1536	256	1792	1548	250	1573
1792	256	1792	1792	249	1571
2048	256	1792	2035	251	1570
2303	256	1792	2288	252	1571
2559	256	1792	2539	252	1571
2815	256	1792	2786	253	1572
3071	256	1792	3030	253	1570
3327	256	1792	3269	254	1569
3583	256	1792	3513	255	1567
3839	256	1792	3759	254	1566
4095	256	1792	4008	253	1563
0	512	1792	67	485	1575
256	512	1792	315	487	1575
512	512	1792	561	486	1573
768	512	1792	810	488	1573
1024	512	1792	1054	488	1573
1280	512	1792	1305	489	1572
1536	512	1792	1549	490	1572
1792	512	1792	1792	489	1568
2048	512	1792	2035	490	1569
2303	512	1792	2288	491	1569
2559	512	1792	2539	491	1569
2815	512	1792	2784	492	1568
3071	512	1792	3029	492	1569
3327	512	1792	3268	493	1567
3583	512	1792	3514	493	1567
3839	512	1792	3759	492	1564
4095	512	1792	4009	491	1562
0	768	1792	67	725	1572
256	768	1792	314	727	1573
512	768	1792	561	727	1571
768	768	1792	808	729	1572
1024	768	1792	1054	729	1571
1280	768	1792	1303	730	1571
1536	768	1792	1549	731	1570
1792	768	1792	1793	730	1570
2048	768	1792	2037	732	1570
2303	768	1792	2289	732	1570
2559	768	1792	2540	733	1570
2815	768	1792	2786	734	1570
3071	768	1792	3029	734	1568
3327	768	1792	3269	735	1568
3583	768	1792	3514	734	1567
3839	768	1792	3759	734	1565
4095	768	1792	4008	733	1563
0	1024	1792	67	966	1572
256	1024	1792	315	967	1572
512	1024	1792	562	969	1572
768	1024	1792	809	970	1572
1024	1024	1792	1055	969	1571
1280	1024	1792	1304	971	1571
1536	1024	1792	1551	972	1572
1792	1024	1792	1796	973	1572
2048	1024	1792	2039	974	1571
2303	1024	1792	2290	974	1571
2559	1024	1792	2540	975	1570
2815	1024	1792	2786	976	1570
3071	1024	1792	3030	975	1569
3327	1024	1792	3270	976	1569
3583	1024	1792	3513	975	1567
3839	1024	1792	3759	975	1566
4095	1024	1792	4008	974	1562
0	1280	1792	66	1210	1571
256	1280	1792	315	1211	1571
512	1280	1792	561	1213	1571
768	1280	1792	809	1214	1570
1024	1280	1792	1054	1214	1571
1280	1280	1792	1304	1215	1569
1536	1280	1792	1550	1216	1570
1792	1280	1792	1795	1217	1569
2048	1280	1792	2039	1219	1571
2303	1280	1792	2291	1218	1569
2559	1280	1792	2540	1219	1569
2815	1280	1792	2787	1219	1568
3071	1280	1792	3030	1219	1567
3327	1280	1792	3270	1220	1566
3583	1280	1792	3514	1219	1566
3839	1280	1792	3760	1220	1564
4095	1280	1792	4009	1218	1562
0	1536	1792	66	1449	1570
256	1536	1792	315	1450	1571
512	1536	1792	561	1451	1570
768	1536	1792	809	1452	1570
1024	1536	1792	1055	1454	1571
1280	1536	1792	1305	1454	1570
1536	1536	1792	1550	1455	1570
1792	1536	1792	1796	1455	1570
2048	1536	1792	2039	1457	1569
2303	1536	1792	2290	1457	1569
2559	1536	1792	2540	1458	1568
2815	1536	1792	2786	1458	1568
3071	1536	1792	3030	1458	1567
3327	1536	1792	3270	1460	1567
3583	1536	1792	3514	1458	1565
3839	1536	1792	3759	1459	1563
4095	1536	1792	4009	1457	1561
0	1792	1792	66	1685	1570
256	1792	1792	314	1686	1569
512	1792	1792	561	1687	1570
768	1792	1792	809	1689	1571
1024	1792	1792	1056	1691	1572
1280	1792	1792	1305	1692	1571
1536	1792	1792	1551	1691	1570
1792	1792	1792	1795	1692	1570
2048	1792	1792	2039	1692	1568
2303	1792	1792	2290	1694	1569
2559	1792	1792	2541	1694	1568
2815	1792	1792	2787	1694	1568
3071	1792	1792	3031	1695	1567
3327	1792	1792	3271	1696	1567
3583	1792	1792	3515	1696	1566
3839	1792	1792	3759	1695	1564
4095	1792	1792	4008	1694	1561
0	2048	1792	66	1924	1570
256	2048	1792	314	1923	1569
512	2048	1792	561	1926	1570
768	2048	1792	809	1927	1570
1024	2048	1792	1056	1929	1570
1280	2048	1792	1306	1929	1569
1536	2048	1792	1551	1930	1569
1792	2048	1792	1795	1931	1568
2048	2048	1792	2039	1931	1570
2303	2048	1792	2290	1932	1568
2559	2048	1792	2540	1932	1568
2815	2048	1792	2787	1933	1567
3071	2048	1792	3030	1934	1568
3327	2048	1792	3271	1935	1567
3583	2048	1792	3514	1935	1567
3839	2048	1792	3759	1935	1565
4095	2048	1792	4007	1933	1561
0	2303	1792	66	2161	1568
256	2303	1792	314	2160	1567
512	2303	1792	561	2163	1568
768	2303	1792	809	2163	1569
1024	2303	1792	1055	2165	1569
1280	2303	1792	1306	2165	1568
1536	2303	1792	1552	2167	1569
1792	2303	1792	1796	2167	1569
2048	2303	1792	2040	2168	1568
2303	2303	1792	2291	2169	1568
2559	2303	1792	2541	2169	1567
2815	2303	1792	2787	2169	1567
3071	2303	1792	3031	2170	1566
3327	2303	1792	3271	2171	1565
3583	2303	1792	3515	2172	1565
3839	2303	1792	3761	2172	1564
4095	2303	1792	4009	2171	1561
0	2559	1792	65	2406	1570
256	2559	1792	314	2404	1568
512	2559	1792	561	2407	1568
768	2559	1792	810	2407	1569
1024	2559	1792	1056	2409	1569
1280	2559	1792	1306	2409	1568
1536	2559	1792	1552	2411	1568
1792	2559	1792	1797	2412	1568
2048	2559	1792	2040	2411	1567
2303	2559	1792	2290	2412	1567
2559	2559	1792	2542	2412	1567
2815	2559	1792	2787	2413	1566
3071	2559	1792	3031	2414	1565
3327	2559	1792	3271	2414	1566
3583	2559	1792	3515	2416	1565
3839	2559	1792	3761	2416	1564
4095	2559	1792	4010	2415	1561
0	2815	1792	65	2654	1569
256	2815	1792	313	2652	1568
512	2815	1792	560	2652	1567
768	2815	1792	808	2654	1569
1024	2815	1792	1055	2656	1569
1280	2815	1792	1305	2656	1567
1536	2815	1792	1551	2657	1567
1792	2815	1792	1796	2657	1568
2048	2815	1792	2039	2657	1566
2303	2815	1792	2290	2658	1567
2559	2815	1792	2542	2659	1567
2815	2815	1792	2786	2659	1566
3071	2815	1792	3032	2660	1566
3327	2815	1792	3271	2661	1566
3583	2815	1792	3516	2662	1565
3839	2815	1792	3761	2662	1563
4095	2815	1792	4009	2662	1561
0	3071	1792	65	2892	1567
256	3071	1792	313	2890	1567
512	3071	1792	560	2891	1567
768	3071	1792	808	2892	1567
1024	3071	1792	1055	2893	1566
1280	3071	1792	1305	2893	1566
1536	3071	1792	1551	2894	1565
1792	3071	1792	1797	2895	1566
2048	3071	1792	2039	2895	1567
2303	3071	1792	2292	2898	1567
2559	3071	1792	2541	2897	1566
2815	3071	1792	2787	2897	1567
3071	3071	1792	3031	2898	1565
3327	3071	1792	3272	2899	1564
3583	3071	1792	3515	2900	1564
3839	3071	1792	3761	2900	1563
4095	3071	1792	4009	2900	1561
0	3327	1792	65	3127	1566
256	3327	1792	314	3125	1565
512	3327	1792	560	3126	1565
768	3327	1792	808	3126	1566
1024	3327	1792	1054	3126	1567
1280	3327	1792	1305	3127	1565
1536	3327	1792	1550	3128	1566
1792	3327	1792	1796	3128	1565
2048	3327	1792	2041	3130	1565
2303	3327	1792	2293	3132	1565
2559	3327	1792	2542	3131	1564
2815	3327	1792	2789	3132	1565
3071	3327	1792	3032	3131	1564
3327	3327	1792	3272	3132	1563
3583	3327	1792	3515	3133	1562
3839	3327	1792	3761	3134	1562
4095	3327	1792	4010	3134	1559
0	3583	1792	64	3355	1564
256	3583	1792	314	3353	1564
512	3583	1792	559	3352	1564
768	3583	1792	809	3354	1565
1024	3583	1792	1055	3355	1563
1280	3583	1792	1306	3356	1564
1536	3583	1792	1551	3357	1564
1792	3583	1792	1797	3357	1563
2048	3583	1792	2041	3358	1564
2303	3583	1792	2292	3358	1563
2559	3583	1792	2543	3359	1564
2815	3583	1792	2788	3360	1564
3071	3583	1792	3034	3360	1564
3327	3583	1792	3272	3360	1564
3583	3583	1792	3516	3360	1562
3839	3583	1792	3761	3362	1560
4095	3583	1792	4011	3362	1558
0	3839	1792	64	3600	1562
256	3839	1792	312	3596	1560
512	3839	1792	558	3597	1561
768	3839	1792	806	3597	1562
1024	3839	1792	1052	3597	1561
1280	3839	1792	1303	3600	1562
1536	3839	1792	1550	3600	1561
1792	3839	1792	1795	3600	1563
2048	3839	1792	2040	3602	1563
2303	3839	1792	2290	3602	1562
2559	3839	1792	2543	3603	1561
2815	3839	1792	2789	3604	1563
3071	3839	1792	3034	3604	1563
3327	3839	1792	3274	3606	1562
3583	3839	1792	3517	3604	1560
3839	3839	1792	3762	3605	1558
4095	3839	1792	4011	3605	1556
0	4095	1792	63	3839	1560
256	4095	1792	310	3834	1558
512	4095	1792	557	3836	1558
768	4095	1792	804	3837	1558
1024	4095	1792	1051	3837	1559
1280	4095	1792	1302	3839	1559
1536	4095	1792	1548	3838	1559
1792	4095	1792	1796	3840	1559
2048	4095	1792	2039	3842	1560
2303	4095	1792	2291	3841	1559
2559	4095	1792	2540	3841	1558
2815	4095	1792	2789	3842	1558
3071	4095	1792	3034	3843	1558
3327	4095	1792	3274	3844	1559
3583	4095	1792	3518	3844	1557
3839	4095	1792	3764	3844	1556
4095	4095	1792	4011	3844	1552
0	0	2048	76	0	1804
256	0	2048	323	1	1803
512	0	2048	569	1	1802
768	0	2048	817	1	1802
1024	0	2048	1063	2	1801
1280	0	2048	1313	2	1801
1536	0	2048	1559	2	1801
1792	0	2048	1804	3	1800
2048	0	2048	2048	4	1798
2303	0	2048	2301	5	1799
2559	0	2048	2551	6	1800
2815	0	2048	2797	6	1799
3071	0	2048	3043	7	1798
3327	0	2048	3282	8	1797
3583	0	2048	3528	8	1795
3839	0	2048	3773	9	1794
4095	0	2048	4022	10	1792
0	256	2048	76	245	1803
256	256	2048	323	246	1802
512	256	2048	570	247	1802
768	256	2048	817	247	1800
1024	256	2048	1064	248	1801
1280	256	2048	1313	250	1800
1536	256	2048	1559	250	1800
1792	256	2048	1803	250	1799
2048	256	2048	2046	251	1798
2303	256	2048	2299	252	1798
2559	256	2048	2551	253	1799
2815	256	2048	2795	253	1798
3071	256	2048	3040	254	1797
3327	256	2048	3279	255	1797
3583	256	2048	3523	254	1794
3839	256	2048	3769	255	1794
4095	256	2048	4019	253	1792
0	512	2048	77	486	1802
256	512	2048	324	487	1802
512	512	2048	571	488	1801
768	512	2048	818	487	1800
1024	512	2048	1065	489	1800
1280	512	2048	1313	489	1798
1536	512	2048	1561	490	1799
1792	512	2048	1803	490	1797
2048	512	2048	2048	490	1798
2303	512	2048	2300	492	1797
2559	512	2048	2550	493	1798
2815	512	2048	2796	492	1797
3071	512	2048	3040	493	1797
3327	512	2048	3280	494	1796
3583	512	2048	3524	493	1795
3839	512	2048	3770	493	1792
4095	512	2048	4019	491	1790
0	768	2048	77	725	1800
256	768	2048	324	728	1800
512	768	2048	571	729	1800
768	768	2048	818	729	1799
1024	768	2048	1063	729	1797
1280	768	2048	1313	730	1797
1536	768	2048	1559	731	1797
1792	768	2048	1803	731	1797
2048	768	2048	2048	732	1798
2303	768	2048	2300	733	1798
2559	768	2048	2550	734	1797
2815	768	2048	2796	734	1797
3071	768	2048	3041	736	1798
3327	768	2048	3280	735	1797
3583	768	2048	3524	735	1795
3839	768	2048	3769	735	1792
4095	768	2048	4018	733	1791
0	1024	2048	76	965	1799
256	1024	2048	324	968	1798
512	1024	2048	571	970	1799
768	1024	2048	819	970	1798
1024	1024	2048	1065	971	1799
1280	1024	2048	1314	971	1797
1536	1024	2048	1560	973	1799
1792	1024	2048	1805	974	1798
2048	1024	2048	2048	974	1799
2303	1024	2048	2301	975	1798
2559	1024	2048	2551	976	1798
2815	1024	2048	2797	976	1799
3071	1024	2048	3042	977	1797
3327	1024	2048	3280	977	1797
3583	1024	2048	3525	977	1795
3839	1024	2048	3770	977	1794
4095	1024	2048	4020	974	1790
0	1280	2048	76	1210	1798
256	1280	2048	323	1211	1797
512	1280	2048	571	1214	1798
768	1280	2048	819	1215	1799
1024	1280	2048	1066	1216	1798
1280	1280	2048	1314	1216	1797
1536	1280	2048	1561	1218	1798
1792	1280	2048	1805	1219	1798
2048	1280	2048	2049	1219	1799
2303	1280	2048	2301	1220	1797
2559	1280	2048	2552	1220	1797
2815	1280	2048	2797	1221	1796
3071	1280	2048	3041	1221	1795
3327	1280	2048	3280	1221	1794
3583	1280	2048	3525	1221	1793
3839	1280	2048	3770	1221	1792
4095	1280	2048	4020	1218	1789
0	1536	2048	76	1449	1797
256	1536	2048	323	1450	1796
512	1536	2048	571	1451	1796
768	1536	2048	819	1453	1797
1024	1536	2048	1065	1454	1795
1280	1536	2048	1314	1454	1796
1536	1536	2048	1561	1456	1796
1792	1536	2048	1805	1456	1796
2048	1536	2048	2048	1457	1796
2303	1536	2048	2301	1459	1797
2559	1536	2048	2550	1458	1795
2815	1536	2048	2797	1459	1796
3071	1536	2048	3040	1459	1794
3327	1536	2048	3280	1459	1794
3583	1536	2048	3524	1460	1793
3839	1536	2048	3769	1460	1792
4095	1536	2048	4018	1459	1790
0	1792	2048	76	1685	1797
256	1792	2048	323	1686	1794
512	1792	2048	570	1688	1797
768	1792	2048	818	1689	1797
1024	1792	2048	1064	1691	1798
1280	1792	2048	1315	1691	1797
1536	1792	2048	1561	1693	1798
1792	1792	2048	1805	1692	1797
2048	1792	2048	2047	1692	1795
2303	1792	2048	2301	1695	1796
2559	1792	2048	2550	1694	1795
2815	1792	2048	2796	1695	1794
3071	1792	2048	3041	1696	1795
3327	1792	2048	3281	1697	1795
3583	1792	2048	3524	1697	1793
3839	1792	2048	3769	1697	1792
4095	1792	2048	4018	1696	1789
0	2048	2048	75	1924	1796
256	2048	2048	323	1924	1795
512	2048	2048	570	1926	1796
768	2048	2048	819	1928	1797
1024	2048	2048	1066	1930	1798
1280	2048	2048	1316	1930	1797
1536	2048	2048	1562	1932	1797
1792	2048	2048	1807	1932	1797
2048	2048	2048	2048	1931	1796
2303	2048	2048	2301	1934	1795
2559	2048	2048	2550	1933	1795
2815	2048	2048	2796	1934	1795
3071	2048	2048	3041	1935	1794
3327	2048	2048	3281	1937	1795
3583	2048	2048	3525	1937	1795
3839	2048	2048	3769	1936	1792
4095	2048	2048	4019	1935	1789
0	2303	2048	75	2162	1796
256	2303	2048	324	2162	1794
512	2303	2048	570	2163	1795
768	2303	2048	818	2165	1796
1024	2303	2048	1066	2166	1795
1280	2303	2048	1315	2167	1795
1536	2303	2048	1562	2169	1796
1792	2303	2048	1806	2169	1795
2048	2303	2048	2048	2169	1794
2303	2303	2048	2301	2170	1796
2559	2303	2048	2552	2170	1795
2815	2303	2048	2797	2171	1794
3071	2303	2048	3042	2171	1793
3327	2303	2048	3281	2173	1793
3583	2303	2048	3526	2174	1792
3839	2303	2048	3770	2173	1790
4095	2303	2048	4020	2172	1789
0	2559	2048	75	2406	1796
256	2559	2048	323	2406	1794
512	2559	2048	571	2407	1796
768	2559	2048	818	2409	1795
1024	2559	2048	1065	2409	1796
1280	2559	2048	1315	2410	1795
1536	2559	2048	1561	2412	1794
1792	2559	2048	1806	2412	1794
2048	2559	2048	2049	2413	1796
2303	2559	2048	2301	2413	1794
2559	2559	2048	2552	2414	1794
2815	2559	2048	2798	2415	1794
3071	2559	2048	3042	2415	1793
3327	2559	2048	3281	2417	1793
3583	2559	2048	3525	2416	1792
3839	2559	2048	3771	2417	1791
4095	2559	2048	4020	2417	1788
0	2815	2048	75	2654	1795
256	2815	2048	323	2652	1794
512	2815	2048	569	2654	1794
768	2815	2048	818	2655	1795
1024	2815	2048	1064	2656	1796
1280	2815	2048	1315	2656	1795
1536	2815	2048	1559	2656	1793
1792	2815	2048	1805	2658	1792
2048	2815	2048	2048	2659	1791
2303	2815	2048	2300	2659	1793
2559	2815	2048	2551	2660	1794
2815	2815	2048	2798	2662	1794
3071	2815	2048	3042	2662	1794
3327	2815	2048	3281	2663	1793
3583	2815	2048	3525	2662	1791
3839	2815	2048	3771	2664	1791
4095	2815	2048	4019	2663	1789
0	3071	2048	74	2893	1795
256	3071	2048	323	2891	1793
512	3071	2048	569	2892	1794
768	3071	2048	818	2893	1794
1024	3071	2048	1065	2894	1794
1280	3071	2048	1315	2895	1794
1536	3071	2048	1560	2895	1793
1792	3071	2048	1805	2896	1793
2048	3071	2048	2048	2896	1794
2303	3071	2048	2302	2898	1794
2559	3071	2048	2551	2898	1793
2815	3071	2048	2797	2899	1794
3071	3071	2048	3042	2900	1793
3327	3071	2048	3281	2901	1793
3583	3071	2048	3526	2901	1792
3839	3071	2048	3771	2902	1790
4095	3071	2048	4020	2901	1788
0	3327	2048	74	3128	1793
256	3327	2048	323	3125	1791
512	3327	2048	570	3128	1793
768	3327	2048	817	3126	1792
1024	3327	2048	1065	3128	1793
1280	3327	2048	1315	3129	1793
1536	3327	2048	1561	3129	1793
1792	3327	2048	1806	3130	1791
2048	3327	2048	2050	3132	1792
2303	3327	2048	2302	3132	1792
2559	3327	2048	2552	3132	1791
2815	3327	2048	2798	3132	1791
3071	3327	2048	3043	3133	1791
3327	3327	2048	3282	3134	1791
3583	3327	2048	3527	3135	1790
3839	3327	2048	3771	3136	1790
4095	3327	2048	4021	3135	1786
0	3583	2048	74	3357	1792
256	3583	2048	322	3354	1791
512	3583	2048	570	3355	1791
768	3583	2048	818	3355	1792
1024	3583	2048	1065	3356	1791
1280	3583	2048	1316	3358	1791
1536	3583	2048	1562	3357	1791
1792	3583	2048	1805	3358	1789
2048	3583	2048	2049	3358	1790
2303	3583	2048	2302	3360	1789
2559	3583	2048	2552	3361	1791
2815	3583	2048	2799	3360	1789
3071	3583	2048	3042	3361	1790
3327	3583	2048	3282	3361	1789
3583	3583	2048	3526	3362	1790
3839	3583	2048	3772	3364	1789
4095	3583	2048	4020	3363	1787
0	3839	2048	74	3601	1791
256	3839	2048	321	3598	1788
512	3839	2048	567	3599	1787
768	3839	2048	817	3600	1788
1024	3839	2048	1062	3600	1789
1280	3839	2048	1313	3601	1790
1536	3839	2048	1559	3601	1787
1792	3839	2048	1804	3602	1789
2048	3839	2048	2048	3602	1789
2303	3839	2048	2300	3602	1787
2559	3839	2048	2552	3604	1787
2815	3839	2048	2798	3604	1789
3071	3839	2048	3043	3605	1789
3327	3839	2048	3282	3605	1789
3583	3839	2048	3527	3607	1787
3839	3839	2048	3772	3608	1784
4095	3839	2048	4021	3607	1782
0	4095	2048	72	3841	1787
256	4095	2048	320	3837	1784
512	4095	2048	565	3838	1784
768	4095	2048	814	3838	1784
1024	4095	2048	1061	3840	1786
1280	4095	2048	1313	3839	1785
1536	4095	2048	1557	3840	1786
1792	4095	2048	1805	3841	1785
2048	4095	2048	2048	3842	1787
2303	4095	2048	2299	3842	1784
2559	4095	2048	2551	3842	1783
2815	4095	2048	2798	3844	1784
3071	4095	2048	3044	3845	1784
3327	4095	2048	3284	3845	1785
3583	4095	2048	3528	3845	1784
3839	4095	2048	3772	3845	1783
4095	4095	2048	4021	3844	1780
0	0	2303	86	1	2031
256	0	2303	332	1	2030
512	0	2303	580	1	2030
768	0	2303	826	2	2029
1024	0	2303	1074	2	2030
1280	0	2303	1325	2	2031
1536	0	2303	1571	2	2030
1792	0	2303	1815	3	2029
2048	0	2303	2057	3	2030
2303	0	2303	2312	5	2030
2559	0	2303	2561	5	2028
2815	0	2303	2808	6	2028
3071	0	2303	3052	7	2027
3327	0	2303	3292	8	2025
3583	0	2303	3536	9	2024
3839	0	2303	3782	10	2023
4095	0	2303	4030	9	2017
0	256	2303	86	244	2027
256	256	2303	331	245	2023
512	256	2303	577	245	2024
768	256	2303	824	246	2023
1024	256	2303	1071	248	2026
1280	256	2303	1321	248	2030
1536	256	2303	1566	249	2030
1792	256	2303	1812	251	2029
2048	256	2303	2054	251	2028
2303	256	2303	2308	252	2029
2559	256	2303	2557	252	2029
2815	256	2303	2803	253	2027
3071	256	2303	3049	254	2027
3327	256	2303	3290	255	2026
3583	256	2303	3534	255	2023
3839	256	2303	3780	254	2023
4095	256	2303	4028	253	2020
0	512	2303	85	484	2027
256	512	2303	332	485	2026
512	512	2303	578	485	2024
768	512	2303	826	487	2025
1024	512	2303	1072	488	2025
1280	512	2303	1323	488	2025
1536	512	2303	1568	489	2024
1792	512	2303	1812	489	2025
2048	512	2303	2056	491	2023
2303	512	2303	2310	493	2024
2559	512	2303	2559	492	2023
2815	512	2303	2804	493	2022
3071	512	2303	3050	494	2021
3327	512	2303	3290	494	2024
3583	512	2303	3535	494	2024
3839	512	2303	3779	493	2021
4095	512	2303	4029	491	2020
0	768	2303	85	725	2026
256	768	2303	332	727	2025
512	768	2303	580	728	2027
768	768	2303	827	729	2024
1024	768	2303	1074	730	2025
1280	768	2303	1322	730	2024
1536	768	2303	1568	730	2023
1792	768	2303	1811	730	2022
2048	768	2303	2055	731	2024
2303	768	2303	2308	733	2024
2559	768	2303	2559	733	2023
2815	768	2303	2803	733	2023
3071	768	2303	3049	733	2022
3327	768	2303	3288	735	2023
3583	768	2303	3534	735	2022
3839	768	2303	3778	734	2021
4095	768	2303	4029	732	2018
0	1024	2303	85	967	2026
256	1024	2303	332	967	2024
512	1024	2303	580	969	2026
768	1024	2303	828	971	2025
1024	1024	2303	1075	971	2025
1280	1024	2303	1324	972	2023
1536	1024	2303	1569	972	2022
1792	1024	2303	1813	973	2021
2048	1024	2303	2056	973	2022
2303	1024	2303	2309	974	2021
2559	1024	2303	2559	975	2021
2815	1024	2303	2804	975	2021
3071	1024	2303	3050	976	2020
3327	1024	2303	3289	977	2020
3583	1024	2303	3533	976	2019
3839	1024	2303	3779	976	2019
4095	1024	2303	4029	974	2016
0	1280	2303	85	1211	2025
256	1280	2303	332	1212	2024
512	1280	2303	579	1213	2025
768	1280	2303	828	1216	2026
1024	1280	2303	1075	1217	2025
1280	1280	2303	1325	1217	2025
1536	1280	2303	1569	1217	2023
1792	1280	2303	1815	1218	2024
2048	1280	2303	2056	1219	2022
2303	1280	2303	2311	1220	2022
2559	1280	2303	2561	1221	2023
2815	1280	2303	2807	1222	2022
3071	1280	2303	3051	1222	2022
3327	1280	2303	3290	1223	2022
3583	1280	2303	3534	1222	2021
3839	1280	2303	3780	1221	2019
4095	1280	2303	4029	1220	2019
0	1536	2303	84	1450	2025
256	1536	2303	332	1450	2023
512	1536	2303	579	1453	2024
768	1536	2303	828	1455	2024
1024	1536	2303	1074	1455	2026
1280	1536	2303	1324	1456	2024
1536	1536	2303	1569	1455	2022
1792	1536	2303	1815	1458	2023
2048	1536	2303	2058	1459	2023
2303	1536	2303	2311	1459	2023
2559	1536	2303	2561	1460	2023
2815	1536	2303	2807	1461	2023
3071	1536	2303	3052	1462	2022
3327	1536	2303	3290	1463	2023
3583	1536	2303	3535	1462	2022
3839	1536	2303	3779	1461	2020
4095	1536	2303	4029	1461	2017
0	1792	2303	85	1687	2024
256	1792	2303	332	1686	2022
512	1792	2303	579	1689	2024
768	1792	2303	826	1689	2023
1024	1792	2303	1074	1690	2023
1280	1792	2303	1323	1692	2023
1536	1792	2303	1570	1692	2023
1792	1792	2303	1814	1694	2023
2048	1792	2303	2057	1695	2024
2303	1792	2303	2310	1695	2023
2559	1792	2303	2560	1696	2022
2815	1792	2303	2806	1696	2022
3071	1792	2303	3050	1696	2023
3327	1792	2303	3289	1698	2022
3583	1792	2303	3535	1698	2021
3839	1792	2303	3779	1697	2020
4095	1792	2303	4029	1696	2017
0	2048	2303	85	1926	2023
256	2048	2303	332	1926	2022
512	2048	2303	580	1928	2021
768	2048	2303	826	1927	2021
1024	2048	2303	1075	1930	2022
1280	2048	2303	1324	1930	2023
1536	2048	2303	1571	1931	2022
1792	2048	2303	1815	1933	2022
2048	2048	2303	2056	1932	2021
2303	2048	2303	2310	1934	2021
2559	2048	2303	2560	1934	2021
2815	2048	2303	2805	1933	2020
3071	2048	2303	3048	1933	2019
3327	2048	2303	3289	1936	2019
3583	2048	2303	3533	1935	2019
3839	2048	2303	3779	1936	2017
4095	2048	2303	4029	1934	2016
0	2303	2303	85	2164	2024
256	2303	2303	333	2164	2023
512	2303	2303	580	2166	2023
768	2303	2303	828	2165	2023
1024	2303	2303	1075	2168	2023
1280	2303	2303	1325	2168	2022
1536	2303	2303	1571	2169	2023
1792	2303	2303	1817	2171	2022
2048	2303	2303	2057	2168	2020
2303	2303	2303	2311	2170	2020
2559	2303	2303	2560	2171	2020
2815	2303	2303	2806	2171	2020
3071	2303	2303	3050	2172	2017
3327	2303	2303	3290	2173	2018
3583	2303	2303	3535	2172	2017
3839	2303	2303	3781	2174	2017
4095	2303	2303	4030	2171	2015
0	2559	2303	84	2409	2022
256	2559	2303	334	2409	2022
512	2559	2303	580	2410	2021
768	2559	2303	828	2409	2021
1024	2559	2303	1075	2411	2022
1280	2559	2303	1325	2412	2022
1536	2559	2303	1571	2412	2022
1792	2559	2303	1816	2413	2021
2048	2559	2303	2058	2413	2020
2303	2559	2303	2312	2414	2019
2559	2559	2303	2561	2415	2019
2815	2559	2303	2806	2415	2019
3071	2559	2303	3051	2416	2019
3327	2559	2303	3289	2416	2017
3583	2559	2303	3535	2417	2016
3839	2559	2303	3781	2418	2017
4095	2559	2303	4031	2416	2013
0	2815	2303	84	2655	2023
256	2815	2303	332	2656	2023
512	2815	2303	580	2657	2021
768	2815	2303	827	2656	2022
1024	2815	2303	1075	2658	2020
1280	2815	2303	1323	2657	2020
1536	2815	2303	1570	2658	2020
1792	2815	2303	1814	2659	2021
2048	2815	2303	2058	2659	2021
2303	2815	2303	2311	2661	2021
2559	2815	2303	2561	2662	2020
2815	2815	2303	2806	2661	2018
3071	2815	2303	3050	2661	2017
3327	2815	2303	3289	2662	2016
3583	2815	2303	3534	2662	2015
3839	2815	2303	3780	2664	2015
4095	2815	2303	4031	2663	2014
0	3071	2303	84	2894	2022
256	3071	2303	332	2894	2021
512	3071	2303	580	2895	2021
768	3071	2303	827	2895	2021
1024	3071	2303	1075	2896	2021
1280	3071	2303	1325	2896	2020
1536	3071	2303	1571	2897	2020
1792	3071	2303	1815	2898	2018
2048	3071	2303	2057	2896	2018
2303	3071	2303	2310	2898	2018
2559	3071	2303	2560	2898	2018
2815	3071	2303	2806	2899	2018
3071	3071	2303	3050	2900	2016
3327	3071	2303	3290	2900	2016
3583	3071	2303	3535	2901	2014
3839	3071	2303	3781	2901	2015
4095	3071	2303	4030	2901	2012
0	3327	2303	84	3130	2020
256	3327	2303	332	3128	2020
512	3327	2303	579	3129	2020
768	3327	2303	827	3130	2020
1024	3327	2303	1074	3131	2021
1280	3327	2303	1326	3131	2018
1536	3327	2303	1570	3130	2020
1792	3327	2303	1816	3133	2017
2048	3327	2303	2056	3131	2017
2303	3327	2303	2310	3132	2016
2559	3327	2303	2560	3132	2016
2815	3327	2303	2806	3133	2016
3071	3327	2303	3051	3134	2016
3327	3327	2303	3291	3134	2015
3583	3327	2303	3536	3137	2016
3839	3327	2303	3782	3136	2014
4095	3327	2303	4030	3135	2011
0	3583	2303	83	3359	2019
256	3583	2303	332	3357	2018
512	3583	2303	579	3356	2017
768	3583	2303	827	3357	2018
1024	3583	2303	1074	3358	2018
1280	3583	2303	1325	3359	2018
1536	3583	2303	1570	3359	2016
1792	3583	2303	1815	3359	2016
2048	3583	2303	2057	3360	2015
2303	3583	2303	2310	3360	2014
2559	3583	2303	2560	3360	2013
2815	3583	2303	2807	3362	2014
3071	3583	2303	3052	3362	2014
3327	3583	2303	3291	3363	2013
3583	3583	2303	3536	3364	2014
3839	3583	2303	3781	3364	2012
4095	3583	2303	4030	3364	2010
0	3839	2303	83	3603	2019
256	3839	2303	331	3601	2017
512	3839	2303	577	3600	2017
768	3839	2303	825	3602	2016
1024	3839	2303	1072	3602	2018
1280	3839	2303	1323	3603	2017
1536	3839	2303	1570	3604	2015
1792	3839	2303	1813	3604	2016
2048	3839	2303	2057	3605	2014
2303	3839	2303	2309	3605	2014
2559	3839	2303	2562	3606	2014
2815	3839	2303	2808	3607	2015
3071	3839	2303	3052	3607	2013
3327	3839	2303	3291	3608	2013
3583	3839	2303	3536	3608	2011
3839	3839	2303	3781	3607	2012
4095	3839	2303	4031	3607	2009
0	4095	2303	82	3842	2016
256	4095	2303	329	3839	2014
512	4095	2303	575	3839	2014
768	4095	2303	823	3840	2013
1024	4095	2303	1070	3840	2013
1280	4095	2303	1320	3840	2013
1536	4095	2303	1567	3842	2013
1792	4095	2303	1812	3842	2012
2048	4095	2303	2056	3843	2013
2303	4095	2303	2309	3843	2012
2559	4095	2303	2560	3844	2013
2815	4095	2303	2806	3844	2011
3071	4095	2303	3051	3845	2012
3327	4095	2303	3292	3846	2011
3583	4095	2303	3535	3846	2010
3839	4095	2303	3783	3846	2010
4095	4095	2303	4032	3847	2008
0	0	2559	94	3	2250
256	0	2559	340	3	2248
512	0	2559	587	3	2249
768	0	2559	835	4	2246
1024	0	2559	1081	4	2249
1280	0	2559	1332	4	2248
1536	0	2559	1578	4	2249
1792	0	2559	1824	4	2248
2048	0	2559	2066	5	2246
2303	0	2559	2320	6	2247
2559	0	2559	2571	7	2246
2815	0	2559	2818	8	2248
3071	0	2559	3062	8	2246
3327	0	2559	3300	10	2245
3583	0	2559	3547	9	2244
3839	0	2559	3792	10	2242
4095	0	2559	4040	11	2238
0	256	2559	94	246	2250
256	256	2559	340	246	2248
512	256	2559	586	248	2247
768	256	2559	833	249	2247
1024	256	2559	1081	249	2245
1280	256	2559	1329	250	2247
1536	256	2559	1577	251	2247
1792	256	2559	1821	252	2247
2048	256	2559	2066	253	2247
2303	256	2559	2319	254	2245
2559	256	2559	2570	255	2246
2815	256	2559	2814	255	2245
3071	256	2559	3059	255	2247
3327	256	2559	3299	257	2245
3583	256	2559	3544	256	2244
3839	256	2559	3789	256	2243
4095	256	2559	4038	255	2239
0	512	2559	95	486	2245
256	512	2559	340	486	2243
512	512	2559	588	488	2243
768	512	2559	835	490	2243
1024	512	2559	1082	490	2244
1280	512	2559	1333	491	2244
1536	512	2559	1578	491	2244
1792	512	2559	1821	492	2244
2048	512	2559	2066	493	2244
2303	512	2559	2317	493	2244
2559	512	2559	2568	494	2244
2815	512	2559	2813	494	2243
3071	512	2559	3057	495	2242
3327	512	2559	3298	496	2242
3583	512	2559	3543	496	2244
3839	512	2559	3787	495	2241
4095	512	2559	4037	493	2240
0	768	2559	95	727	2246
256	768	2559	340	727	2242
512	768	2559	587	730	2244
768	768	2559	835	731	2244
1024	768	2559	1083	732	2243
1280	768	2559	1334	734	2245
1536	768	2559	1579	733	2244
1792	768	2559	1822	733	2242
2048	768	2559	2065	735	2242
2303	768	2559	2319	736	2241
2559	768	2559	2568	736	2240
2815	768	2559	2813	735	2240
3071	768	2559	3059	737	2239
3327	768	2559	3298	738	2240
3583	768	2559	3542	737	2240
3839	768	2559	3788	736	2240
4095	768	2559	4037	733	2236
0	1024	2559	94	969	2243
256	1024	2559	340	968	2241
512	1024	2559	587	971	2242
768	1024	2559	836	972	2242
1024	1024	2559	1083	973	2244
1280	1024	2559	1335	975	2244
1536	1024	2559	1578	974	2243
1792	1024	2559	1823	975	2242
2048	1024	2559	2065	975	2242
2303	1024	2559	2319	976	2242
2559	1024	2559	2568	977	2242
2815	1024	2559	2813	977	2240
3071	1024	2559	3059	978	2240
3327	1024	2559	3298	979	2240
3583	1024	2559	3543	978	2240
3839	1024	2559	3788	977	2238
4095	1024	2559	4038	974	2236
0	1280	2559	94	1212	2243
256	1280	2559	340	1213	2241
512	1280	2559	587	1215	2242
768	1280	2559	835	1217	2243
1024	1280	2559	1083	1218	2243
1280	1280	2559	1333	1220	2244
1536	1280	2559	1578	1219	2241
1792	1280	2559	1822	1220	2242
2048	1280	2559	2065	1220	2241
2303	1280	2559	2318	1221	2241
2559	1280	2559	2569	1223	2240
2815	1280	2559	2814	1222	2239
3071	1280	2559	3059	1224	2240
3327	1280	2559	3298	1223	2239
3583	1280	2559	3544	1223	2239
3839	1280	2559	3789	1224	2237
4095	1280	2559	4039	1221	2236
0	1536	2559	94	1452	2242
256	1536	2559	340	1453	2240
512	1536	2559	588	1455	2241
768	1536	2559	835	1456	2241
1024	1536	2559	1083	1457	2242
1280	1536	2559	1333	1458	2242
1536	1536	2559	1579	1459	2242
1792	1536	2559	1822	1459	2240
2048	1536	2559	2066	1460	2239
2303	1536	2559	2319	1461	2240
2559	1536	2559	2570	1462	2239
2815	1536	2559	2815	1462	2240
3071	1536	2559	3059	1463	2239
3327	1536	2559	3298	1463	2239
3583	1536	2559	3543	1463	2238
3839	1536	2559	3789	1463	2237
4095	1536	2559	4039	1461	2236
0	1792	2559	94	1689	2243
256	1792	2559	340	1690	2242
512	1792	2559	587	1692	2242
768	1792	2559	836	1693	2241
1024	1792	2559	1082	1694	2242
1280	1792	2559	1333	1695	2241
1536	1792	2559	1579	1696	2241
1792	1792	2559	1824	1697	2240
2048	1792	2559	2066	1697	2240
2303	1792	2559	2319	1697	2239
2559	1792	2559	2569	1698	2240
2815	1792	2559	2815	1699	2239
3071	1792	2559	3059	1699	2239
3327	1792	2559	3298	1699	2238
3583	1792	2559	3543	1700	2238
3839	1792	2559	3789	1699	2237
4095	1792	2559	4039	1699	2235
0	2048	2559	93	1928	2240
256	2048	2559	341	1929	2241
512	2048	2559	588	1930	2241
768	2048	2559	836	1931	2242
1024	2048	2559	1083	1933	2241
1280	2048	2559	1334	1933	2242
1536	2048	2559	1580	1936	2242
1792	2048	2559	1824	1935	2241
2048	2048	2559	2066	1935	2240
2303	2048	2559	2320	1937	2240
2559	2048	2559	2569	1936	2239
2815	2048	2559	2814	1937	2239
3071	2048	2559	3059	1938	2238
3327	2048	2559	3297	1938	2237
3583	2048	2559	3543	1938	2237
3839	2048	2559	3788	1938	2236
4095	2048	2559	4039	1938	2236
0	2303	2559	94	2166	2241
256	2303	2559	342	2167	2240
512	2303	2559	589	2167	2241
768	2303	2559	835	2168	2240
1024	2303	2559	1084	2170	2241
1280	2303	2559	1334	2170	2241
1536	2303	2559	1581	2172	2241
1792	2303	2559	1824	2171	2240
2048	2303	2559	2067	2172	2239
2303	2303	2559	2319	2173	2239
2559	2303	2559	2570	2172	2238
2815	2303	2559	2814	2174	2238
3071	2303	2559	3060	2175	2237
3327	2303	2559	3298	2174	2237
3583	2303	2559	3544	2175	2236
3839	2303	2559	3789	2174	2235
4095	2303	2559	4039	2175	2234
0	2559	2559	94	2410	2240
256	2559	2559	341	2410	2240
512	2559	2559	589	2411	2239
768	2559	2559	836	2411	2238
1024	2559	2559	1083	2413	2239
1280	2559	2559	1333	2413	2239
1536	2559	2559	1580	2415	2239
1792	2559	2559	1823	2414	2237
2048	2559	2559	2067	2415	2237
2303	2559	2559	2320	2417	2236
2559	2559	2559	2570	2416	2236
2815	2559	2559	2815	2418	2236
3071	2559	2559	3059	2418	2237
3327	2559	2559	3299	2418	2235
3583	2559	2559	3543	2419	2235
3839	2559	2559	3789	2419	2234
4095	2559	2559	4039	2419	2232
0	2815	2559	93	2657	2239
256	2815	2559	340	2657	2239
512	2815	2559	587	2657	2238
768	2815	2559	835	2658	2238
1024	2815	2559	1082	2659	2237
1280	2815	2559	1332	2659	2238
1536	2815	2559	1578	2661	2237
1792	2815	2559	1823	2660	2238
2048	2815	2559	2065	2661	2237
2303	2815	2559	2320	2663	2237
2559	2815	2559	2569	2662	2237
2815	2815	2559	2815	2664	2237
3071	2815	2559	3059	2664	2236
3327	2815	2559	3299	2666	2235
3583	2815	2559	3544	2667	2236
3839	2815	2559	3789	2666	2234
4095	2815	2559	4039	2667	2234
0	3071	2559	92	2897	2239
256	3071	2559	340	2896	2238
512	3071	2559	587	2896	2238
768	3071	2559	836	2897	2238
1024	3071	2559	1082	2898	2238
1280	3071	2559	1333	2898	2238
1536	3071	2559	1579	2900	2239
1792	3071	2559	1824	2900	2236
2048	3071	2559	2064	2898	2235
2303	3071	2559	2319	2899	2236
2559	3071	2559	2569	2901	2235
2815	3071	2559	2814	2901	2235
3071	3071	2559	3059	2902	2235
3327	3071	2559	3298	2904	2235
3583	3071	2559	3545	2905	2235
3839	3071	2559	3789	2905	2235
4095	3071	2559	4039	2904	2231
0	3327	2559	93	3132	2239
256	3327	2559	341	3130	2238
512	3327	2559	587	3131	2237
768	3327	2559	835	3132	2237
1024	3327	2559	1083	3132	2237
1280	3327	2559	1332	3133	2236
1536	3327	2559	1579	3133	2237
1792	3327	2559	1823	3134	2234
2048	3327	2559	2065	3133	2234
2303	3327	2559	2318	3134	2235
2559	3327	2559	2570	3135	2235
2815	3327	2559	2815	3137	2234
3071	3327	2559	3061	3137	2235
3327	3327	2559	3299	3138	2234
3583	3327	2559	3545	3138	2234
3839	3327	2559	3790	3139	2233
4095	3327	2559	4040	3138	2230
0	3583	2559	93	3360	2237
256	3583	2559	340	3358	2237
512	3583	2559	588	3359	2236
768	3583	2559	835	3360	2237
1024	3583	2559	1084	3361	2236
1280	3583	2559	1333	3362	2236
1536	3583	2559	1580	3362	2235
1792	3583	2559	1823	3362	2234
2048	3583	2559	2066	3363	2234
2303	3583	2559	2320	3363	2234
2559	3583	2559	2570	3364	2233
2815	3583	2559	2817	3365	2235
3071	3583	2559	3061	3366	2234
3327	3583	2559	3299	3366	2231
3583	3583	2559	3545	3367	2232
3839	3583	2559	3791	3368	2231
4095	3583	2559	4040	3367	2230
0	3839	2559	92	3607	2237
256	3839	2559	339	3604	2237
512	3839	2559	587	3605	2236
768	3839	2559	834	3605	2236
1024	3839	2559	1081	3606	2237
1280	3839	2559	1333	3607	2237
1536	3839	2559	1579	3607	2236
1792	3839	2559	1823	3607	2234
2048	3839	2559	2065	3607	2233
2303	3839	2559	2320	3608	2233
2559	3839	2559	2569	3608	2232
2815	3839	2559	2816	3608	2232
3071	3839	2559	3061	3610	2233
3327	3839	2559	3299	3610	2231
3583	3839	2559	3545	3610	2231
3839	3839	2559	3791	3612	2232
4095	3839	2559	4041	3611	2230
0	4095	2559	91	3847	2234
256	4095	2559	338	3843	2235
512	4095	2559	584	3844	2233
768	4095	2559	832	3843	2233
1024	4095	2559	1079	3845	2234
1280	4095	2559	1331	3845	2233
1536	4095	2559	1577	3845	2232
1792	4095	2559	1822	3846	2231
2048	4095	2559	2064	3845	2231
2303	4095	2559	2318	3847	2230
2559	4095	2559	2569	3847	2230
2815	4095	2559	2814	3846	2230
3071	4095	2559	3060	3848	2231
3327	4095	2559	3301	3849	2231
3583	4095	2559	3546	3849	2230
3839	4095	2559	3790	3849	2227
4095	4095	2559	4040	3848	2226
0	0	2815	104	2	2493
256	0	2815	349	2	2492
512	0	2815	598	2	2492
768	0	2815	845	3	2491
1024	0	2815	1093	3	2492
1280	0	2815	1342	3	2491
1536	0	2815	1588	3	2491
1792	0	2815	1833	3	2490
2048	0	2815	2077	3	2490
2303	0	2815	2330	5	2488
2559	0	2815	2580	6	2489
2815	0	2815	2827	6	2488
3071	0	2815	3072	7	2488
3327	0	2815	3311	7	2487
3583	0	2815	3557	8	2486
3839	0	2815	3803	10	2485
4095	0	2815	4051	9	2481
0	256	2815	104	244	2492
256	256	2815	348	245	2490
512	256	2815	596	246	2490
768	256	2815	843	246	2490
1024	256	2815	1090	248	2489
1280	256	2815	1340	249	2489
1536	256	2815	1586	249	2489
1792	256	2815	1831	251	2488
2048	256	2815	2075	251	2488
2303	256	2815	2329	253	2488
2559	256	2815	2579	254	2487
2815	256	2815	2825	253	2487
3071	256	2815	3069	254	2488
3327	256	2815	3309	255	2487
3583	256	2815	3555	255	2486
3839	256	2815	3800	255	2485
4095	256	2815	4049	253	2483
0	512	2815	103	485	2488
256	512	2815	350	485	2485
512	512	2815	597	487	2485
768	512	2815	845	488	2485
1024	512	2815	1092	489	2485
1280	512	2815	1343	489	2486
1536	512	2815	1588	490	2486
1792	512	2815	1833	491	2486
2048	512	2815	2076	492	2485
2303	512	2815	2330	493	2486
2559	512	2815	2579	493	2485
2815	512	2815	2825	494	2484
3071	512	2815	3069	495	2483
3327	512	2815	3308	495	2484
3583	512	2815	3554	495	2485
3839	512	2815	3797	494	2483
4095	512	2815	4048	492	2482
0	768	2815	104	726	2489
256	768	2815	350	728	2485
512	768	2815	598	728	2487
768	768	2815	845	730	2486
1024	768	2815	1093	731	2486
1280	768	2815	1344	732	2486
1536	768	2815	1590	733	2486
1792	768	2815	1833	733	2484
2048	768	2815	2077	734	2484
2303	768	2815	2330	735	2484
2559	768	2815	2580	735	2482
2815	768	2815	2825	736	2482
3071	768	2815	3069	736	2482
3327	768	2815	3309	737	2483
3583	768	2815	3556	738	2483
3839	768	2815	3800	736	2482
4095	768	2815	4050	734	2478
0	1024	2815	104	968	2487
256	1024	2815	350	969	2486
512	1024	2815	598	970	2486
768	1024	2815	845	971	2486
1024	1024	2815	1093	973	2486
1280	1024	2815	1344	974	2486
1536	1024	2815	1590	974	2486
1792	1024	2815	1832	973	2484
2048	1024	2815	2077	975	2485
2303	1024	2815	2331	978	2484
2559	1024	2815	2580	976	2483
2815	1024	2815	2826	978	2483
3071	1024	2815	3070	979	2483
3327	1024	2815	3308	978	2481
3583	1024	2815	3554	978	2483
3839	1024	2815	3799	976	2481
4095	1024	2815	4049	974	2480
0	1280	2815	104	1213	2487
256	1280	2815	350	1214	2485
512	1280	2815	598	1215	2485
768	1280	2815	845	1216	2485
1024	1280	2815	1092	1217	2484
1280	1280	2815	1342	1217	2485
1536	1280	2815	1588	1218	2484
1792	1280	2815	1832	1218	2483
2048	1280	2815	2077	1220	2483
2303	1280	2815	2330	1222	2484
2559	1280	2815	2579	1221	2482
2815	1280	2815	2825	1222	2482
3071	1280	2815	3070	1223	2482
3327	1280	2815	3309	1224	2481
3583	1280	2815	3554	1223	2480
3839	1280	2815	3799	1222	2479
4095	1280	2815	4049	1221	2477
0	1536	2815	103	1452	2485
256	1536	2815	350	1453	2483
512	1536	2815	597	1454	2483
768	1536	2815	846	1456	2483
1024	1536	2815	1092	1456	2483
1280	1536	2815	1342	1457	2482
1536	1536	2815	1588	1458	2482
1792	1536	2815	1833	1458	2482
2048	1536	2815	2076	1459	2482
2303	1536	2815	2330	1460	2481
2559	1536	2815	2579	1461	2480
2815	1536	2815	2826	1462	2480
3071	1536	2815	3069	1462	2479
3327	1536	2815	3308	1464	2480
3583	1536	2815	3554	1464	2480
3839	1536	2815	3799	1463	2479
4095	1536	2815	4049	1461	2477
0	1792	2815	103	1689	2484
256	1792	2815	350	1690	2483
512	1792	2815	598	1692	2483
768	1792	2815	845	1693	2484
1024	1792	2815	1093	1693	2483
1280	1792	2815	1342	1694	2482
1536	1792	2815	1589	1695	2482
1792	1792	2815	1833	1695	2481
2048	1792	2815	2077	1697	2481
2303	1792	2815	2329	1697	2481
2559	1792	2815	2580	1698	2481
2815	1792	2815	2826	1699	2480
3071	1792	2815	3070	1699	2480
3327	1792	2815	3309	1701	2480
3583	1792	2815	3555	1700	2480
3839	1792	2815	3799	1700	2479
4095	1792	2815	4049	1698	2478
0	2048	2815	103	1929	2484
256	2048	2815	350	1929	2483
512	2048	2815	598	1930	2483
768	2048	2815	846	1932	2483
1024	2048	2815	1094	1932	2482
1280	2048	2815	1343	1933	2482
1536	2048	2815	1589	1933	2481
1792	2048	2815	1833	1934	2481
2048	2048	2815	2077	1935	2480
2303	2048	2815	2329	1935	2481
2559	2048	2815	2580	1937	2480
2815	2048	2815	2825	1937	2480
3071	2048	2815	3069	1938	2480
3327	2048	2815	3308	1938	2478
3583	2048	2815	3553	1938	2479
3839	2048	2815	3799	1939	2478
4095	2048	2815	4048	1938	2476
0	2303	2815	104	2167	2484
256	2303	2815	351	2166	2482
512	2303	2815	599	2167	2482
768	2303	2815	846	2169	2482
1024	2303	2815	1094	2170	2482
1280	2303	2815	1344	2171	2481
1536	2303	2815	1589	2170	2481
1792	2303	2815	1834	2171	2479
2048	2303	2815	2076	2171	2479
2303	2303	2815	2330	2172	2479
2559	2303	2815	2579	2173	2478
2815	2303	2815	2826	2175	2478
3071	2303	2815	3070	2175	2478
3327	2303	2815	3308	2174	2477
3583	2303	2815	3554	2175	2476
3839	2303	2815	3799	2175	2477
4095	2303	2815	4049	2175	2475
0	2559	2815	103	2410	2482
256	2559	2815	351	2409	2481
512	2559	2815	598	2411	2480
768	2559	2815	846	2412	2481
1024	2559	2815	1094	2413	2481
1280	2559	2815	1344	2414	2480
1536	2559	2815	1590	2414	2480
1792	2559	2815	1834	2415	2478
2048	2559	2815	2077	2416	2479
2303	2559	2815	2331	2417	2477
2559	2559	2815	2579	2416	2478
2815	2559	2815	2827	2418	2478
3071	2559	2815	3070	2418	2478
3327	2559	2815	3308	2419	2476
3583	2559	2815	3554	2419	2476
3839	2559	2815	3799	2420	2475
4095	2559	2815	4049	2419	2474
0	2815	2815	103	2657	2480
256	2815	2815	350	2656	2479
512	2815	2815	597	2657	2478
768	2815	2815	845	2657	2479
1024	2815	2815	1092	2658	2477
1280	2815	2815	1342	2659	2478
1536	2815	2815	1589	2660	2478
1792	2815	2815	1832	2661	2478
2048	2815	2815	2077	2661	2478
2303	2815	2815	2329	2662	2478
2559	2815	2815	2579	2663	2477
2815	2815	2815	2825	2664	2477
3071	2815	2815	3070	2665	2477
3327	2815	2815	3307	2665	2475
3583	2815	2815	3554	2665	2475
3839	2815	2815	3799	2667	2475
4095	2815	2815	4049	2666	2474
0	3071	2815	103	2897	2480
256	3071	2815	350	2895	2479
512	3071	2815	598	2897	2480
768	3071	2815	845	2897	2478
1024	3071	2815	1093	2897	2479
1280	3071	2815	1343	2899	2478
1536	3071	2815	1590	2899	2479
1792	3071	2815	1834	2900	2478
2048	3071	2815	2077	2900	2478
2303	3071	2815	2329	2900	2476
2559	3071	2815	2580	2901	2476
2815	3071	2815	2825	2902	2476
3071	3071	2815	3069	2903	2475
3327	3071	2815	3308	2903	2475
3583	3071	2815	3553	2904	2474
3839	3071	2815	3799	2905	2475
4095	3071	2815	4048	2903	2472
0	3327	2815	103	3131	2480
256	3327	2815	350	3131	2480
512	3327	2815	599	3132	2479
768	3327	2815	846	3132	2479
1024	3327	2815	1093	3133	2477
1280	3327	2815	1343	3132	2477
1536	3327	2815	1589	3134	2478
1792	3327	2815	1834	3135	2477
2048	3327	2815	2076	3134	2475
2303	3327	2815	2329	3134	2474
2559	3327	2815	2579	3135	2475
2815	3327	2815	2826	3136	2474
3071	3327	2815	3070	3137	2475
3327	3327	2815	3309	3137	2474
3583	3327	2815	3554	3138	2474
3839	3327	2815	3800	3139	2473
4095	3327	2815	4049	3137	2472
0	3583	2815	102	3360	2479
256	3583	2815	351	3359	2478
512	3583	2815	598	3360	2477
768	3583	2815	846	3360	2477
1024	3583	2815	1093	3361	2477
1280	3583	2815	1344	3361	2477
1536	3583	2815	1590	3362	2476
1792	3583	2815	1835	3363	2475
2048	3583	2815	2077	3362	2475
2303	3583	2815	2331	3364	2475
2559	3583	2815	2581	3364	2474
2815	3583	2815	2827	3365	2475
3071	3583	2815	3072	3366	2474
3327	3583	2815	3309	3365	2472
3583	3583	2815	3556	3367	2472
3839	3583	2815	3801	3367	2472
4095	3583	2815	4051	3367	2471
0	3839	2815	101	3606	2477
256	3839	2815	349	3604	2477
512	3839	2815	597	3604	2478
768	3839	2815	845	3605	2476
1024	3839	2815	1092	3606	2476
1280	3839	2815	1341	3606	2476
1536	3839	2815	1589	3607	2476
1792	3839	2815	1832	3607	2474
2048	3839	2815	2077	3607	2475
2303	3839	2815	2330	3609	2474
2559	3839	2815	2580	3608	2473
2815	3839	2815	2826	3609	2473
3071	3839	2815	3072	3611	2473
3327	3839	2815	3309	3610	2471
3583	3839	2815	3555	3611	2471
3839	3839	2815	3801	3611	2471
4095	3839	2815	4052	3611	2470
0	4095	2815	101	3845	2473
256	4095	2815	347	3841	2475
512	4095	2815	595	3842	2473
768	4095	2815	842	3843	2474
1024	4095	2815	1090	3845	2474
1280	4095	2815	1341	3845	2474
1536	4095	2815	1588	3846	2472
1792	4095	2815	1831	3845	2471
2048	4095	2815	2076	3846	2472
2303	4095	2815	2330	3848	2472
2559	4095	2815	2581	3847	2472
2815	4095	2815	2827	3848	2471
3071	4095	2815	3072	3848	2472
3327	4095	2815	3311	3849	2470
3583	4095	2815	3556	3850	2471
3839	4095	2815	3801	3849	2467
4095	4095	2815	4050	3849	2468
0	0	3071	113	2	2723
256	0	3071	359	2	2724
512	0	3071	607	2	2724
768	0	3071	855	2	2723
1024	0	3071	1102	3	2723
1280	0	3071	1352	3	2722
1536	0	3071	1598	3	2723
1792	0	3071	1844	3	2722
2048	0	3071	2087	3	2722
2303	0	3071	2341	5	2720
2559	0	3071	2590	5	2718
2815	0	3071	2837	6	2719
3071	0	3071	3081	6	2718
3327	0	3071	3320	7	2719
3583	0	3071	3567	8	2717
3839	0	3071	3812	8	2716
4095	0	3071	4061	9	2713
0	256	3071	113	244	2723
256	256	3071	358	245	2721
512	256	3071	606	245	2721
768	256	3071	853	247	2721
1024	256	3071	1100	247	2720
1280	256	3071	1349	248	2721
1536	256	3071	1596	249	2720
1792	256	3071	1840	250	2719
2048	256	3071	2085	251	2719
2303	256	3071	2338	252	2719
2559	256	3071	2588	252	2719
2815	256	3071	2833	253	2718
3071	256	3071	3079	253	2718
3327	256	3071	3318	255	2718
3583	256	3071	3564	255	2717
3839	256	3071	3808	254	2716
4095	256	3071	4059	253	2715
0	512	3071	113	485	2721
256	512	3071	358	485	2717
512	512	3071	607	486	2716
768	512	3071	854	488	2717
1024	512	3071	1102	488	2716
1280	512	3071	1351	489	2717
1536	512	3071	1597	490	2715
1792	512	3071	1842	490	2716
2048	512	3071	2087	492	2715
2303	512	3071	2340	493	2716
2559	512	3071	2589	493	2715
2815	512	3071	2834	494	2715
3071	512	3071	3080	494	2715
3327	512	3071	3319	495	2715
3583	512	3071	3564	495	2715
3839	512	3071	3809	494	2713
4095	512	3071	4058	492	2713
0	768	3071	114	726	2720
256	768	3071	359	727	2716
512	768	3071	607	728	2717
768	768	3071	855	730	2716
1024	768	3071	1102	730	2717
1280	768	3071	1353	732	2716
1536	768	3071	1598	733	2716
1792	768	3071	1842	732	2715
2048	768	3071	2085	733	2715
2303	768	3071	2340	734	2715
2559	768	3071	2588	734	2713
2815	768	3071	2835	736	2714
3071	768	3071	3078	735	2713
3327	768	3071	3318	737	2714
3583	768	3071	3564	736	2714
3839	768	3071	3808	735	2713
4095	768	3071	4058	733	2711
0	1024	3071	113	968	2718
256	1024	3071	359	968	2717
512	1024	3071	607	970	2716
768	1024	3071	855	971	2716
1024	1024	3071	1102	971	2715
1280	1024	3071	1353	973	2717
1536	1024	3071	1599	973	2716
1792	1024	3071	1843	974	2714
2048	1024	3071	2086	975	2714
2303	1024	3071	2340	976	2714
2559	1024	3071	2589	976	2713
2815	1024	3071	2835	976	2713
3071	1024	3071	3079	977	2713
3327	1024	3071	3317	978	2712
3583	1024	3071	3564	977	2713
3839	1024	3071	3808	977	2712
4095	1024	3071	4059	975	2710
0	1280	3071	113	1212	2717
256	1280	3071	359	1213	2715
512	1280	3071	607	1215	2715
768	1280	3071	855	1217	2715
1024	1280	3071	1102	1217	2714
1280	1280	3071	1352	1218	2715
1536	1280	3071	1598	1218	2714
1792	1280	3071	1842	1219	2714
2048	1280	3071	2087	1221	2713
2303	1280	3071	2339	1221	2713
2559	1280	3071	2590	1222	2713
2815	1280	3071	2834	1222	2713
3071	1280	3071	3080	1224	2712
3327	1280	3071	3318	1225	2713
3583	1280	3071	3565	1224	2712
3839	1280	3071	3809	1224	2711
4095	1280	3071	4059	1221	2710
0	1536	3071	113	1453	2716
256	1536	3071	359	1453	2713
512	1536	3071	607	1455	2714
768	1536	3071	855	1456	2714
1024	1536	3071	1103	1457	2714
1280	1536	3071	1352	1458	2713
1536	1536	3071	1598	1458	2713
1792	1536	3071	1843	1460	2713
2048	1536	3071	2088	1460	2713
2303	1536	3071	2340	1462	2713
2559	1536	3071	2590	1462	2712
2815	1536	3071	2836	1463	2712
3071	1536	3071	3080	1464	2711
3327	1536	3071	3319	1466	2712
3583	1536	3071	3564	1464	2712
3839	1536	3071	3809	1465	2712
4095	1536	3071	4058	1462	2710
0	1792	3071	113	1689	2716
256	1792	3071	359	1690	2714
512	1792	3071	608	1692	2714
768	1792	3071	855	1693	2715
1024	1792	3071	1102	1694	2714
1280	1792	3071	1352	1695	2714
1536	1792	3071	1598	1695	2713
1792	1792	3071	1843	1696	2712
2048	1792	3071	2087	1697	2713
2303	1792	3071	2341	1699	2712
2559	1792	3071	2589	1699	2712
2815	1792	3071	2836	1699	2712
3071	1792	3071	3079	1700	2712
3327	1792	3071	3319	1701	2712
3583	1792	3071	3564	1700	2712
3839	1792	3071	3809	1700	2711
4095	1792	3071	4058	1698	2710
0	2048	3071	112	1929	2716
256	2048	3071	360	1930	2714
512	2048	3071	607	1931	2713
768	2048	3071	856	1932	2714
1024	2048	3071	1103	1933	2712
1280	2048	3071	1353	1933	2713
1536	2048	3071	1599	1934	2712
1792	2048	3071	1843	1935	2712
2048	2048	3071	2087	1935	2712
2303	2048	3071	2340	1937	2712
2559	2048	3071	2590	1938	2711
2815	2048	3071	2836	1938	2711
3071	2048	3071	3079	1938	2710
3327	2048	3071	3317	1938	2710
3583	2048	3071	3564	1939	2710
3839	2048	3071	3809	1939	2709
4095	2048	3071	4059	1937	2708
0	2303	3071	113	2167	2715
256	2303	3071	361	2167	2712
512	2303	3071	608	2168	2713
768	2303	3071	856	2168	2712
1024	2303	3071	1104	2170	2712
1280	2303	3071	1353	2171	2712
1536	2303	3071	1599	2171	2712
1792	2303	3071	1843	2172	2711
2048	2303	3071	2087	2171	2710
2303	2303	3071	2340	2173	2710
2559	2303	3071	2590	2174	2711
2815	2303	3071	2836	2175	2710
3071	2303	3071	3080	2176	2709
3327	2303	3071	3318	2175	2708
3583	2303	3071	3565	2176	2708
3839	2303	3071	3809	2177	2709
4095	2303	3071	4060	2175	2707
0	2559	3071	113	2410	2712
256	2559	3071	360	2410	2712
512	2559	3071	608	2412	2711
768	2559	3071	855	2412	2711
1024	2559	3071	1103	2413	2711
1280	2559	3071	1354	2414	2711
1536	2559	3071	1600	2415	2710
1792	2559	3071	1844	2416	2709
2048	2559	3071	2088	2416	2710
2303	2559	3071	2341	2418	2709
2559	2559	3071	2590	2417	2709
2815	2559	3071	2836	2418	2709
3071	2559	3071	3081	2420	2709
3327	2559	3071	3318	2419	2707
3583	2559	3071	3563	2419	2707
3839	2559	3071	3809	2420	2706
4095	2559	3071	4059	2420	2706
0	2815	3071	113	2657	2712
256	2815	3071	359	2657	2710
512	2815	3071	608	2657	2709
768	2815	3071	855	2659	2710
1024	2815	3071	1102	2660	2709
1280	2815	3071	1353	2660	2710
1536	2815	3071	1599	2662	2709
1792	2815	3071	1844	2662	2710
2048	2815	3071	2088	2663	2709
2303	2815	3071	2341	2664	2709
2559	2815	3071	2589	2664	2708
2815	2815	3071	2835	2665	2708
3071	2815	3071	3079	2666	2707
3327	2815	3071	3318	2665	2707
3583	2815	3071	3563	2666	2706
3839	2815	3071	3809	2666	2706
4095	2815	3071	4058	2666	2705
0	3071	3071	112	2897	2711
256	3071	3071	360	2896	2710
512	3071	3071	607	2897	2710
768	3071	3071	855	2898	2709
1024	3071	3071	1103	2898	2709
1280	3071	3071	1354	2899	2709
1536	3071	3071	1599	2900	2709
1792	3071	3071	1844	2900	2709
2048	3071	3071	2088	2901	2709
2303	3071	3071	2341	2902	2708
2559	3071	3071	2590	2902	2708
2815	3071	3071	2836	2903	2707
3071	3071	3071	3080	2903	2707
3327	3071	3071	3317	2904	2706
3583	3071	3071	3563	2904	2705
3839	3071	3071	3808	2904	2705
4095	3071	3071	4058	2905	2704
0	3327	3071	112	3132	2710
256	3327	3071	360	3132	2710
512	3327	3071	608	3132	2709
768	3327	3071	856	3133	2710
1024	3327	3071	1104	3133	2708
1280	3327	3071	1353	3133	2708
1536	3327	3071	1599	3134	2708
1792	3327	3071	1843	3135	2707
2048	3327	3071	2088	3136	2707
2303	3327	3071	2340	3137	2706
2559	3327	3071	2591	3136	2707
2815	3327	3071	2836	3138	2707
3071	3327	3071	3081	3138	2707
3327	3327	3071	3319	3139	2706
3583	3327	3071	3565	3140	2706
3839	3327	3071	3809	3139	2705
4095	3327	3071	4060	3139	2704
0	3583	3071	112	3361	2709
256	3583	3071	359	3360	2709
512	3583	3071	608	3361	2708
768	3583	3071	856	3362	2708
1024	3583	3071	1103	3361	2707
1280	3583	3071	1353	3362	2707
1536	3583	3071	1600	3363	2707
1792	3583	3071	1844	3363	2706
2048	3583	3071	2087	3363	2705
2303	3583	3071	2341	3364	2706
2559	3583	3071	2591	3365	2705
2815	3583	3071	2837	3366	2706
3071	3583	3071	3082	3366	2705
3327	3583	3071	3319	3367	2704
3583	3583	3071	3565	3367	2704
3839	3583	3071	3811	3368	2703
4095	3583	3071	4060	3368	2703
0	3839	3071	111	3606	2707
256	3839	3071	358	3603	2707
512	3839	3071	607	3605	2708
768	3839	3071	855	3606	2707
1024	3839	3071	1102	3606	2707
1280	3839	3071	1352	3607	2707
1536	3839	3071	1599	3607	2706
1792	3839	3071	1842	3607	2704
2048	3839	3071	2086	3607	2705
2303	3839	3071	2340	3608	2704
2559	3839	3071	2590	3608	2704
2815	3839	3071	2836	3610	2705
3071	3839	3071	3081	3610	2704
3327	3839	3071	3319	3611	2703
3583	3839	3071	3564	3610	2702
3839	3839	3071	3811	3611	2702
4095	3839	3071	4060	3611	2701
0	4095	3071	110	3846	2704
256	4095	3071	357	3842	2705
512	4095	3071	604	3843	2704
768	4095	3071	852	3844	2705
1024	4095	3071	1100	3845	2704
1280	4095	3071	1352	3845	2705
1536	4095	3071	1597	3846	2702
1792	4095	3071	1841	3846	2702
2048	4095	3071	2086	3847	2702
2303	4095	3071	2340	3847	2701
2559	4095	3071	2589	3847	2703
2815	4095	3071	2837	3848	2702
3071	4095	3071	3082	3849	2703
3327	4095	3071	3320	3850	2701
3583	4095	3071	3566	3849	2701
3839	4095	3071	3810	3850	2700
4095	4095	3071	4060	3850	2700
0	0	3327	123	2	2950
256	0	3327	367	2	2949
512	0	3327	616	2	2949
768	0	3327	863	3	2948
1024	0	3327	1111	3	2949
1280	0	3327	1361	3	2949
1536	0	3327	1608	3	2949
1792	0	3327	1852	3	2948
2048	0	3327	2097	3	2949
2303	0	3327	2350	4	2948
2559	0	3327	2600	5	2945
2815	0	3327	2846	5	2945
3071	0	3327	3091	6	2944
3327	0	3327	3330	8	2945
3583	0	3327	3576	7	2943
3839	0	3327	3821	8	2943
4095	0	3327	4069	9	2940
0	256	3327	122	244	2949
256	256	3327	367	244	2946
512	256	3327	615	246	2946
768	256	3327	862	246	2947
1024	256	3327	1110	247	2945
1280	256	3327	1359	248	2946
1536	256	3327	1603	248	2945
1792	256	3327	1850	250	2945
2048	256	3327	2094	251	2945
2303	256	3327	2348	251	2945
2559	256	3327	2596	252	2944
2815	256	3327	2843	252	2943
3071	256	3327	3086	253	2944
3327	256	3327	3327	254	2944
3583	256	3327	3573	254	2944
3839	256	3327	3818	254	2942
4095	256	3327	4067	252	2941
0	512	3327	122	484	2946
256	512	3327	367	485	2943
512	512	3327	615	486	2943
768	512	3327	863	487	2943
1024	512	3327	1111	488	2942
1280	512	3327	1361	489	2942
1536	512	3327	1606	489	2941
1792	512	3327	1851	490	2941
2048	512	3327	2095	490	2941
2303	512	3327	2348	492	2942
2559	512	3327	2598	493	2940
2815	512	3327	2844	493	2940
3071	512	3327	3088	494	2940
3327	512	3327	3327	495	2941
3583	512	3327	3573	494	2940
3839	512	3327	3817	494	2940
4095	512	3327	4068	491	2939
0	768	3327	122	725	2945
256	768	3327	368	727	2942
512	768	3327	615	728	2942
768	768	3327	864	729	2941
1024	768	3327	1112	730	2942
1280	768	3327	1361	732	2941
1536	768	3327	1608	732	2941
1792	768	3327	1850	732	2940
2048	768	3327	2096	733	2941
2303	768	3327	2349	734	2940
2559	768	3327	2598	735	2940
2815	768	3327	2844	735	2939
3071	768	3327	3088	736	2939
3327	768	3327	3326	736	2939
3583	768	3327	3573	736	2939
3839	768	3327	3817	736	2939
4095	768	3327	4068	733	2937
0	1024	3327	122	967	2943
256	1024	3327	367	968	2942
512	1024	3327	616	970	2941
768	1024	3327	863	970	2941
1024	1024	3327	1111	971	2940
1280	1024	3327	1361	972	2941
1536	1024	3327	1607	973	2940
1792	1024	3327	1850	974	2939
2048	1024	3327	2096	974	2939
2303	1024	3327	2348	975	2939
2559	1024	3327	2598	975	2939
2815	1024	3327	2843	976	2938
3071	1024	3327	3088	978	2939
3327	1024	3327	3326	978	2938
3583	1024	3327	3573	978	2938
3839	1024	3327	3818	978	2938
4095	1024	3327	4067	974	2936
0	1280	3327	122	1212	2943
256	1280	3327	368	1213	2940
512	1280	3327	616	1214	2941
768	1280	3327	864	1216	2940
1024	1280	3327	1112	1217	2939
1280	1280	3327	1361	1217	2940
1536	1280	3327	1607	1218	2939
1792	1280	3327	1852	1220	2939
2048	1280	3327	2096	1220	2938
2303	1280	3327	2349	1221	2938
2559	1280	3327	2598	1222	2938
2815	1280	3327	2844	1223	2938
3071	1280	3327	3088	1224	2938
3327	1280	3327	3327	1224	2938
3583	1280	3327	3574	1225	2938
3839	1280	3327	3819	1224	2938
4095	1280	3327	4068	1222	2937
0	1536	3327	121	1453	2942
256	1536	3327	368	1453	2939
512	1536	3327	615	1454	2939
768	1536	3327	864	1456	2939
1024	1536	3327	1111	1458	2940
1280	1536	3327	1361	1457	2939
1536	1536	3327	1607	1458	2939
1792	1536	3327	1852	1459	2939
2048	1536	3327	2096	1460	2939
2303	1536	3327	2350	1462	2938
2559	1536	3327	2598	1461	2938
2815	1536	3327	2845	1463	2938
3071	1536	3327	3088	1464	2937
3327	1536	3327	3328	1465	2938
3583	1536	3327	3574	1465	2937
3839	1536	3327	3817	1463	2937
4095	1536	3327	4068	1462	2936
0	1792	3327	122	1690	2941
256	1792	3327	368	1690	2939
512	1792	3327	616	1691	2939
768	1792	3327	864	1693	2939
1024	1792	3327	1111	1694	2938
1280	1792	3327	1360	1694	2938
1536	1792	3327	1607	1695	2938
1792	1792	3327	1852	1696	2939
2048	1792	3327	2097	1697	2938
2303	1792	3327	2349	1699	2937
2559	1792	3327	2599	1698	2937
2815	1792	3327	2844	1699	2937
3071	1792	3327	3089	1700	2937
3327	1792	3327	3327	1701	2936
3583	1792	3327	3573	1700	2937
3839	1792	3327	3817	1699	2935
4095	1792	3327	4068	1699	2935
0	2048	3327	122	1929	2941
256	2048	3327	368	1930	2939
512	2048	3327	616	1930	2939
768	2048	3327	863	1932	2938
1024	2048	3327	1112	1932	2937
1280	2048	3327	1361	1933	2938
1536	2048	3327	1608	1935	2938
1792	2048	3327	1852	1935	2937
2048	2048	3327	2097	1936	2937
2303	2048	3327	2349	1936	2937
2559	2048	3327	2600	1937	2936
2815	2048	3327	2844	1938	2937
3071	2048	3327	3088	1937	2935
3327	2048	3327	3327	1938	2936
3583	2048	3327	3572	1939	2935
3839	2048	3327	3818	1938	2935
4095	2048	3327	4068	1938	2934
0	2303	3327	122	2167	2940
256	2303	3327	369	2168	2938
512	2303	3327	617	2168	2938
768	2303	3327	864	2169	2937
1024	2303	3327	1113	2169	2937
1280	2303	3327	1363	2171	2938
1536	2303	3327	1608	2172	2937
1792	2303	3327	1853	2172	2936
2048	2303	3327	2096	2173	2936
2303	2303	3327	2350	2173	2936
2559	2303	3327	2599	2174	2936
2815	2303	3327	2845	2176	2935
3071	2303	3327	3088	2174	2934
3327	2303	3327	3327	2175	2934
3583	2303	3327	3573	2176	2933
3839	2303	3327	3818	2176	2934
4095	2303	3327	4069	2176	2933
0	2559	3327	121	2411	2938
256	2559	3327	369	2410	2937
512	2559	3327	617	2412	2936
768	2559	3327	864	2412	2936
1024	2559	3327	1112	2412	2936
1280	2559	3327	1363	2415	2937
1536	2559	3327	1609	2416	2936
1792	2559	3327	1854	2416	2936
2048	2559	3327	2097	2417	2935
2303	2559	3327	2350	2417	2934
2559	2559	3327	2599	2417	2934
2815	2559	3327	2845	2419	2934
3071	2559	3327	3090	2420	2934
3327	2559	3327	3328	2420	2933
3583	2559	3327	3573	2419	2933
3839	2559	3327	3818	2420	2932
4095	2559	3327	4069	2420	2932
0	2815	3327	121	2659	2939
256	2815	3327	368	2657	2936
512	2815	3327	616	2658	2936
768	2815	3327	864	2660	2935
1024	2815	3327	1112	2660	2935
1280	2815	3327	1362	2662	2936
1536	2815	3327	1609	2662	2935
1792	2815	3327	1853	2663	2935
2048	2815	3327	2097	2663	2934
2303	2815	3327	2349	2664	2934
2559	2815	3327	2599	2664	2933
2815	2815	3327	2844	2665	2934
3071	2815	3327	3089	2666	2933
3327	2815	3327	3327	2667	2933
3583	2815	3327	3574	2667	2933
3839	2815	3327	3818	2667	2933
4095	2815	3327	4068	2667	2932
0	3071	3327	121	2898	2937
256	3071	3327	368	2896	2935
512	3071	3327	617	2897	2935
768	3071	3327	864	2898	2934
1024	3071	3327	1112	2898	2935
1280	3071	3327	1362	2900	2934
1536	3071	3327	1608	2900	2935
1792	3071	3327	1852	2901	2933
2048	3071	3327	2097	2901	2934
2303	3071	3327	2350	2902	2933
2559	3071	3327	2599	2903	2933
2815	3071	3327	2844	2903	2932
3071	3071	3327	3089	2903	2931
3327	3071	3327	3327	2905	2932
3583	3071	3327	3573	2904	2931
3839	3071	3327	3817	2905	2931
4095	3071	3327	4067	2905	2930
0	3327	3327	121	3133	2935
256	3327	3327	368	3132	2935
512	3327	3327	617	3132	2934
768	3327	3327	864	3132	2934
1024	3327	3327	1112	3133	2933
1280	3327	3327	1362	3134	2933
1536	3327	3327	1607	3134	2932
1792	3327	3327	1852	3135	2933
2048	3327	3327	2096	3135	2932
2303	3327	3327	2350	3136	2931
2559	3327	3327	2599	3137	2931
2815	3327	3327	2845	3137	2931
3071	3327	3327	3088	3138	2932
3327	3327	3327	3328	3140	2931
3583	3327	3327	3574	3140	2931
3839	3327	3327	3818	3140	2930
4095	3327	3327	4068	3139	2930
0	3583	3327	120	3361	2935
256	3583	3327	368	3359	2933
512	3583	3327	616	3360	2934
768	3583	3327	864	3360	2932
1024	3583	3327	1111	3361	2932
1280	3583	3327	1363	3362	2932
1536	3583	3327	1608	3362	2932
1792	3583	3327	1853	3363	2931
2048	3583	3327	2096	3363	2930
2303	3583	3327	2350	3364	2930
2559	3583	3327	2598	3364	2930
2815	3583	3327	2845	3365	2930
3071	3583	3327	3089	3366	2930
3327	3583	3327	3328	3366	2930
3583	3583	3327	3574	3368	2929
3839	3583	3327	3818	3368	2929
4095	3583	3327	4069	3368	2928
0	3839	3327	120	3605	2933
256	3839	3327	367	3604	2933
512	3839	3327	616	3606	2933
768	3839	3327	864	3605	2932
1024	3839	3327	1111	3606	2932
1280	3839	3327	1362	3606	2932
1536	3839	3327	1608	3607	2931
1792	3839	3327	1851	3607	2929
2048	3839	3327	2095	3607	2930
2303	3839	3327	2348	3608	2929
2559	3839	3327	2599	3609	2930
2815	3839	3327	2845	3609	2929
3071	3839	3327	3090	3610	2930
3327	3839	3327	3328	3611	2929
3583	3839	3327	3574	3611	2928
3839	3839	3327	3818	3611	2928
4095	3839	3327	4069	3610	2926
0	4095	3327	120	3846	2931
256	4095	3327	365	3843	2931
512	4095	3327	614	3844	2930
768	4095	3327	861	3844	2930
1024	4095	3327	1110	3845	2929
1280	4095	3327	1360	3845	2930
1536	4095	3327	1607	3846	2928
1792	4095	3327	1850	3847	2928
2048	4095	3327	2095	3847	2927
2303	4095	3327	2348	3847	2926
2559	4095	3327	2599	3847	2927
2815	4095	3327	2845	3848	2927
3071	4095	3327	3091	3849	2928
3327	4095	3327	3329	3849	2926
3583	4095	3327	3575	3850	2926
3839	4095	3327	3819	3850	2926
4095	4095	3327	4068	3849	2925
0	0	3583	131	3	3164
256	0	3583	376	3	3162
512	0	3583	624	4	3163
768	0	3583	872	4	3162
1024	0	3583	1119	4	3163
1280	0	3583	1370	4	3162
1536	0	3583	1615	4	3162
1792	0	3583	1861	4	3162
2048	0	3583	2106	5	3163
2303	0	3583	2360	5	3162
2559	0	3583	2608	5	3162
2815	0	3583	2855	6	3158
3071	0	3583	3099	7	3158
3327	0	3583	3339	8	3157
3583	0	3583	3584	8	3157
3839	0	3583	3829	9	3157
4095	0	3583	4078	9	3155
0	256	3583	131	244	3161
256	256	3583	375	245	3160
512	256	3583	623	245	3159
768	256	3583	870	246	3159
1024	256	3583	1118	248	3158
1280	256	3583	1368	248	3159
1536	256	3583	1613	249	3158
1792	256	3583	1858	250	3159
2048	256	3583	2105	251	3159
2303	256	3583	2358	252	3158
2559	256	3583	2606	252	3158
2815	256	3583	2851	253	3157
3071	256	3583	3095	254	3157
3327	256	3583	3335	254	3157
3583	256	3583	3582	255	3157
3839	256	3583	3826	254	3156
4095	256	3583	4076	252	3156
0	512	3583	131	484	3159
256	512	3583	375	485	3156
512	512	3583	624	486	3156
768	512	3583	870	487	3155
1024	512	3583	1119	488	3155
1280	512	3583	1369	489	3156
1536	512	3583	1615	490	3155
1792	512	3583	1859	490	3155
2048	512	3583	2105	491	3155
2303	512	3583	2356	492	3155
2559	512	3583	2608	493	3155
2815	512	3583	2852	493	3154
3071	512	3583	3097	494	3154
3327	512	3583	3335	495	3154
3583	512	3583	3582	495	3154
3839	512	3583	3826	494	3155
4095	512	3583	4076	492	3153
0	768	3583	131	726	3158
256	768	3583	376	727	3155
512	768	3583	624	728	3155
768	768	3583	872	730	3155
1024	768	3583	1120	730	3155
1280	768	3583	1370	731	3155
1536	768	3583	1615	732	3155
1792	768	3583	1859	732	3154
2048	768	3583	2106	734	3155
2303	768	3583	2358	735	3154
2559	768	3583	2608	736	3155
2815	768	3583	2853	736	3154
3071	768	3583	3096	736	3154
3327	768	3583	3335	738	3153
3583	768	3583	3582	738	3153
3839	768	3583	3827	737	3153
4095	768	3583	4076	734	3151
0	1024	3583	130	968	3157
256	1024	3583	376	969	3155
512	1024	3583	624	970	3154
768	1024	3583	872	971	3154
1024	1024	3583	1119	971	3153
1280	1024	3583	1370	973	3154
1536	1024	3583	1616	974	3154
1792	1024	3583	1860	974	3154
2048	1024	3583	2105	976	3154
2303	1024	3583	2357	975	3153
2559	1024	3583	2607	977	3153
2815	1024	3583	2853	978	3153
3071	1024	3583	3096	978	3153
3327	1024	3583	3335	979	3152
3583	1024	3583	3582	979	3153
3839	1024	3583	3826	979	3153
4095	1024	3583	4076	976	3152
0	1280	3583	131	1214	3157
256	1280	3583	376	1214	3154
512	1280	3583	624	1215	3154
768	1280	3583	872	1217	3153
1024	1280	3583	1120	1217	3153
1280	1280	3583	1370	1218	3153
1536	1280	3583	1616	1220	3153
1792	1280	3583	1861	1220	3153
2048	1280	3583	2106	1222	3153
2303	1280	3583	2357	1222	3152
2559	1280	3583	2607	1222	3152
2815	1280	3583	2853	1224	3152
3071	1280	3583	3096	1224	3151
3327	1280	3583	3335	1225	3152
3583	1280	3583	3582	1224	3151
3839	1280	3583	3826	1225	3152
4095	1280	3583	4077	1222	3151
0	1536	3583	131	1453	3156
256	1536	3583	375	1453	3153
512	1536	3583	624	1455	3153
768	1536	3583	872	1457	3152
1024	1536	3583	1120	1457	3152
1280	1536	3583	1369	1458	3152
1536	1536	3583	1616	1458	3152
1792	1536	3583	1860	1460	3152
2048	1536	3583	2106	1461	3152
2303	1536	3583	2357	1461	3151
2559	1536	3583	2607	1461	3151
2815	1536	3583	2852	1462	3151
3071	1536	3583	3096	1463	3150
3327	1536	3583	3335	1465	3151
3583	1536	3583	3582	1464	3150
3839	1536	3583	3825	1464	3150
4095	1536	3583	4075	1463	3149
0	1792	3583	131	1689	3154
256	1792	3583	375	1689	3152
512	1792	3583	624	1691	3151
768	1792	3583	871	1693	3152
1024	1792	3583	1120	1693	3151
1280	1792	3583	1369	1695	3151
1536	1792	3583	1614	1695	3151
1792	1792	3583	1860	1696	3151
2048	1792	3583	2104	1697	3150
2303	1792	3583	2358	1698	3150
2559	1792	3583	2606	1698	3150
2815	1792	3583	2852	1698	3149
3071	1792	3583	3096	1700	3151
3327	1792	3583	3335	1701	3150
3583	1792	3583	3581	1699	3150
3839	1792	3583	3825	1699	3149
4095	1792	3583	4076	1698	3149
0	2048	3583	130	1930	3154
256	2048	3583	376	1930	3152
512	2048	3583	623	1931	3152
768	2048	3583	871	1931	3151
1024	2048	3583	1119	1932	3151
1280	2048	3583	1370	1934	3151
1536	2048	3583	1615	1934	3151
1792	2048	3583	1860	1935	3151
2048	2048	3583	2104	1935	3150
2303	2048	3583	2357	1936	3150
2559	2048	3583	2606	1937	3149
2815	2048	3583	2853	1937	3150
3071	2048	3583	3096	1938	3149
3327	2048	3583	3335	1938	3149
3583	2048	3583	3581	1938	3149
3839	2048	3583	3825	1938	3148
4095	2048	3583	4076	1938	3148
0	2303	3583	130	2168	3154
256	2303	3583	377	2168	3151
512	2303	3583	625	2169	3151
768	2303	3583	873	2169	3150
1024	2303	3583	1120	2170	3151
1280	2303	3583	1371	2172	3151
1536	2303	3583	1617	2172	3151
1792	2303	3583	1860	2173	3150
2048	2303	3583	2105	2172	3150
2303	2303	3583	2357	2173	3149
2559	2303	3583	2607	2174	3149
2815	2303	3583	2853	2175	3148
3071	2303	3583	3096	2175	3148
3327	2303	3583	3335	2176	3148
3583	2303	3583	3581	2176	3147
3839	2303	3583	3825	2176	3147
4095	2303	3583	4076	2175	3147
0	2559	3583	131	2411	3152
256	2559	3583	376	2411	3151
512	2559	3583	625	2413	3150
768	2559	3583	872	2412	3150
1024	2559	3583	1121	2414	3149
1280	2559	3583	1371	2416	3151
1536	2559	3583	1618	2416	3150
1792	2559	3583	1861	2417	3150
2048	2559	3583	2106	2416	3148
2303	2559	3583	2358	2417	3147
2559	2559	3583	2607	2418	3148
2815	2559	3583	2853	2419	3148
3071	2559	3583	3098	2420	3149
3327	2559	3583	3335	2419	3147
3583	2559	3583	3582	2421	3148
3839	2559	3583	3826	2421	3147
4095	2559	3583	4076	2421	3147
0	2815	3583	130	2659	3152
256	2815	3583	376	2659	3150
512	2815	3583	625	2660	3150
768	2815	3583	872	2660	3149
1024	2815	3583	1121	2661	3150
1280	2815	3583	1371	2662	3150
1536	2815	3583	1616	2663	3149
1792	2815	3583	1861	2663	3149
2048	2815	3583	2104	2663	3148
2303	2815	3583	2357	2664	3148
2559	2815	3583	2606	2664	3147
2815	2815	3583	2853	2666	3148
3071	2815	3583	3097	2667	3147
3327	2815	3583	3335	2667	3148
3583	2815	3583	3582	2668	3148
3839	2815	3583	3826	2668	3147
4095	2815	3583	4076	2668	3146
0	3071	3583	130	2898	3151
256	3071	3583	376	2898	3149
512	3071	3583	625	2899	3150
768	3071	3583	873	2899	3149
1024	3071	3583	1120	2900	3149
1280	3071	3583	1371	2900	3148
1536	3071	3583	1617	2901	3148
1792	3071	3583	1861	2902	3147
2048	3071	3583	2105	2901	3147
2303	3071	3583	2358	2903	3147
2559	3071	3583	2607	2902	3147
2815	3071	3583	2853	2903	3146
3071	3071	3583	3095	2903	3146
3327	3071	3583	3336	2905	3147
3583	3071	3583	3582	2906	3146
3839	3071	3583	3825	2906	3146
4095	3071	3583	4075	2906	3145
0	3327	3583	130	3133	3149
256	3327	3583	377	3133	3148
512	3327	3583	625	3132	3147
768	3327	3583	873	3133	3147
1024	3327	3583	1121	3134	3147
1280	3327	3583	1371	3134	3147
1536	3327	3583	1616	3135	3146
1792	3327	3583	1860	3135	3147
2048	3327	3583	2105	3135	3146
2303	3327	3583	2357	3137	3146
2559	3327	3583	2607	3137	3144
2815	3327	3583	2852	3137	3143
3071	3327	3583	3095	3137	3145
3327	3327	3583	3335	3139	3145
3583	3327	3583	3582	3140	3145
3839	3327	3583	3825	3140	3144
4095	3327	3583	4076	3140	3144
0	3583	3583	130	3361	3148
256	3583	3583	376	3360	3147
512	3583	3583	625	3360	3147
768	3583	3583	872	3360	3146
1024	3583	3583	1121	3362	3147
1280	3583	3583	1371	3362	3146
1536	3583	3583	1617	3363	3146
1792	3583	3583	1861	3363	3145
2048	3583	3583	2106	3364	3144
2303	3583	3583	2358	3365	3144
2559	3583	3583	2607	3364	3143
2815	3583	3583	2852	3365	3144
3071	3583	3583	3097	3366	3144
3327	3583	3583	3336	3367	3145
3583	3583	3583	3583	3369	3144
3839	3583	3583	3826	3368	3143
4095	3583	3583	4076	3368	3143
0	3839	3583	129	3606	3146
256	3839	3583	374	3605	3146
512	3839	3583	624	3605	3146
768	3839	3583	871	3606	3145
1024	3839	3583	1120	3606	3145
1280	3839	3583	1369	3607	3145
1536	3839	3583	1616	3608	3145
1792	3839	3583	1859	3607	3144
2048	3839	3583	2103	3608	3143
2303	3839	3583	2356	3609	3142
2559	3839	3583	2606	3608	3144
2815	3839	3583	2853	3610	3143
3071	3839	3583	3096	3610	3143
3327	3839	3583	3336	3611	3143
3583	3839	3583	3581	3611	3142
3839	3839	3583	3826	3611	3142
4095	3839	3583	4076	3611	3141
0	4095	3583	128	3846	3144
256	4095	3583	373	3844	3144
512	4095	3583	621	3844	3144
768	4095	3583	870	3845	3144
1024	4095	3583	1117	3844	3143
1280	4095	3583	1368	3846	3143
1536	4095	3583	1614	3847	3142
1792	4095	3583	1859	3847	3142
2048	4095	3583	2102	3848	3141
2303	4095	3583	2356	3847	3142
2559	4095	3583	2607	3848	3141
2815	4095	3583	2854	3849	3141
3071	4095	3583	3098	3849	3141
3327	4095	3583	3337	3850	3140
3583	4095	3583	3583	3850	3141
3839	4095	3583	3826	3850	3140
4095	4095	3583	4077	3850	3140
0	0	3839	140	3	3387
256	0	3839	384	4	3386
512	0	3839	633	4	3386
768	0	3839	880	4	3385
1024	0	3839	1129	4	3385
1280	0	3839	1378	5	3384
1536	0	3839	1624	5	3384
1792	0	3839	1869	5	3384
2048	0	3839	2116	5	3384
2303	0	3839	2368	5	3383
2559	0	3839	2618	5	3383
2815	0	3839	2863	6	3378
3071	0	3839	3107	7	3378
3327	0	3839	3347	8	3377
3583	0	3839	3593	8	3378
3839	0	3839	3837	9	3377
4095	0	3839	4085	10	3375
0	256	3839	140	244	3383
256	256	3839	383	244	3381
512	256	3839	631	245	3379
768	256	3839	878	246	3380
1024	256	3839	1127	247	3379
1280	256	3839	1376	248	3380
1536	256	3839	1622	248	3379
1792	256	3839	1868	250	3380
2048	256	3839	2114	251	3379
2303	256	3839	2367	252	3380
2559	256	3839	2616	252	3378
2815	256	3839	2861	253	3377
3071	256	3839	3103	253	3377
3327	256	3839	3344	254	3377
3583	256	3839	3589	254	3377
3839	256	3839	3834	254	3376
4095	256	3839	4084	252	3376
0	512	3839	139	484	3381
256	512	3839	384	484	3377
512	512	3839	631	486	3377
768	512	3839	879	487	3376
1024	512	3839	1128	488	3377
1280	512	3839	1378	489	3377
1536	512	3839	1623	489	3375
1792	512	3839	1869	490	3376
2048	512	3839	2115	492	3376
2303	512	3839	2367	492	3376
2559	512	3839	2616	493	3375
2815	512	3839	2862	493	3375
3071	512	3839	3105	495	3374
3327	512	3839	3344	495	3374
3583	512	3839	3590	494	3373
3839	512	3839	3835	495	3374
4095	512	3839	4084	492	3372
0	768	3839	140	726	3379
256	768	3839	385	727	3377
512	768	3839	632	728	3376
768	768	3839	881	729	3376
1024	768	3839	1129	730	3376
1280	768	3839	1379	731	3375
1536	768	3839	1624	731	3375
1792	768	3839	1868	732	3374
2048	768	3839	2115	734	3376
2303	768	3839	2366	734	3374
2559	768	3839	2616	735	3374
2815	768	3839	2861	735	3373
3071	768	3839	3104	736	3373
3327	768	3839	3343	738	3372
3583	768	3839	3591	737	3374
3839	768	3839	3834	737	3372
4095	768	3839	4084	734	3371
0	1024	3839	139	967	3377
256	1024	3839	384	968	3376
512	1024	3839	633	970	3375
768	1024	3839	879	970	3375
1024	1024	3839	1129	972	3375
1280	1024	3839	1379	974	3375
1536	1024	3839	1625	974	3374
1792	1024	3839	1870	975	3375
2048	1024	3839	2115	975	3374
2303	1024	3839	2366	976	3373
2559	1024	3839	2617	977	3373
2815	1024	3839	2862	978	3372
3071	1024	3839	3105	978	3372
3327	1024	3839	3344	979	3371
3583	1024	3839	3591	979	3372
3839	1024	3839	3835	979	3372
4095	1024	3839	4084	975	3371
0	1280	3839	140	1212	3377
256	1280	3839	384	1214	3374
512	1280	3839	633	1216	3374
768	1280	3839	880	1216	3373
1024	1280	3839	1129	1217	3374
1280	1280	3839	1379	1219	3373
1536	1280	3839	1625	1220	3373
1792	1280	3839	1870	1222	3374
2048	1280	3839	2115	1221	3372
2303	1280	3839	2367	1222	3372
2559	1280	3839	2616	1223	3371
2815	1280	3839	2862	1224	3372
3071	1280	3839	3104	1224	3370
3327	1280	3839	3343	1224	3370
3583	1280	3839	3589	1224	3370
3839	1280	3839	3835	1225	3371
4095	1280	3839	4084	1221	3369
0	1536	3839	139	1452	3376
256	1536	3839	384	1453	3374
512	1536	3839	632	1456	3373
768	1536	3839	880	1456	3372
1024	1536	3839	1128	1457	3372
1280	1536	3839	1378	1458	3372
1536	1536	3839	1624	1459	3372
1792	1536	3839	1870	1461	3372
2048	1536	3839	2115	1461	3372
2303	1536	3839	2367	1462	3371
2559	1536	3839	2616	1462	3371
2815	1536	3839	2861	1463	3370
3071	1536	3839	3103	1463	3369
3327	1536	3839	3343	1464	3369
3583	1536	3839	3589	1464	3370
3839	1536	3839	3834	1465	3369
4095	1536	3839	4084	1462	3368
0	1792	3839	139	1689	3374
256	1792	3839	384	1690	3373
512	1792	3839	632	1692	3372
768	1792	3839	880	1692	3372
1024	1792	3839	1128	1694	3371
1280	1792	3839	1378	1695	3372
1536	1792	3839	1624	1696	3371
1792	1792	3839	1868	1696	3371
2048	1792	3839	2113	1696	3370
2303	1792	3839	2365	1697	3370
2559	1792	3839	2615	1697	3369
2815	1792	3839	2859	1698	3368
3071	1792	3839	3104	1700	3369
3327	1792	3839	3343	1700	3368
3583	1792	3839	3589	1699	3368
3839	1792	3839	3833	1699	3367
4095	1792	3839	4084	1699	3368
0	2048	3839	139	1929	3375
256	2048	3839	384	1930	3372
512	2048	3839	632	1930	3372
768	2048	3839	879	1931	3371
1024	2048	3839	1128	1933	3371
1280	2048	3839	1378	1934	3371
1536	2048	3839	1624	1935	3370
1792	2048	3839	1867	1934	3370
2048	2048	3839	2113	1934	3368
2303	2048	3839	2365	1936	3369
2559	2048	3839	2615	1936	3368
2815	2048	3839	2860	1937	3369
3071	2048	3839	3104	1938	3367
3327	2048	3839	3343	1938	3368
3583	2048	3839	3589	1938	3367
3839	2048	3839	3833	1938	3367
4095	2048	3839	4083	1938	3366
0	2303	3839	140	2168	3374
256	2303	3839	385	2169	3372
512	2303	3839	633	2168	3370
768	2303	3839	880	2169	3370
1024	2303	3839	1129	2171	3370
1280	2303	3839	1379	2171	3369
1536	2303	3839	1625	2173	3370
1792	2303	3839	1869	2172	3368
2048	2303	3839	2113	2172	3368
2303	2303	3839	2366	2173	3367
2559	2303	3839	2615	2174	3368
2815	2303	3839	2861	2175	3367
3071	2303	3839	3103	2174	3367
3327	2303	3839	3343	2176	3366
3583	2303	3839	3589	2177	3367
3839	2303	3839	3834	2176	3365
4095	2303	3839	4084	2175	3364
0	2559	3839	139	2412	3372
256	2559	3839	385	2413	3371
512	2559	3839	633	2413	3370
768	2559	3839	881	2414	3370
1024	2559	3839	1130	2415	3369
1280	2559	3839	1380	2416	3370
1536	2559	3839	1625	2417	3369
1792	2559	3839	1870	2416	3369
2048	2559	3839	2114	2417	3367
2303	2559	3839	2367	2418	3368
2559	2559	3839	2616	2418	3367
2815	2559	3839	2862	2420	3367
3071	2559	3839	3105	2420	3367
3327	2559	3839	3344	2421	3366
3583	2559	3839	3590	2421	3366
3839	2559	3839	3835	2421	3365
4095	2559	3839	4084	2421	3365
0	2815	3839	139	2659	3372
256	2815	3839	385	2660	3370
512	2815	3839	633	2661	3370
768	2815	3839	881	2661	3369
1024	2815	3839	1129	2661	3369
1280	2815	3839	1380	2663	3368
1536	2815	3839	1625	2663	3368
1792	2815	3839	1868	2663	3367
2048	2815	3839	2114	2664	3366
2303	2815	3839	2366	2664	3366
2559	2815	3839	2616	2665	3365
2815	2815	3839	2861	2667	3366
3071	2815	3839	3105	2667	3365
3327	2815	3839	3343	2667	3365
3583	2815	3839	3589	2668	3365
3839	2815	3839	3834	2668	3365
4095	2815	3839	4084	2668	3363
0	3071	3839	139	2898	3370
256	3071	3839	384	2898	3369
512	3071	3839	634	2899	3368
768	3071	3839	881	2900	3367
1024	3071	3839	1129	2899	3367
1280	3071	3839	1379	2901	3366
1536	3071	3839	1625	2901	3366
1792	3071	3839	1868	2901	3366
2048	3071	3839	2114	2902	3366
2303	3071	3839	2366	2902	3365
2559	3071	3839	2615	2903	3365
2815	3071	3839	2860	2904	3363
3071	3071	3839	3104	2903	3363
3327	3071	3839	3343	2905	3363
3583	3071	3839	3590	2906	3364
3839	3071	3839	3833	2906	3363
4095	3071	3839	4083	2906	3362
0	3327	3839	139	3133	3368
256	3327	3839	384	3132	3367
512	3327	3839	634	3133	3366
768	3327	3839	881	3134	3366
1024	3327	3839	1130	3134	3366
1280	3327	3839	1379	3135	3366
1536	3327	3839	1625	3135	3365
1792	3327	3839	1869	3136	3365
2048	3327	3839	2113	3137	3364
2303	3327	3839	2366	3137	3364
2559	3327	3839	2616	3138	3363
2815	3327	3839	2860	3137	3361
3071	3327	3839	3103	3137	3363
3327	3327	3839	3344	3140	3362
3583	3327	3839	3589	3140	3362
3839	3327	3839	3834	3140	3361
4095	3327	3839	4084	3141	3362
0	3583	3839	138	3362	3367
256	3583	3839	385	3360	3365
512	3583	3839	633	3361	3365
768	3583	3839	882	3362	3365
1024	3583	3839	1130	3362	3365
1280	3583	3839	1380	3363	3364
1536	3583	3839	1625	3363	3364
1792	3583	3839	1870	3364	3363
2048	3583	3839	2114	3365	3362
2303	3583	3839	2367	3365	3362
2559	3583	3839	2616	3365	3361
2815	3583	3839	2862	3366	3362
3071	3583	3839	3106	3367	3361
3327	3583	3839	3345	3369	3361
3583	3583	3839	3591	3368	3361
3839	3583	3839	3835	3369	3361
4095	3583	3839	4085	3369	3360
0	3839	3839	137	3607	3365
256	3839	3839	383	3604	3364
512	3839	3839	631	3605	3364
768	3839	3839	879	3606	3363
1024	3839	3839	1127	3607	3363
1280	3839	3839	1378	3607	3362
1536	3839	3839	1623	3607	3362
1792	3839	3839	1867	3608	3361
2048	3839	3839	2112	3609	3361
2303	3839	3839	2365	3609	3360
2559	3839	3839	2615	3609	3360
2815	3839	3839	2860	3609	3360
3071	3839	3839	3105	3610	3360
3327	3839	3839	3343	3612	3360
3583	3839	3839	3591	3612	3360
3839	3839	3839	3835	3613	3359
4095	3839	3839	4085	3611	3358
0	4095	3839	137	3845	3361
256	4095	3839	381	3843	3362
512	4095	3839	630	3845	3362
768	4095	3839	877	3845	3362
1024	4095	3839	1126	3846	3361
1280	4095	3839	1376	3846	3361
1536	4095	3839	1622	3846	3359
1792	4095	3839	1866	3847	3359
2048	4095	3839	2111	3847	3359
2303	4095	3839	2364	3848	3359
2559	4095	3839	2616	3849	3358
2815	4095	3839	2862	3849	3357
3071	4095	3839	3106	3849	3358
3327	4095	3839	3345	3850	3357
3583	4095	3839	3591	3850	3357
3839	4095	3839	3835	3851	3357
4095	4095	3839	4085	3850	3356
0	0	4095	150	3	3629
256	0	4095	394	3	3629
512	0	4095	642	3	3628
768	0	4095	889	3	3627
1024	0	4095	1137	4	3628
1280	0	4095	1388	4	3627
1536	0	4095	1633	4	3628
1792	0	4095	1879	4	3627
2048	0	4095	2125	4	3627
2303	0	4095	2377	5	3626
2559	0	4095	2627	4	3626
2815	0	4095	2873	5	3626
3071	0	4095	3115	6	3619
3327	0	4095	3356	6	3619
3583	0	4095	3602	7	3619
3839	0	4095	3847	8	3619
4095	0	4095	4095	8	3618
0	256	4095	148	241	3624
256	256	4095	393	243	3622
512	256	4095	640	244	3621
768	256	4095	887	244	3621
1024	256	4095	1135	245	3621
1280	256	4095	1384	245	3621
1536	256	4095	1630	246	3620
1792	256	4095	1877	248	3621
2048	256	4095	2123	248	3620
2303	256	4095	2375	250	3620
2559	256	4095	2624	251	3619
2815	256	4095	2869	250	3620
3071	256	4095	3112	251	3618
3327	256	4095	3352	252	3618
3583	256	4095	3598	252	3618
3839	256	4095	3843	252	3618
4095	256	4095	4093	249	3617
0	512	4095	149	481	3622
256	512	4095	392	482	3619
512	512	4095	641	484	3619
768	512	4095	888	485	3619
1024	512	4095	1137	486	3619
1280	512	4095	1385	486	3618
1536	512	4095	1631	487	3618
1792	512	4095	1876	488	3618
2048	512	4095	2124	489	3618
2303	512	4095	2376	490	3617
2559	512	4095	2627	491	3617
2815	512	4095	2872	492	3617
3071	512	4095	3115	493	3616
3327	512	4095	3353	492	3616
3583	512	4095	3600	493	3616
3839	512	4095	3844	492	3617
4095	512	4095	4094	489	3614
0	768	4095	149	723	3621
256	768	4095	393	725	3618
512	768	4095	641	725	3617
768	768	4095	889	727	3617
1024	768	4095	1139	729	3618
1280	768	4095	1387	729	3617
1536	768	4095	1633	729	3616
1792	768	4095	1877	731	3616
2048	768	4095	2123	731	3617
2303	768	4095	2376	732	3616
2559	768	4095	2624	732	3616
2815	768	4095	2870	733	3615
3071	768	4095	3113	734	3615
3327	768	4095	3352	734	3614
3583	768	4095	3599	735	3616
3839	768	4095	3844	733	3615
4095	768	4095	4093	731	3614
0	1024	4095	149	964	3619
256	1024	4095	393	966	3617
512	1024	4095	641	966	3616
768	1024	4095	889	968	3616
1024	1024	4095	1138	970	3616
1280	1024	4095	1388	971	3616
1536	1024	4095	1632	971	3615
1792	1024	4095	1878	972	3616
2048	1024	4095	2124	973	3615
2303	1024	4095	2376	974	3615
2559	1024	4095	2625	974	3614
2815	1024	4095	2871	976	3615
3071	1024	4095	3113	976	3614
3327	1024	4095	3353	976	3613
3583	1024	4095	3598	977	3614
3839	1024	4095	3843	975	3613
4095	1024	4095	4092	973	3612
0	1280	4095	148	1210	3619
256	1280	4095	393	1212	3616
512	1280	4095	641	1213	3616
768	1280	4095	890	1215	3615
1024	1280	4095	1138	1216	3616
1280	1280	4095	1388	1217	3615
1536	1280	4095	1634	1218	3615
1792	1280	4095	1879	1218	3615
2048	1280	4095	2124	1219	3614
2303	1280	4095	2376	1220	3614
2559	1280	4095	2626	1221	3613
2815	1280	4095	2871	1222	3614
3071	1280	4095	3115	1222	3613
3327	1280	4095	3352	1222	3612
3583	1280	4095	3599	1223	3612
3839	1280	4095	3842	1222	3612
4095	1280	4095	4093	1219	3611
0	1536	4095	148	1451	3618
256	1536	4095	393	1452	3616
512	1536	4095	642	1454	3615
768	1536	4095	889	1455	3615
1024	1536	4095	1138	1455	3615
1280	1536	4095	1387	1456	3614
1536	1536	4095	1634	1458	3614
1792	1536	4095	1879	1459	3614
2048	1536	4095	2125	1459	3614
2303	1536	4095	2376	1460	3613
2559	1536	4095	2626	1461	3614
2815	1536	4095	2871	1462	3613
3071	1536	4095	3114	1462	3612
3327	1536	4095	3353	1463	3612
3583	1536	4095	3599	1463	3612
3839	1536	4095	3842	1462	3611
4095	1536	4095	4093	1460	3611
0	1792	4095	149	1688	3616
256	1792	4095	393	1689	3615
512	1792	4095	642	1690	3614
768	1792	4095	888	1691	3614
1024	1792	4095	1138	1692	3613
1280	1792	4095	1387	1693	3613
1536	1792	4095	1633	1694	3613
1792	1792	4095	1878	1694	3613
2048	1792	4095	2122	1695	3612
2303	1792	4095	2375	1695	3612
2559	1792	4095	2624	1696	3612
2815	1792	4095	2870	1697	3612
3071	1792	4095	3112	1697	3611
3327	1792	4095	3353	1699	3611
3583	1792	4095	3597	1697	3610
3839	1792	4095	3842	1698	3609
4095	1792	4095	4092	1697	3609
0	2048	4095	149	1928	3617
256	2048	4095	393	1928	3614
512	2048	4095	641	1930	3614
768	2048	4095	889	1931	3613
1024	2048	4095	1138	1931	3613
1280	2048	4095	1388	1933	3613
1536	2048	4095	1633	1933	3612
1792	2048	4095	1876	1932	3611
2048	2048	4095	2121	1933	3610
2303	2048	4095	2375	1934	3612
2559	2048	4095	2624	1935	3610
2815	2048	4095	2870	1936	3610
3071	2048	4095	3112	1936	3609
3327	2048	4095	3353	1938	3611
3583	2048	4095	3598	1936	3610
3839	2048	4095	3843	1937	3610
4095	2048	4095	4092	1936	3609
0	2303	4095	148	2167	3615
256	2303	4095	394	2167	3614
512	2303	4095	642	2168	3612
768	2303	4095	890	2169	3613
1024	2303	4095	1139	2170	3612
1280	2303	4095	1389	2171	3612
1536	2303	4095	1634	2171	3612
1792	2303	4095	1878	2171	3610
2048	2303	4095	2123	2171	3610
2303	2303	4095	2377	2173	3610
2559	2303	4095	2626	2174	3611
2815	2303	4095	2871	2174	3610
3071	2303	4095	3114	2174	3610
3327	2303	4095	3353	2175	3609
3583	2303	4095	3599	2175	3610
3839	2303	4095	3843	2175	3608
4095	2303	4095	4093	2174	3607
0	2559	4095	149	2411	3614
256	2559	4095	394	2411	3612
512	2559	4095	643	2412	3612
768	2559	4095	890	2412	3612
1024	2559	4095	1140	2414	3612
1280	2559	4095	1389	2415	3612
1536	2559	4095	1635	2415	3611
1792	2559	4095	1878	2416	3611
2048	2559	4095	2124	2416	3610
2303	2559	4095	2377	2417	3610
2559	2559	4095	2627	2418	3610
2815	2559	4095	2872	2419	3609
3071	2559	4095	3115	2419	3609
3327	2559	4095	3353	2420	3609
3583	2559	4095	3600	2420	3608
3839	2559	4095	3844	2421	3608
4095	2559	4095	4093	2418	3608
0	2815	4095	148	2659	3613
256	2815	4095	393	2658	3611
512	2815	4095	643	2659	3611
768	2815	4095	889	2659	3610
1024	2815	4095	1139	2661	3610
1280	2815	4095	1388	2662	3610
1536	2815	4095	1634	2662	3610
1792	2815	4095	1878	2662	3609
2048	2815	4095	2123	2662	3608
2303	2815	4095	2376	2664	3608
2559	2815	4095	2624	2664	3606
2815	2815	4095	2870	2664	3607
3071	2815	4095	3113	2666	3607
3327	2815	4095	3353	2667	3607
3583	2815	4095	3598	2666	3607
3839	2815	4095	3844	2668	3608
4095	2815	4095	4092	2666	3606
0	3071	4095	148	2896	3611
256	3071	4095	393	2896	3610
512	3071	4095	641	2897	3609
768	3071	4095	889	2897	3609
1024	3071	4095	1138	2898	3608
1280	3071	4095	1388	2900	3607
1536	3071	4095	1633	2899	3607
1792	3071	4095	1877	2900	3606
2048	3071	4095	2122	2900	3607
2303	3071	4095	2375	2901	3606
2559	3071	4095	2623	2901	3606
2815	3071	4095	2870	2902	3606
3071	3071	4095	3113	2903	3606
3327	3071	4095	3352	2903	3605
3583	3071	4095	3598	2904	3606
3839	3071	4095	3843	2906	3605
4095	3071	4095	4093	2904	3606
0	3327	4095	147	3131	3610
256	3327	4095	393	3131	3609
512	3327	4095	642	3132	3608
768	3327	4095	890	3132	3607
1024	3327	4095	1138	3133	3606
1280	3327	4095	1388	3132	3607
1536	3327	4095	1633	3133	3606
1792	3327	4095	1877	3134	3606
2048	3327	4095	2122	3134	3606
2303	3327	4095	2376	3136	3605
2559	3327	4095	2625	3135	3605
2815	3327	4095	2869	3136	3605
3071	3327	4095	3113	3137	3605
3327	3327	4095	3352	3138	3604
3583	3327	4095	3599	3139	3605
3839	3327	4095	3843	3140	3605
4095	3327	4095	4093	3139	3605
0	3583	4095	148	3360	3610
256	3583	4095	393	3360	3607
512	3583	4095	643	3361	3607
768	3583	4095	889	3360	3606
1024	3583	4095	1139	3361	3607
1280	3583	4095	1388	3362	3606
1536	3583	4095	1634	3362	3606
1792	3583	4095	1878	3364	3605
2048	3583	4095	2124	3363	3605
2303	3583	4095	2375	3364	3605
2559	3583	4095	2626	3364	3604
2815	3583	4095	2871	3365	3604
3071	3583	4095	3116	3367	3603
3327	3583	4095	3354	3367	3604
3583	3583	4095	3600	3368	3604
3839	3583	4095	3845	3369	3604
4095	3583	4095	4095	3369	3604
0	3839	4095	147	3605	3607
256	3839	4095	392	3604	3606
512	3839	4095	641	3604	3606
768	3839	4095	888	3605	3606
1024	3839	4095	1137	3606	3605
1280	3839	4095	1387	3606	3604
1536	3839	4095	1633	3607	3604
1792	3839	4095	1877	3607	3603
2048	3839	4095	2123	3608	3603
2303	3839	4095	2375	3609	3603
2559	3839	4095	2624	3609	3604
2815	3839	4095	2870	3609	3603
3071	3839	4095	3114	3611	3603
3327	3839	4095	3355	3611	3603
3583	3839	4095	3601	3612	3602
3839	3839	4095	3845	3612	3601
4095	3839	4095	4094	3612	3602
0	4095	4095	147	3844	3604
256	4095	4095	391	3843	3603
512	4095	4095	639	3843	3603
768	4095	4095	887	3844	3603
1024	4095	4095	1136	3845	3602
1280	4095	4095	1387	3845	3603
1536	4095	4095	1632	3846	3602
1792	4095	4095	1876	3846	3602
2048	4095	4095	2122	3846	3601
2303	4095	4095	2376	3848	3601
2559	4095	4095	2626	3848	3601
2815	4095	4095	2873	3849	3601
3071	4095	4095	3116	3848	3601
3327	4095	4095	3356	3850	3600
3583	4095	4095	3599	3849	3599
3839	4095	4095	3844	3849	3599
4095	4095	4095	4094	3849	3600
